doc_id,title,year,source_stratum,wos_research_areas,dominant_topic,construct_triggers,theta_T1,theta_T2,theta_T3,theta_T4,theta_T5,theta_T6,theta_T7,theta_T8
0,"Play Smart, Be Smart? Effect of Cognitively Engaging Physical Activity Interventions on Executive Function among Children 4∼12 Years Old: A Systematic Review and Meta-Analysis",2022,WoS,Neurosciences & Neurology,1,cognitively,0.3109,0.089,0.0892,0.0394,0.2605,0.0692,0.0621,0.0796
1,Intermittent intense exercise protects against cognitive decline in a similar manner to moderate exercise in chronically stressed mice,2018,WoS,Behavioral Sciences; Neurosciences & Neurology,1,cognition;cognitive;depressive;stress;stressed,0.7317,0.0903,0.0375,0.0532,0.0085,0.0587,0.0077,0.0123
2,The Cognitive Structure of the Basketball Free Throw in Adolescent Physical Education Students,2019,WoS,Neurosciences; Sport Sciences,1,cognitive;expertise;mental,0.6538,0.0264,0.0767,0.0475,0.0144,0.0633,0.0113,0.1065
3,Hand preference patterns in expert basketball players: Interrelations between basketball-specific and everyday life behavior,2014,WoS,Neurosciences & Neurology; Psychology; Sport Sciences,4,expertise,0.3167,0.0188,0.0625,0.4691,0.0096,0.1001,0.0081,0.0152
4,Health Evaluation Index of Basketball in modern sports,2023,WoS,Social Sciences - Other Topics; Psychology; Sport Sciences,6,well-being,0.0522,0.3559,0.1146,0.0688,0.0105,0.374,0.0088,0.0152
5,Transfer of motor and perceptual skills from basketball to darts,2013,WoS,Psychology,1,expertise;perceptual,0.752,0.089,0.0288,0.0498,0.0148,0.0361,0.0107,0.0188
6,Key Factors on Talent Development of Expertise Basketball Players in China,2019,WoS,Psychology,6,expertise,0.2357,0.0554,0.1076,0.048,0.0252,0.469,0.0212,0.0379
7,The Effect of physical training on the Psychological Adjustment of stage fright of basketball athletes,2023,WoS,Psychology,6,psychological,0.2295,0.1698,0.1044,0.0751,0.0712,0.2448,0.0182,0.0869
8,Enhancing Basketball Performance through Dance Culture Application Modeling in Sports Science and Enterprise Contexts,2023,WoS,Psychology,7,cohesion;engagement;motivation;well-being,0.1502,0.0579,0.2106,0.0142,0.0068,0.0621,0.403,0.0953
9,Self-regulated learning and students' metacognitive feelings in physical education,2017,WoS,Social Sciences - Other Topics; Psychology,8,cognitive,0.1563,0.0308,0.2253,0.0218,0.0115,0.2293,0.0097,0.3154
10,An investigation into procedural knowledge and decision-making:: Spanish experienced- inexperienced basketball players differences,2004,WoS,Psychology; Sport Sciences,3,decision-making,0.1584,0.0638,0.4163,0.0639,0.0322,0.1918,0.0272,0.0464
11,CAREER TRANSITION FROM JUNIOR TO SENIOR IN BASKETBALL PLAYERS,2009,WoS,Psychology,6,coping,0.2359,0.0555,0.1157,0.0572,0.0283,0.4372,0.0238,0.0464
12,Why are some people more knowledgeable than others? A longitudinal study of knowledge acquisition,2003,WoS,Psychology,3,cognitive,0.0926,0.0841,0.6325,0.0368,0.0131,0.1098,0.011,0.0201
13,Control over the processing of the opponent's gaze direction in basketball experts,2017,WoS,Psychology,1,expertise,0.4199,0.0614,0.0412,0.0322,0.2894,0.1171,0.0142,0.0246
14,Social Self-Efficacy Training Programme for Basketball-Playing Students: A Case Study,2018,WoS,Psychology,8,self-efficacy,0.0997,0.0309,0.0623,0.0525,0.0165,0.0466,0.0133,0.6782
15,Recognition accuracy by experienced men and women players of basketball,2002,WoS,Psychology,1,cognition;cognitive;perceptual,0.5159,0.0561,0.0268,0.0659,0.0426,0.2633,0.0108,0.0187
16,Basketball training increases striatum volume,2011,WoS,Neurosciences & Neurology; Psychology; Sport Sciences,1,motor,0.4007,0.0724,0.0989,0.0815,0.0178,0.1522,0.0148,0.1617
17,Decision-making in basketball and handball games: A developmental perspective,2010,WoS,Psychology,1,decision-making,0.229,0.1753,0.097,0.2266,0.0237,0.1927,0.0193,0.0363
18,PERSONALITY HARDINESS AND SUCCESS IN BASKETBALL,1992,WoS,Social Sciences - Other Topics; Psychology; Sport Sciences,8,personality,0.1258,0.1037,0.087,0.0916,0.026,0.0703,0.0757,0.4198
19,Assessment of abilities in basketball: A preliminary study,1998,WoS,Psychology,6,cognitive;perceptual;psychological,0.2366,0.0555,0.0596,0.0538,0.0283,0.5016,0.0238,0.0408
20,DISTANCE LEARNING AND ATTITUDES OF GREEK BASKETBALL COACHES,2009,WoS,Psychology,1,attitudes,0.5515,0.015,0.0167,0.0153,0.0077,0.2748,0.0065,0.1126
21,Mental Fatigue and Basketball Performance: A Systematic Review,2022,WoS,Psychology,3,cognitive;decision-making;decisions;mental,0.1687,0.2204,0.3173,0.068,0.0524,0.0647,0.0138,0.0947
22,DEVELOPMENT OF A RATING-SCALE FOR DETERMINING COMPETENCE IN BASKETBALL REFEREES - IMPLICATIONS FOR SPORT PSYCHOLOGY,1995,WoS,Social Sciences - Other Topics; Psychology; Sport Sciences,8,psychology,0.1278,0.128,0.1794,0.0273,0.0121,0.1203,0.0105,0.3946
23,GENDER DIFFERENCES IN COMPETITIVE STRESS,1995,WoS,Psychology,4,perception;stress;stressful,0.1817,0.1961,0.0795,0.206,0.0283,0.1583,0.0248,0.1253
24,"Effect of Short-Term Coaching Program to Enhance Basketball Technical Skills of Passing, Shooting, and Dribbling",2023,WoS,Psychology,3,mental;psychological,0.115,0.0754,0.3551,0.0185,0.136,0.2316,0.0294,0.0391
25,EFFECTS OF SAME-SEX VERSUS COEDUCATIONAL PHYSICAL-EDUCATION ON THE SELF-PERCEPTIONS OF MIDDLE AND HIGH-SCHOOL-STUDENTS,1993,WoS,Social Sciences - Other Topics; Psychology; Sport Sciences,8,confidence;perception,0.1419,0.0222,0.2442,0.0229,0.0112,0.065,0.0095,0.4831
26,The Role of Marxist Critical Thought of Legal Philosophy in the Construction of Students' Sports Psychology,2023,WoS,Psychology,1,cognitive;decision;decision-making;psychological;psychology,0.5447,0.0243,0.1947,0.0352,0.0107,0.1148,0.0096,0.066
27,Customer equity management in a professional player's agency: how much is worth my current player's base?,2016,WoS,Psychology,3,decisions,0.1898,0.1024,0.295,0.1091,0.0207,0.1433,0.0174,0.1223
28,Examining the Ecological Validity of the Coaching Behavior Scale (Sports) for Basketball,2009,WoS,Social Sciences - Other Topics; Psychology,6,psychology,0.386,0.0385,0.0397,0.0416,0.0182,0.3904,0.0555,0.0301
29,"Collective efficacy, cohesion and performance in spanish amateur female basketball",2013,WoS,Psychology,6,cohesion,0.1111,0.0519,0.0533,0.0479,0.0252,0.5373,0.137,0.0363
30,Multifactor characteristics in the process of development of the male expert basketball player in Spain,2005,WoS,Social Sciences - Other Topics; Psychology; Sport Sciences,6,psychology,0.2749,0.0294,0.1175,0.0291,0.0147,0.4227,0.0856,0.0262
31,Gender effects on spectators' attitudes toward WNBA basketball,2008,WoS,Psychology,4,attitudes;identity,0.219,0.1171,0.045,0.4731,0.0182,0.058,0.0154,0.0542
32,The impact of basketball on the social adjustment of Chinese middle school students: the chain mediating role of interpersonal relationships and self-identity,2023,WoS,Psychology,6,identity,0.1145,0.0283,0.1348,0.0272,0.0151,0.3905,0.012,0.2775
33,Mental imagery for basketball,1996,WoS,Social Sciences - Other Topics; Psychology; Sport Sciences,3,imagery;mental,0.1776,0.0394,0.4708,0.1166,0.0601,0.0922,0.016,0.0274
34,Dynamic Elements of Sports Development: Perceptions of Basketball Coaches,2019,WoS,Psychology,6,engagement,0.1033,0.044,0.0222,0.0196,0.0103,0.7384,0.0086,0.0535
35,Perceived psychological stress among high school basketball officials,2004,WoS,Psychology,3,psychological;stress,0.0684,0.1546,0.503,0.061,0.0169,0.0828,0.0142,0.099
36,"Personal and Sport Values, Goal Orientations, and Moral Attitudes in Youth Basketball",2019,WoS,Psychology,8,attitudes,0.1283,0.0348,0.1946,0.067,0.1241,0.1504,0.0144,0.2864
37,RELATIONSHIP BETWEEN PERCEIVED AND ACTUAL MOTOR COMPETENCE AMONG COLLEGE STUDENTS,2013,WoS,Psychology,8,perception,0.3361,0.0344,0.039,0.0675,0.0171,0.0743,0.0149,0.4168
38,Making profiles in boys and girls playing basketball,2015,WoS,Psychology,8,anxiety;decision-making;decisions;perception,0.2332,0.0628,0.1339,0.0264,0.0438,0.1983,0.0129,0.2887
39,Exploring the healing touch of pickup basketball as a self-care method for educators and helping professionals: an ethnographic approach,2020,WoS,Social Sciences - Other Topics; Psychology; Sport Sciences,1,emotional;mental;psychological;stressors,0.5499,0.0532,0.0766,0.1039,0.0117,0.1736,0.0099,0.0212
40,Interpersonal Neural Synchronization During Cooperative Behavior of Basketball Players: A fNIRS-Based Hyperscanning Study,2020,WoS,Neurosciences & Neurology; Psychology,1,cognitions,0.3397,0.0347,0.1521,0.0734,0.0177,0.1277,0.0148,0.24
41,A study of factors influencing Chinese college students' intention of using metaverse technology for basketball learning: Extending the technology acceptance model,2022,WoS,Psychology,8,attitudes,0.1109,0.026,0.1373,0.026,0.0138,0.2032,0.0111,0.4717
42,Psychological skills of elite athletes in different ball games,1997,WoS,Psychology; Sport Sciences,1,confidence;coping;mental;motivation;psychological;self,0.2568,0.0484,0.1386,0.0224,0.1507,0.1722,0.1369,0.074
43,IMPORTANCE AWARDED TO KNOWLEDGE FOR COACHING AND SELF-PERCEPTION OF COMPETENCE MANIFESTED BY PORTUGUESE BASKETBALL COACHES,2009,WoS,Psychology,6,perception,0.0916,0.0344,0.084,0.0507,0.0175,0.4149,0.0149,0.2918
44,Factors Associated with Self-Determined Motivation in Young Basketball Athletes: A Systematic Review,2021,WoS,Psychology,8,motivation;motivational;psychological,0.0679,0.0707,0.0589,0.0568,0.0636,0.0367,0.0117,0.6337
45,RELATIONSHIP BETWEEN THE ANXIETY AND PERFORMANCE OF A BASKETBALL TEAM DURING COMPETITION,2009,WoS,Psychology,6,anxiety,0.1283,0.0632,0.2619,0.0235,0.061,0.4358,0.0097,0.0165
46,Time Constraint Increases Mental Load and Influences in the Performance in Small-Sided Games in Basketball,2021,WoS,Social Sciences - Other Topics; Psychology; Sport Sciences,4,attention;mental,0.2079,0.1575,0.0395,0.2412,0.0555,0.1692,0.0155,0.1137
47,Brain Stimulation Over the Motion-Sensitive Midtemporal Area Reduces Deleterious Effects of Mental Fatigue on Perceptual-Cognitive Skills in Basketball Players,2022,WoS,Social Sciences - Other Topics; Psychology; Sport Sciences,1,cognitive;decision-making;mental;perceptual,0.388,0.0672,0.1754,0.1025,0.0163,0.2091,0.0137,0.0276
48,EFFECTS OF A COGNITIVE INTERVENTION PACKAGE ON THE FREE-THROW PERFORMANCE OF VARSITY BASKETBALL PLAYERS DURING PRACTICE AND COMPETITION,1992,WoS,Psychology,1,cognitive;imagery,0.3885,0.0374,0.3788,0.0363,0.0192,0.0501,0.016,0.0737
49,The Effects of Viewing Cute Pictures on Performance During a Basketball Free-Throw Task,2021,WoS,Psychology,1,attentional;motivation,0.3611,0.2803,0.0997,0.0311,0.0516,0.0861,0.0137,0.0763
50,Sport-specific decision-maklng in a Go/Nogo reaction task: Difference among nonathletes and baseball and basketball players,2008,WoS,Psychology,6,decision;decision-making;expertise,0.1682,0.1382,0.0971,0.0325,0.1869,0.2268,0.0142,0.136
51,Self-determination in teaching formative basketball players and its influence on respect to rules and opponents,2013,WoS,Psychology,6,motivations,0.1804,0.0495,0.1076,0.048,0.0252,0.436,0.0213,0.132
52,Managing pressure at the free-throw line: Perceptions of elite basketball players,2020,WoS,Social Sciences - Other Topics; Psychology,6,mental;psychologists,0.2741,0.0446,0.0697,0.0898,0.1701,0.287,0.0191,0.0455
53,Reliable measurement in sport psychology: The case of performance outcome measures,2020,WoS,Social Sciences - Other Topics; Psychology; Sport Sciences,1,psychology,0.3856,0.2918,0.0321,0.031,0.0152,0.1193,0.0128,0.1122
54,Establishing Standards for Basketball Elite Referees' Decisions,2013,WoS,Social Sciences - Other Topics; Psychology; Sport Sciences,3,decisions,0.3118,0.1874,0.35,0.035,0.0182,0.056,0.0154,0.0263
55,Shot deception in basketball: Gaze and anticipation strategy in defence,2022,WoS,Neurosciences & Neurology; Psychology; Sport Sciences,3,confidence;decision,0.2934,0.0155,0.4229,0.05,0.0936,0.0697,0.0435,0.0114
56,Focus of Attention Influences Quiet-Eye Behavior: An Exploratory Investigation of Different Skill Levels in Female Basketball Players,2015,WoS,Social Sciences - Other Topics; Psychology,1,attention;perception,0.4467,0.0687,0.0545,0.1779,0.0446,0.1414,0.0122,0.054
57,Research on the design and application of MOOC plus flipped classroom for basketball courses in colleges and universities from the perspective of education modernization,2023,WoS,Psychology,8,attention;engagement,0.0838,0.0126,0.0147,0.0147,0.0064,0.0333,0.0054,0.8291
58,Relation of functional physical impairment and goal perspectives of wheelchair basketball players,2003,WoS,Psychology,4,motivation;motivational;psychological,0.1482,0.0354,0.0722,0.3142,0.0169,0.1917,0.1605,0.0609
59,THE RELATION OF MENTAL ABILITIES AND SPEED OF INFORMATION-PROCESSING FOR ELITE ATHLETES IN BASKETBALL,1994,WoS,Psychology; Sport Sciences,1,mental,0.3324,0.0472,0.0894,0.0612,0.2693,0.1459,0.0201,0.0344
60,Training Visual Control in Wheelchair Basketball Shooting,2012,WoS,Social Sciences - Other Topics; Psychology; Sport Sciences,1,motor;perceptual,0.45,0.0314,0.2611,0.0981,0.0159,0.1052,0.0133,0.025
61,Does a comeback create momentum in overtime? Analysis of NBA tied games,2019,WoS,Business & Economics; Psychology,1,psychological,0.4495,0.0621,0.0662,0.2388,0.0301,0.0843,0.0254,0.0436
62,Collegiate Basketball Players' Experiences of Being Coached During a Turnaround Season,2012,WoS,Social Sciences - Other Topics; Psychology; Sport Sciences,6,personality,0.2348,0.0778,0.0415,0.0461,0.0117,0.4146,0.0341,0.1395
63,Effects of visualized PETTLEP imagery on the basketball 3-point shot: A comparison of internal and external perspectives,2020,WoS,Social Sciences - Other Topics; Psychology; Sport Sciences,3,imagery,0.2233,0.0281,0.5866,0.0275,0.0154,0.0849,0.0123,0.0219
64,A principled approach to equipment scaling for children's sport: A case study in basketball,2021,WoS,Social Sciences - Other Topics; Psychology,1,motor,0.2746,0.0257,0.0276,0.1959,0.0987,0.1189,0.2373,0.0214
65,Sources of acute stress and coping styles in competitive sport,2000,WoS,Neurosciences & Neurology; Psychiatry; Psychology,1,coping;decisions;stress;stressful;stressors,0.3906,0.1147,0.081,0.0651,0.0107,0.0903,0.009,0.2385
66,ANALYSIS AND COMPARISON OF ADOLESCENT ATHLETES' MOTIVATION: BASKETBALL PLAYERS VS. FOOTBALL PLAYERS,2009,WoS,Psychology,8,engagement;motivation;motivational,0.1044,0.2324,0.1759,0.0417,0.0119,0.124,0.03,0.2796
67,Magnitude of stress reported by basketball referees,1995,WoS,Psychology,2,stress,0.2085,0.3569,0.1938,0.0621,0.0301,0.0783,0.0269,0.0434
68,Evaluation of an intervention program for the initiation to basketball aimed at teaching the game's rules,2015,WoS,Psychology,6,cognitive,0.1318,0.0528,0.113,0.0213,0.0294,0.6033,0.0094,0.039
69,Perceptual visual skills in young highly skilled basketball players,2007,WoS,Psychology,3,perceptual,0.1479,0.0554,0.4592,0.0341,0.0947,0.1684,0.0149,0.0253
70,Talent Development in Basketball: A Perspective from Brazilian Coaches,2021,WoS,Psychology,6,confidence;decision-making;psychological,0.0814,0.0173,0.1005,0.0168,0.0453,0.719,0.0072,0.0125
71,The effectiveness of goal setting as a strategy to improve basketball shooting performance,2003,WoS,Social Sciences - Other Topics; Psychology; Sport Sciences,7,motivated,0.1862,0.2485,0.0749,0.0317,0.0703,0.0417,0.3236,0.0231
72,Previous game success as a determinant of future game performance and outcomes in men's NCAA basketball,2015,WoS,Social Sciences - Other Topics; Psychology; Sport Sciences,2,motivational,0.0768,0.3797,0.1,0.0368,0.0188,0.3453,0.0163,0.0263
73,INFLUENCE OF THE MOTIVATIONAL CLIMATE CREATED BY COACH IN THE SPORT COMMITMENT IN YOUTH BASKETBALL PLAYERS,2009,WoS,Psychology,8,motivational;perception,0.1018,0.0494,0.0531,0.0479,0.0252,0.229,0.0212,0.4722
74,PREFERENCES AND LEVELS OF SATISFACTION IN TECHNICAL AND TACTICAL ACTIONS AND IN TYPE OF OFFENSE AND DEFENSE UTILIZED IN COMPETITION BY YOUTH BASKETBALL PLAYERS,2009,WoS,Psychology,1,satisfaction,0.3985,0.0261,0.0958,0.0534,0.0131,0.3785,0.011,0.0237
75,"MENTAL-IMAGERY, RELAXATION, AND ACCURACY OF BASKETBALL FOUL SHOOTING",1994,WoS,Psychology,3,imagery;mental,0.1092,0.0524,0.6295,0.0507,0.0266,0.0693,0.0224,0.0398
76,Six Weeks of Basketball Combined With Mathematics in Physical Education Classes Can Improve Children's Motivation for Mathematics,2021,WoS,Psychology,8,motivating;motivation,0.1678,0.1307,0.1894,0.0201,0.0104,0.094,0.0093,0.3782
77,Coaches' Mind Games: Harnessing Technical Fouls for Psychological Momentum in Basketball,2023,WoS,Psychology,6,arousal;cognitive;decision-making;decisions;emotional;motivation;psychological,0.1134,0.1052,0.0957,0.1875,0.0153,0.3775,0.0125,0.0928
78,"Cognitive expertise in sport:: Relationships between procedural knowledge, experience and performance in youth basketball",2005,WoS,Psychology; Sport Sciences,6,cognitive;expertise,0.2146,0.0417,0.17,0.045,0.0207,0.4608,0.0174,0.0298
79,No Cutting Corners: The Effect of Parental Involvement on Youth Basketball Players in Israel,2020,WoS,Psychology,1,emotional;motivation;satisfaction,0.514,0.022,0.0241,0.0991,0.0112,0.2471,0.0094,0.0731
80,The effects of single versus multiple measures of biofeedback on basketball free throw shooting performance,1998,WoS,Social Sciences - Other Topics; Psychology; Sport Sciences,3,self-efficacy,0.1669,0.2598,0.2833,0.0322,0.0172,0.044,0.0142,0.1825
81,The role of basic psychological needs in predicting dispositional flow of basketball players in training. Differences by sex,2013,WoS,Psychology,3,psychological;satisfaction,0.1032,0.0497,0.4847,0.1092,0.0252,0.0721,0.0212,0.1347
82,What are the changes in basketball shooting pattern and accuracy in National Basketball Association in the past decade?,2022,WoS,Psychology,6,psychologists,0.3199,0.172,0.0818,0.0148,0.0075,0.3865,0.0065,0.0111
83,Sport-based video game causes mental fatigue and impairs visuomotor skill in male basketball players,2023,WoS,Social Sciences - Other Topics; Psychology,1,mental,0.3193,0.2754,0.1998,0.0272,0.0775,0.0681,0.0121,0.0207
84,The effect of a simulated mental practice technique on free throw shooting accuracy of highly skilled basketball players,1997,WoS,Psychology; Sport Sciences,1,imagery;mental;motivation;perception;perceptual,0.4958,0.032,0.1755,0.031,0.0163,0.1743,0.014,0.061
85,Coaches' pointing gestures as means to convey tactical information in basketball: an eye-tracking study,2024,WoS,Social Sciences - Other Topics; Psychology,1,attentional;cognitive;expertise,0.5901,0.0651,0.0585,0.0359,0.0152,0.2009,0.0121,0.0224
86,The influence of athletic experience and kinematic information on skill-relevant affordance perception,2011,WoS,Psychology; Physiology,1,perception;perceptual,0.5933,0.0272,0.0292,0.0264,0.0165,0.2451,0.0119,0.0504
87,One-on-one situation decision-making according to equipment in youth basketball,2018,WoS,Social Sciences - Other Topics; Psychology,1,decision-making;decisions,0.5132,0.1526,0.0882,0.0323,0.0143,0.1322,0.0436,0.0237
88,THE EFFECTS OF EQUIPMENT MODIFICATION ON CHILDRENS SELF-EFFICACY AND BASKETBALL SHOOTING PERFORMANCE,1994,WoS,Social Sciences - Other Topics; Psychology; Sport Sciences,1,self-efficacy,0.5868,0.0292,0.1046,0.0571,0.02,0.0372,0.012,0.1531
89,TAU INFLUENCE ON DECISION MAKING IN BASKETBALL,2009,WoS,Psychology,1,decision,0.4284,0.1241,0.0713,0.2622,0.0172,0.0562,0.0146,0.0259
90,''White men can't jump'': Evidence for the perceptual confirmation of racial stereotypes following a basketball game,1997,WoS,Psychology,1,perceptual,0.4168,0.1673,0.1727,0.0805,0.0198,0.0943,0.0167,0.0319
91,Effect of mental fatigue on decision-making skill and visual search behaviour in basketball players: an experimental and randomised study,2022,WoS,Social Sciences - Other Topics; Psychology,1,cognitive;decision-making;mental,0.3006,0.2379,0.0648,0.1322,0.1726,0.0541,0.0133,0.0246
92,The mediating roles of psychological resilience and frustration tolerance in the relationship between coping styles and mood states of high-level basketball referees,2023,WoS,Psychology,3,coping;emotional;mood;psychological;resilience,0.0656,0.0558,0.2817,0.034,0.0084,0.2311,0.1525,0.1709
93,Temporal Aspects of Team Cognition: A Case Study on Concerns Sharing Within Basketball,2012,WoS,Social Sciences - Other Topics; Psychology; Sport Sciences,2,cognition,0.2575,0.4008,0.045,0.0841,0.0207,0.1433,0.0174,0.0312
94,Perceptions of dual career development among elite level swimmers and basketball players,2015,WoS,Social Sciences - Other Topics; Psychology; Sport Sciences,6,psychological,0.0833,0.043,0.0221,0.0279,0.0104,0.744,0.0088,0.0604
95,Mental Rotation of Tactic Board Instructions in Basketball: Domain-Specific Expertise Improves On-Court Performance,2023,WoS,Social Sciences - Other Topics; Psychology; Sport Sciences,1,expertise;mental,0.8069,0.0359,0.017,0.0153,0.0231,0.0833,0.0068,0.0116
96,Training and Competition Load Monitoring and Analysis of Women's Amateur Basketball by Playing Position: Approach Study,2019,WoS,Psychology,1,attention,0.4217,0.2877,0.0551,0.053,0.0122,0.1438,0.0097,0.0168
97,The Mental Rotation Ability of Expert Basketball Players: Identifying On-Court Plays,2021,WoS,Social Sciences - Other Topics; Psychology; Sport Sciences,1,expertise;mental,0.8128,0.0235,0.027,0.0418,0.0124,0.0589,0.0087,0.015
98,"From the court to the classroom: Opportunities for engagement, learning, and identity in basketball and classroom mathematics",2008,WoS,Education & Educational Research; Psychology,8,engagement;identity,0.1991,0.0225,0.2161,0.0802,0.0115,0.1747,0.0097,0.2864
99,"Cognitive, perceptual, and motor abilities in skilled basketball performance",1998,WoS,Psychology,1,attention;cognitive;perception;perceptual,0.5003,0.0633,0.031,0.059,0.0132,0.2341,0.0111,0.088
100,Does decision making transfer across similar and dissimilar sports?,2017,WoS,Social Sciences - Other Topics; Psychology; Sport Sciences,1,decision;decision-making;decisions,0.5611,0.0889,0.0385,0.1029,0.0577,0.1039,0.0154,0.0316
101,Benefits of a Guided Motor-Mental Preperformance Routine on Learning the Basketball Free Throw,2020,WoS,Psychology,1,mental,0.3571,0.0325,0.2685,0.0274,0.0463,0.0442,0.0121,0.2118
102,Measuring the effectiveness of psychologically oriented basketball drills in team practice to improve self-regulation,2017,WoS,Social Sciences - Other Topics; Psychology,1,emotional;motivation;psychologically;self-talk,0.4779,0.043,0.1901,0.0265,0.0136,0.1087,0.0113,0.1289
103,Impact of intellectual impairment on basketball performance through coaches and referees' opinion: a qualitative approach,2017,WoS,Psychology,1,cognitive;emotional,0.5377,0.0207,0.1499,0.026,0.0106,0.2303,0.0091,0.0157
104,STRESSFUL SITUATIONS IN COMPETITIVE BASKETBALL,1995,WoS,Psychology,1,stress;stressful;stressor,0.3896,0.1862,0.0387,0.0853,0.0175,0.0889,0.0148,0.1789
105,Decision Making and Defensive Effectiveness of Ball Screen in Top-Level Basketball,2021,WoS,Psychology,1,decision;decision-making,0.5308,0.0251,0.0494,0.0224,0.0372,0.3031,0.0099,0.0222
106,Does the type of disability influence salivary cortisol concentrations of athletes in official wheelchair basketball games?,2019,WoS,Social Sciences - Other Topics; Psychology,4,attention,0.156,0.128,0.0489,0.3236,0.2257,0.0913,0.0097,0.0167
107,The illusion of knowledge: When more information reduces accuracy and increases confidence,2007,WoS,Psychology; Business & Economics,3,confidence,0.3577,0.0336,0.3893,0.1392,0.0131,0.0371,0.011,0.019
108,Effects of two instructional approaches for basketball on decision-making and recognition ability,2005,WoS,Social Sciences - Other Topics; Psychology; Sport Sciences,8,cognition;cognitive;decision-making,0.3268,0.0714,0.0972,0.0324,0.0203,0.0571,0.0144,0.3804
109,Team Coordination in Basketball: Description of the Cognitive Connections Among Teammates,2010,WoS,Social Sciences - Other Topics; Psychology; Sport Sciences,1,cognitive,0.5678,0.0893,0.0546,0.0623,0.0224,0.1031,0.0674,0.033
110,Excellence of Trainer and Psychological Wellbeing Lead to the Higher Performance: Evidence from Chinese Basketball Players,2020,WoS,Psychology,3,psychological;well-being;wellbeing,0.0647,0.023,0.568,0.1731,0.0118,0.0517,0.0094,0.0983
111,From legends to legacy: the impact of fan influence on retiring athletes in premier league basketball,2023,WoS,Psychology,6,attitudes;perception,0.0988,0.1242,0.2676,0.1119,0.0362,0.2922,0.0098,0.0592
112,Mental Rotation in Sports A Comparison of the Mental Rotation of Two-Dimensional Timeout Displays in Basketball and the Classical Mental Rotation Test (MRT) of Three-Dimensional Objects,2022,WoS,Psychology,1,mental,0.554,0.1342,0.0533,0.1191,0.0198,0.0721,0.0168,0.0307
113,Interdependent Tripartite Efficacy Perceptions and Individual Performance: Case Study of a Boys' Basketball Team,2019,WoS,Psychology,6,self-efficacy,0.0569,0.23,0.0273,0.2575,0.0126,0.2687,0.0105,0.1365
114,An evaluation of the effects of mindfulness training from the perspectives of wheelchair basketball players,2018,WoS,Social Sciences - Other Topics; Psychology; Sport Sciences,2,mindfulness;stress,0.2259,0.2274,0.1086,0.1892,0.0666,0.145,0.0124,0.0249
115,Increasing motivation and game performance of children in basketball classes using video applications,2023,WoS,Psychology,1,motivation,0.3254,0.071,0.0341,0.059,0.0144,0.3111,0.0133,0.1717
116,Analysis of shooting effectiveness and decision-making during shooting according to basket height modifications at the youth stage,2015,WoS,Psychology,1,decision-making,0.503,0.0409,0.0896,0.0244,0.0146,0.1029,0.0381,0.1864
117,CHARACTERISTICS OF THE DIMENSIONS AND SUB-DIMENSIONS OF YOUNG BASKETBALL PLAYERS' PERSONALITIES,2009,WoS,Psychology,7,emotions;personalities;personality,0.1873,0.1242,0.0635,0.1342,0.0301,0.1293,0.2859,0.0454
118,Replication: Do coaches stick with what barely worked? Evidence of outcome bias in sports,2023,WoS,Business & Economics; Psychology,3,decisions,0.1802,0.2032,0.3472,0.1442,0.0207,0.0558,0.0174,0.0314
119,"Psychological aspects of training in European basketball: Conceptualization periodization, and planning",2007,WoS,Social Sciences - Other Topics; Psychology; Sport Sciences,2,psychological;psychologist;psychology,0.1152,0.3818,0.1724,0.0347,0.0163,0.2338,0.0138,0.032
120,Effects of Visual Control Training on the Shooting Performance of Elite Female Basketball Players,2012,WoS,Social Sciences - Other Topics; Psychology,3,confidence,0.2082,0.032,0.6136,0.0273,0.0145,0.0389,0.0121,0.0534
121,DECISION-MAKING OF SPANISH FEMALE BASKETBALL TEAM PLAYERS WHILE THEY ARE COMPETING,2009,WoS,Psychology,6,decision;decision-making;decisions,0.3138,0.0928,0.021,0.0614,0.0326,0.4245,0.0085,0.0453
122,Empowering motivation: the journey of wheelchair basketball athletes to overcome constraints,2024,WoS,Psychology,3,attitudes;confidence;coping;identity;motivation;motivational;motivations,0.2005,0.0166,0.2673,0.1453,0.0083,0.2298,0.0068,0.1254
123,Differences in basketball training loads between comprehensive and technical models of teaching/training,2015,WoS,Psychology,1,cognitive;decisions;identity,0.4365,0.2142,0.155,0.0467,0.0115,0.1089,0.0106,0.0166
124,Impact of COVID-19 lockdown on match performances in the National Basketball Association,2022,WoS,Psychology,2,decisions,0.15,0.3717,0.0629,0.0272,0.015,0.2745,0.074,0.0247
125,Retention of Quiet Eye in Older Skilled Basketball Players,2015,WoS,Neurosciences & Neurology; Psychology; Sport Sciences,1,cognitive;expertise;perceptual,0.7181,0.0897,0.0302,0.058,0.0167,0.0537,0.012,0.0215
126,Neural Efficiency and Acquired Motor Skills: An fMRI Study of Expert Athletes,2019,WoS,Psychology,1,imagery,0.5945,0.1524,0.0265,0.1549,0.0122,0.0316,0.0102,0.0177
127,Designing and Validating a Basketball Learning and Performance Assessment Instrument (BALPAI),2019,WoS,Psychology,1,decision,0.3053,0.133,0.0818,0.0154,0.1163,0.1303,0.0243,0.1936
128,Personal and situational variables that describe coping with acute stress in competitive sport,2000,WoS,Psychology,1,cognitive;coping;stress;stressful,0.4069,0.0657,0.0417,0.1042,0.0158,0.041,0.0133,0.3115
129,"When winning is everything: On passion, identity, and aggression in sport",2009,WoS,Social Sciences - Other Topics; Psychology; Sport Sciences,4,identity;personality;psychology,0.1234,0.0335,0.0383,0.432,0.0169,0.2222,0.0508,0.0829
130,Does a Brief Mindfulness Intervention Counteract the Detrimental Effects of Ego Depletion in Basketball Free Throw Under Pressure?,2020,WoS,Social Sciences - Other Topics; Psychology,2,emotion;mindfulness;perceptual;psychological;stressful,0.3157,0.4322,0.0768,0.0272,0.0474,0.068,0.012,0.0208
131,Psychological predictors of coping responses among Greek basketball referees,2000,WoS,Psychology,8,coping;psychological;stressful,0.1902,0.0376,0.1411,0.0281,0.0149,0.0384,0.0124,0.5374
132,Basketball training influences shot selection assessment: a multi-attribute decision-making approach,2013,WoS,Psychology,1,decision;decision-making;stress,0.5029,0.0349,0.033,0.1352,0.0452,0.2152,0.012,0.0216
133,SOCIAL SELF-EFFICACY OF ADOLESCENTS WHO PARTICIPATE IN INDIVIDUAL AND TEAM SPORTS,2011,WoS,Psychology,8,self-efficacy,0.1279,0.1245,0.076,0.0622,0.0301,0.0912,0.0256,0.4625
134,"He Dies, He Scores: Evidence That Reminders of Death Motivate Improved Performance in Basketball",2016,WoS,Social Sciences - Other Topics; Psychology; Sport Sciences,2,anxiety;motivate,0.1052,0.3189,0.0504,0.3154,0.0756,0.0794,0.0201,0.035
135,DIFFERENCES IN SPATIAL WORKING MEMORY AS A FUNCTION OF TEAM SPORTS EXPERTISE: THE CORSI BLOCK-TAPPING TASK IN SPORT PSYCHOLOGICAL ASSESSMENT,2010,WoS,Psychology,1,attention;cognitive;expertise;psychological,0.2473,0.0555,0.0597,0.0556,0.1993,0.0735,0.085,0.2242
136,Implicit but not explicit aggressiveness predicts performance outcome in basketball players,2011,WoS,Social Sciences - Other Topics; Psychology; Sport Sciences,2,cognition;psychology,0.2295,0.2553,0.0388,0.189,0.0182,0.2239,0.0154,0.0299
137,Social role theory and the perceived gender role orientation of athletes,2005,WoS,Psychology; Women's Studies,4,motivations,0.1245,0.0534,0.0878,0.3131,0.0776,0.0859,0.0224,0.2352
138,Athlete experiences of mental health disclosure and help seeking behaviour in amateur and professional basketball,2023,WoS,Social Sciences - Other Topics; Psychology; Sport Sciences,6,mental;psychologically,0.0787,0.0252,0.056,0.0297,0.0127,0.7675,0.0107,0.0196
139,"Sources, intensity, and responses to stress in Greek and Australian basketball referees",1998,WoS,Social Sciences - Other Topics; Psychology; Sport Sciences,1,attention;coping;stress;stressful;stressors,0.235,0.1165,0.2177,0.1344,0.0631,0.1814,0.0328,0.0192
140,Effects of reasons analysis on the accuracy of predicting basketball games,1999,WoS,Psychology,1,expertise,0.7712,0.0671,0.0372,0.0304,0.0149,0.0453,0.0124,0.0215
141,Can the rate of perceived exertion and fatigue of one professional basketball player be modified through a long term nutritional intervention?,2015,WoS,Psychology,3,mood,0.1508,0.1974,0.5292,0.0244,0.0128,0.0547,0.0107,0.02
142,Speed of reaction to sensory stimulation is enhanced during movement,2015,WoS,Psychology,1,attention;expertise,0.4987,0.0237,0.0524,0.3253,0.0381,0.0335,0.0107,0.0176
143,Athletes attributions for team performance: A theoretical test across sports and genders,2004,WoS,Psychology,4,cognitive,0.0783,0.1752,0.0752,0.4104,0.0135,0.076,0.0114,0.1601
144,Mood Effects of Blood Flow Restriction Resistance Exercise Among Basketball Players,2018,WoS,Psychology,3,mood,0.162,0.1675,0.5707,0.0243,0.0127,0.0336,0.0107,0.0184
145,Enhancing self-efficacy through a blended training: A pilot study with basketball players,2017,WoS,Social Sciences - Other Topics; Psychology,1,cognitive;emotion;emotional;psychological;self-efficacy,0.4653,0.0267,0.2461,0.0251,0.0422,0.0479,0.011,0.1358
146,The dark side of visual awareness in sport: Inattentional blindness in a real-world basketball task,2010,WoS,Psychology,1,attention;attentional;decision;perception,0.4665,0.0254,0.0655,0.2654,0.013,0.1348,0.011,0.0185
147,ATTENTIONAL STYLE AND BASKETBALL SHOOTING,1991,WoS,Psychology,8,attention;attentional,0.2438,0.0514,0.0952,0.1239,0.0252,0.185,0.0212,0.2543
148,"THE COACH-ATHLETE RELATIONSHIP IN BASKETBALL. ANALYSIS OF THE ANTECEDENTS, COMPONENTS AND OUTCOMES",2009,WoS,Psychology,4,cognitions;satisfaction;wellbeing,0.1957,0.0329,0.1148,0.3149,0.0147,0.2844,0.0124,0.0301
149,Intimidation and violence by males in high school athletics,1999,WoS,Psychology,3,attitude,0.1191,0.0352,0.4056,0.0358,0.0934,0.0924,0.0149,0.2036
150,Corticospinal excitability is facilitated by combined action observation and motor imagery of a basketball free throw,2018,WoS,Social Sciences - Other Topics; Psychology; Sport Sciences,1,imagery,0.6588,0.0141,0.0169,0.2464,0.0073,0.0399,0.0061,0.0105
151,Processing head fakes in basketball: Are there ironic effects of instructions on the head-fake effect in basketball?,2019,WoS,Neurosciences & Neurology; Psychology; Sport Sciences,1,attention;mental,0.3462,0.0194,0.0872,0.1371,0.281,0.1068,0.0083,0.0141
152,"The perceptual, heart rate and technical-tactical characteristics of 3 x 3 basketball",2020,WoS,Social Sciences - Other Topics; Psychology,2,perceptual,0.3703,0.3941,0.0635,0.045,0.0112,0.0898,0.0095,0.0168
153,Crunch time in the NBA - The effectiveness of different play types in the endgame of close matches in professional basketball,2018,WoS,Social Sciences - Other Topics; Psychology,7,decision,0.2157,0.2034,0.0738,0.0158,0.0425,0.1375,0.2818,0.0295
154,A Closer Look at How Self-Talk Influences Skilled Basketball Performance,2018,WoS,Social Sciences - Other Topics; Psychology; Sport Sciences,1,motivational;self-talk,0.798,0.028,0.0309,0.0275,0.0143,0.0674,0.012,0.0218
155,"An Empirical Analysis of the Relationship between Self-efficacy, Motivation, and Team Performance of High-level Basketball Players",2020,WoS,Psychology,8,motivation;self-efficacy,0.0591,0.1987,0.0292,0.102,0.0139,0.0384,0.0125,0.5462
156,Dynamic Criteria: a Longitudinal Analysis of Professional Basketball Players' Outcomes,2012,WoS,Psychology,3,decisions,0.2738,0.0735,0.322,0.0982,0.0117,0.1929,0.0102,0.0177
157,SPORT ORIENTATION AND ATHLETIC IDENTITY OF GREEK WHEELCHAIR BASKETBALL PLAYERS,2009,WoS,Psychology,4,identity;perception,0.077,0.0752,0.0779,0.3897,0.2122,0.0474,0.0548,0.0657
158,Impact of claimed self-handicapping on cohesion and perceived collective efficacy in basketball,2018,WoS,Social Sciences - Other Topics; Psychology; Sport Sciences,6,cohesion,0.1398,0.0648,0.0731,0.0619,0.0152,0.2687,0.2505,0.1259
159,Examining movement variability in the basketball free-throw action at different skill levels,2003,WoS,Social Sciences - Other Topics; Psychology; Sport Sciences,1,expertise,0.4885,0.0268,0.0998,0.0265,0.0131,0.1064,0.1901,0.0488
160,"Group cohesiveness, mood disturbance, and stress in female basketball players",1998,WoS,Psychology; Business & Economics,3,cohesion;depressed;mood;stress,0.2256,0.1826,0.2582,0.0312,0.0169,0.1803,0.0458,0.0595
161,Cognitive load reduces interference by head fakes in basketball,2020,WoS,Psychology,1,attention;attentional;cognitive;cognitively,0.3975,0.0211,0.053,0.2313,0.2109,0.0616,0.009,0.0155
162,A brief body scan mindfulness practice has no positive effect on the recovery of heart rate variability and cognitive tasks in female professional basketball players,2023,WoS,Psychology,2,cognitive;mental;mindfulness,0.0517,0.7563,0.0887,0.0162,0.0279,0.0402,0.0068,0.0123
163,Performance Differences in Male Youth Basketball Players According to Selection Status and Playing Position: An Evaluation of the Basketball Learning and Performance Assessment Instrument,2022,WoS,Psychology,6,decision,0.2224,0.0388,0.0623,0.0167,0.0085,0.5726,0.0074,0.0714
164,Comparison of three different instructional methods on teaching the skill of shooting in basketball,2004,WoS,Psychology; Sport Sciences,6,cognitive,0.2102,0.1011,0.0683,0.031,0.0163,0.3563,0.0137,0.2031
165,Are Men Better Leaders? An Investigation of Head Coaches' Gender and Individual Players' Performance in Amateur and Professional Women's Basketball,2018,WoS,Psychology; Women's Studies,4,leadership,0.0549,0.0223,0.0377,0.5654,0.0108,0.2832,0.009,0.0168
166,Homosexuality and the Heartbeat of a Locker Room: An Analysis of Quotations in the Context of Hegemonic and Inclusive Masculinity Theories,2016,WoS,Psychology; Social Sciences - Other Topics,2,attitudes,0.107,0.3857,0.0921,0.1617,0.0163,0.1417,0.0143,0.0811
167,MOOD STATE RESPONSES TO A PRESEASON CONDITIONING PROGRAM IN MALE COLLEGIATE BASKETBALL PLAYERS,1995,WoS,Social Sciences - Other Topics; Psychology; Sport Sciences,1,mood;psychological,0.381,0.078,0.3195,0.0547,0.0717,0.035,0.0116,0.0485
168,The Influence of Gambling on Mood State and Alcohol Cravings,2023,WoS,Substance Abuse; Psychology,3,mood,0.208,0.041,0.311,0.0443,0.1613,0.1353,0.0177,0.0816
169,The effects of hypnosis on flow states and three-point shooting performance in bastketball players,2002,WoS,Social Sciences - Other Topics; Psychology; Sport Sciences,3,cognitions;imagery,0.1033,0.1171,0.4041,0.0296,0.1275,0.1835,0.0128,0.022
170,Linking personality traits to objective foul records in (semi-)professional youth basketball,2020,WoS,Psychology,7,mental;personality,0.1399,0.0808,0.1285,0.0438,0.0152,0.2238,0.3011,0.0669
171,The Effects of Centering on the Free-Throw Shooting Performance of Young Athletes,2009,WoS,Social Sciences - Other Topics; Psychology; Sport Sciences,1,psychological,0.4333,0.1798,0.0873,0.0432,0.0227,0.1228,0.0728,0.0381
172,A Mixed Methods Evaluation of a Pressure Training Intervention to Develop Resilience in Female Basketball Players,2021,WoS,Social Sciences - Other Topics; Psychology; Sport Sciences,6,leadership;resilience;resilient;stressors,0.1263,0.0273,0.127,0.0264,0.0738,0.5874,0.0117,0.0201
173,INTERVENTION AND EVALUATION OF THE MOTIVATIONAL CLIMATE TRANSMITTED BY A BASKETBALL COACH,2009,WoS,Psychology,3,motivational,0.1729,0.0216,0.3389,0.0128,0.0067,0.2599,0.0057,0.1816
174,Learning opportunities in 3 on 3 versus 5 on 5 basketball game play: An application of nonlinear pedagogy,2012,WoS,Social Sciences - Other Topics; Psychology; Sport Sciences,1,cognitive;decision;decisions,0.5543,0.0361,0.0935,0.109,0.0158,0.1548,0.0129,0.0235
175,Which Presentation Speed Is Better for Learning Basketball Tactical Actions Through Video Modeling Examples? The Influence of Content Complexity,2019,WoS,Psychology,2,cognitive,0.364,0.4173,0.0581,0.027,0.0131,0.034,0.0111,0.0754
176,Salivary Hormone and Anxiety Responses to Free-Throw Shooting Competition in Collegiate Female Basketball Players,2017,WoS,Psychology,5,anxiety;psychological;stress,0.0778,0.1063,0.0453,0.064,0.6212,0.0492,0.0135,0.0227
177,The Hot Hand Belief and Framing Effects,2014,WoS,Social Sciences - Other Topics; Psychology; Sport Sciences,4,perception,0.089,0.0198,0.1279,0.4552,0.0098,0.2758,0.0084,0.0142
178,"The effect of a physical literacy and differential learning program in motor, technical and tactical basketball skills",2015,WoS,Psychology,1,attentional;decisions,0.3661,0.028,0.0986,0.0272,0.0145,0.2646,0.012,0.1889
179,Individual Recovery Profiles in Basketball Players,2015,WoS,Psychology,2,psychological;stress,0.1664,0.4418,0.0872,0.071,0.0152,0.1297,0.0135,0.0751
180,Mental Rotation of Tactical Instruction Displays Affects Information Processing Demand and Execution Accuracy in Basketball,2017,WoS,Social Sciences - Other Topics; Psychology; Sport Sciences,1,mental,0.7033,0.0857,0.0186,0.0169,0.0199,0.1162,0.0074,0.0318
181,Basketball training frequency is associated with executive functions in boys aged 6 to 8 years,2022,WoS,Neurosciences & Neurology; Psychology,1,cognitive,0.4168,0.0574,0.1228,0.0214,0.2536,0.0774,0.0094,0.0412
182,"Basketball jones: Fan passion, motives, and reactions to the suspension of the National Basketball Association season due to COVID-19",2021,WoS,Social Sciences - Other Topics; Psychology; Sport Sciences,3,attitudes;coping,0.1036,0.1031,0.5084,0.0372,0.0169,0.1056,0.0142,0.1109
183,The effects of adapted physical education sessions on the empathy of female students with overweight,2023,WoS,Psychology,1,emotional;emotions,0.3579,0.0705,0.1191,0.1053,0.08,0.0476,0.0142,0.2053
184,The player makes the coach: Exploring player development among Division I basketball coaches,2023,WoS,Social Sciences - Other Topics; Psychology,6,perception,0.0957,0.0346,0.0377,0.1035,0.018,0.6331,0.0149,0.0625
185,Servant Leadership in Sport: A New Paradigm for Effective Coach Behavior,2008,WoS,Social Sciences - Other Topics; Psychology,6,leadership;mental;motivation;psychological;satisfaction,0.0634,0.0306,0.0611,0.2438,0.0143,0.3943,0.012,0.1805
186,Free throw shooting performance under pressure: a social psychology critical review of research,2022,WoS,Social Sciences - Other Topics; Psychology,1,expertise;psychological;psychology;stress,0.283,0.0282,0.1459,0.0938,0.2429,0.175,0.0114,0.0198
187,Motivational climate and intrinsic motivation of young basketball players,1998,WoS,Psychology,8,motivation;motivational,0.08,0.0401,0.0469,0.0377,0.0198,0.0515,0.0169,0.7071
188,Achievement motivation among high school basketball and cross-country athletes: A personal investment perspective,2001,WoS,Social Sciences - Other Topics; Psychology; Sport Sciences,8,motivation,0.1939,0.0529,0.0618,0.0497,0.1503,0.1939,0.0657,0.2318
189,"Stress Responses, Competition, and Free-Throw Performance: The Predicting Role of Other-Approach Goals",2022,WoS,Psychology,1,psychology;stress,0.2763,0.1976,0.2074,0.0364,0.1044,0.0532,0.0943,0.0305
190,The influence of motor expertise and motor experience on action and actor recognition,2011,WoS,Psychology,1,cognition;expertise;perception;perceptual,0.4473,0.0233,0.0295,0.0224,0.0372,0.3878,0.01,0.0425
191,Transformational Leadership and Followers' Objective Performance Over Time: Insights From German Basketball,2016,WoS,Social Sciences - Other Topics; Psychology; Sport Sciences,6,leadership,0.1077,0.0867,0.1265,0.2231,0.0217,0.3373,0.0658,0.0313
192,I'll Show Them: Assessing Performance in Recently Traded NBA Players Facing Their Former Team,2019,WoS,Psychology,4,identity;motivation,0.3126,0.0496,0.0452,0.3601,0.0207,0.0851,0.0174,0.1091
193,She got game: Investigating how reputation can be leveraged to improve recruiting effectiveness in National Collegiate Athletic Association women's basketball,2018,WoS,Social Sciences - Other Topics; Psychology,1,decision;decisions,0.4806,0.0627,0.0902,0.0648,0.0589,0.1454,0.0124,0.0851
194,Variables of influence on the fluctuation of the mood profile among professional basketball players during a competitive period,2022,WoS,Social Sciences - Other Topics; Psychology,3,mood;psychology,0.2015,0.2115,0.4526,0.0307,0.0153,0.0499,0.0129,0.0255
195,Two sides of the same coin: Exploring how the bright and dark sides of team cohesion can influence sport team performance,2022,WoS,Social Sciences - Other Topics; Psychology,7,cohesion,0.1162,0.0391,0.142,0.0322,0.0169,0.0528,0.5334,0.0675
196,Searching for Judgment Biases Among Elite Basketball Referees,2018,WoS,Psychology,3,decisions,0.2584,0.075,0.5104,0.0412,0.0143,0.0681,0.012,0.0206
197,Goal-setting and players' perception of their effectiveness in mini-basketball,2013,WoS,Psychology,7,perception,0.0634,0.0353,0.0833,0.0264,0.0139,0.3501,0.407,0.0206
198,Physical self-concept and disturbed eating attitudes and behaviors in French athlete and non-athlete adolescent girls: Direct and indirect relations,2012,WoS,Psychology; Psychiatry,4,attitudes,0.094,0.0425,0.0457,0.3263,0.0685,0.3023,0.0182,0.1025
199,"Differences in several perceptual abilities between experts and novices in basketball, volleyball and water-polo",1998,WoS,Psychology,1,attention;decision-making;perceptual,0.5578,0.0304,0.0321,0.0704,0.0728,0.1359,0.0128,0.0878
200,Nexus between Basketball Players' Advertisement and Psychological Attraction of Food Brands: A Study of Consumer Behavior towards Food Product,2021,WoS,Psychology,4,cognition;psychological,0.2369,0.0344,0.0413,0.2847,0.0175,0.0817,0.1286,0.1749
201,COACHES PERCEIVED IMPORTANCE OF DRILLS ITEMS IN BASKETBALL PLAYERS' LONG-TERM DEVELOPMENT,2009,WoS,Psychology,6,decision-making;psychological,0.395,0.0462,0.0586,0.0139,0.0089,0.4293,0.0219,0.0264
202,Influence of the Game Context and Levels of Physical Activity on the Behavior of Basketball Coaches,2021,WoS,Psychology,1,stress,0.3232,0.0993,0.0775,0.1533,0.0403,0.2776,0.0099,0.0189
203,Team ball sport experience minimizes sex difference in visual attention,2022,WoS,Psychology,1,attention,0.4963,0.0355,0.0708,0.1408,0.0289,0.1397,0.0069,0.0812
204,"The effects of eye movements, age, and expertise on inattentional blindness",2006,WoS,Psychology,1,cognition;expertise,0.2877,0.1062,0.0357,0.2149,0.1266,0.1537,0.0508,0.0244
205,"Sex, sport, situation, and Competitive State Anxiety",1998,WoS,Psychology,6,anxiety;cognitive,0.2204,0.0424,0.2095,0.0789,0.0626,0.3384,0.0169,0.0307
206,Achievement and competitiveness in elite youth basketball: what matters?,2015,WoS,Psychology,1,expertise;motivation;stressed,0.2581,0.1223,0.1486,0.0278,0.0314,0.1561,0.0471,0.2086
207,Trust My Face: Cognitive Factors of Head Fakes in Sports,2011,WoS,Psychology,5,cognitive;perceptual,0.261,0.0584,0.1173,0.1467,0.3249,0.0501,0.0077,0.0339
208,Self-talk in a basketball-shooting task,2001,WoS,Psychology,1,self-talk,0.4325,0.0986,0.0651,0.0455,0.0245,0.1182,0.0201,0.1956
209,"Who has next? The symbolic, rational, and methodical use of norms in pickup basketball",1999,WoS,Psychology,4,imagery,0.1344,0.0457,0.1049,0.5546,0.0181,0.0664,0.0525,0.0235
210,Relationships Between Personal Values and Leadership Behaviors in Basketball Coaches,2018,WoS,Psychology,6,leadership;motivation,0.1063,0.0135,0.0717,0.1566,0.0499,0.5123,0.0362,0.0535
211,"Motivational climate, beliefs about the bases of success, and sportsmanship behaviors of professional basketball athletes",2003,WoS,Psychology,6,motivational;perception,0.0778,0.0376,0.0388,0.2751,0.0536,0.3108,0.0165,0.1898
212,"Influence of competition playing venue on the hormonal responses, state anxiety and perception of effort in elite basketball athletes",2014,WoS,Psychology; Behavioral Sciences,2,anxiety;perception,0.0929,0.3115,0.1199,0.0279,0.2097,0.2115,0.0099,0.0167
213,A season long investigation of social emotional learning associated with high school basketball participation,2022,WoS,Social Sciences - Other Topics; Psychology; Sport Sciences,6,emotional;psychological,0.2242,0.0433,0.0439,0.0659,0.0098,0.3459,0.0082,0.2588
214,Professional migration from the United States to Europe: Composite vignettes of black male basketball players from underserved communities,2021,WoS,Social Sciences - Other Topics; Psychology; Sport Sciences,6,identity,0.212,0.052,0.1019,0.1113,0.0124,0.4191,0.0375,0.0539
215,A PSYCHOMETRIC EVALUATION OF THE GROUP ENVIRONMENT QUESTIONNAIRE IN A SAMPLE OF PROFESSIONAL BASKETBALL AND SOCCER PLAYERS,2013,WoS,Psychology,7,cohesion,0.2271,0.1099,0.0562,0.1084,0.0266,0.1228,0.24,0.109
216,"Head-fake perception in basketball: the relative contributions of expertise, visual or motor training, and test repetition",2022,WoS,Social Sciences - Other Topics; Psychology,1,expertise;perception,0.384,0.0313,0.1576,0.0642,0.2099,0.1168,0.0135,0.0227
217,Improving sports skills and sportsmanship in children diagnosed with Attention-Deficit/Hyperactivity Disorder,1999,WoS,Psychology; Family Studies,1,attention;emotional,0.3287,0.0206,0.1523,0.0852,0.0329,0.3008,0.0088,0.0707
218,Motor and Gaze Behaviors of Youth Basketball Players Taking Contested and Uncontested Jump Shots,2018,WoS,Psychology,1,mental,0.3654,0.0196,0.2569,0.0191,0.2042,0.0906,0.0084,0.0359
219,The differences in frontal midline theta power between successful and unsuccessful basketball free throws of elite basketball players,2013,WoS,Psychology; Neurosciences & Neurology; Physiology,1,arousal;attention;psychological,0.4176,0.2443,0.2206,0.0234,0.0115,0.0563,0.0097,0.0165
220,Influence of Coach's Anger on Team's Performance in Basketball,2021,WoS,Psychology,6,emotions,0.2989,0.0985,0.1032,0.1016,0.0163,0.3409,0.0137,0.0269
221,An integrated mindfulness and acceptance-based program for young elite female basketball players: Exploratory study of how it works and for whom it works best,2022,WoS,Social Sciences - Other Topics; Psychology; Sport Sciences,6,mindfulness;personality;satisfaction;stress,0.0969,0.2299,0.0344,0.1025,0.0666,0.2627,0.0934,0.1137
222,Interactive effects of dispositional mindfulness and PETTLEP imagery training on basketball shooting performance: A randomized controlled trial,2023,WoS,Social Sciences - Other Topics; Psychology; Sport Sciences,2,imagery;mindfulness,0.2311,0.345,0.335,0.0161,0.0085,0.0259,0.0069,0.0314
223,Methodology For the Definition and Application of Motivational Strategies in A Basketball Academy,2021,WoS,Psychology,6,emotional;motivation;motivational;perception;psychological,0.1502,0.0512,0.1727,0.0314,0.0115,0.2898,0.0097,0.2835
224,Individual differences of action orientation for risk taking in sports,2004,WoS,Social Sciences - Other Topics; Psychology; Sport Sciences,1,attention;cognitive;decision,0.4297,0.0728,0.039,0.1136,0.174,0.1226,0.0329,0.0154
225,Basketball experience: Exploring Nigerian basketball coaches' perspectives of grassroots sport-for-development programming as a tool to enhance well-being,2023,WoS,Social Sciences - Other Topics; Psychology,6,mental;mindfulness;resilience;stressors;well-being,0.1352,0.0425,0.0367,0.0782,0.0053,0.5907,0.0297,0.0817
226,David Vs. Goliath: Playing Against Maturity Matched or Un-Matched Opposition Results in Distinct Physical Performance and Spatial Exploration Behavior for Pre-Peak Height Velocity Basketball Athletes,2021,WoS,Psychology,1,perception,0.3687,0.1268,0.0392,0.0707,0.2817,0.0869,0.0097,0.0164
227,Psychological skills in basketball: Preliminary study for development of a Greek form of the athletic coping skills inventory-28,1998,WoS,Psychology,8,coping;psychological,0.2397,0.0523,0.0562,0.0507,0.0266,0.0766,0.0232,0.4746
228,"Acute physiological, perceived exertion and enjoyment responses during a 4-week basketball training: a small-sided game vs. high-intensity interval training",2023,WoS,Psychology,2,motivation,0.1897,0.3107,0.2494,0.0204,0.0928,0.0871,0.009,0.0411
229,Talent Selection Strategies and Relationship With Success in European Basketball National Team Programs,2021,WoS,Psychology,6,decisions,0.1124,0.0182,0.0283,0.1026,0.0077,0.3325,0.2195,0.1788
230,Reduced attentional focus and the influence on expert anticipatory perception,2018,WoS,Psychology,1,attention;attentional;perception,0.5388,0.0282,0.0602,0.0957,0.0426,0.1717,0.0433,0.0195
231,A measure of stress for athletic performance,1997,WoS,Psychology,3,emotional;mood;stress;well-being,0.1409,0.1529,0.2445,0.1315,0.0227,0.1082,0.0794,0.1199
232,"Self-esteem, self-confidence, anxiety and claimed self-handicapping: A mediational analysis",2011,WoS,Social Sciences - Other Topics; Psychology; Sport Sciences,1,anxieties;anxiety;cognitive;confidence;psychological,0.2288,0.2159,0.2185,0.0892,0.1632,0.044,0.0142,0.0262
233,Assessment of hearing-impaired athletes' anxiety and self-perceptions,1997,WoS,Psychology,6,anxiety;cognitive;confidence;motivation;perception,0.1029,0.0995,0.178,0.0915,0.1141,0.2803,0.0129,0.1208
234,Consumption benefits and gambling: Evidence from the NCAA basketball betting market,2013,WoS,Business & Economics; Psychology,2,motivate,0.2597,0.2811,0.1366,0.1001,0.0535,0.0554,0.0152,0.0984
235,The Relationship Between Reactive Agility and Change of Direction Speed in Professional Female Basketball and Handball Players,2021,WoS,Psychology,5,cognitive;perception,0.228,0.2013,0.0597,0.1182,0.2375,0.0703,0.0079,0.0771
236,In situ examination of decision-making skills and gaze behaviour of basketball players,2018,WoS,Neurosciences & Neurology; Psychology; Sport Sciences,1,decision;decision-making;decisions,0.3542,0.067,0.112,0.1719,0.1685,0.0734,0.0118,0.0412
237,The use of a single-case research design to investigate the efficacy of imagery training,1996,WoS,Social Sciences - Other Topics; Psychology; Sport Sciences,3,imagery;mental;psychologist;psychology,0.1739,0.1062,0.4426,0.0237,0.0813,0.0667,0.0097,0.0958
238,Movement pattern recognition in basketball free-throw shooting,2012,WoS,Neurosciences & Neurology; Psychology; Sport Sciences,1,cognition,0.4191,0.0779,0.068,0.0894,0.0328,0.065,0.2124,0.0354
239,An investigation into the effects of hypnosis on basketball performance,2001,WoS,Social Sciences - Other Topics; Psychology; Sport Sciences,2,cognitions,0.1754,0.239,0.0603,0.0538,0.1723,0.2346,0.0238,0.0407
240,Investigation of the interaction between coach transformational leadership and coaching competency change over time,2021,WoS,Social Sciences - Other Topics; Psychology,6,cognitive;leadership,0.0834,0.0375,0.1041,0.1519,0.0182,0.3768,0.0156,0.2124
241,Evaluating basketball player's rotation line-ups performance via statistical markov chain modelling,2022,WoS,Social Sciences - Other Topics; Psychology,6,decisions,0.2565,0.1353,0.0825,0.0194,0.0309,0.3329,0.1279,0.0147
242,Enhancing performance expectancies through positive comparative feedback facilitates the learning of basketball free throw in children,2018,WoS,Social Sciences - Other Topics; Psychology; Sport Sciences,1,motivational,0.3674,0.0244,0.3422,0.0276,0.0125,0.0889,0.0104,0.1266
243,Is ego depletion associated with increased distractibility? Results from a basketball free throw task,2015,WoS,Social Sciences - Other Topics; Psychology; Sport Sciences,1,attention,0.4257,0.0286,0.2157,0.0661,0.1638,0.0384,0.0117,0.0499
244,Repeating Head Fakes in Basketball: Temporal Aspects Affect the Congruency Sequence Effect and the Size of the Head-Fake Effect,2023,WoS,Psychology,1,attention,0.3027,0.0597,0.0665,0.2862,0.2153,0.0265,0.0079,0.0352
245,Expectancy information and coach effectiveness in intercollegiate basketball,2005,WoS,Social Sciences - Other Topics; Psychology; Sport Sciences,6,psychological,0.1373,0.0284,0.1814,0.1508,0.0145,0.452,0.0122,0.0233
246,Factors of disagreement between coaches and players of a high-level basketball team when assessing individual session perceived exertions,2015,WoS,Psychology,3,attention,0.1442,0.0634,0.299,0.1748,0.0182,0.2585,0.0156,0.0264
247,"Personality and performance in real-world competitions: Testing trait activation of fear of negative evaluation, dispositional reinvestment, and athletic identity in the field",2017,WoS,Social Sciences - Other Topics; Psychology; Sport Sciences,6,anxiety;cognitive;confidence;fear;identity;personality,0.1798,0.0221,0.0969,0.1638,0.0923,0.3383,0.0704,0.0362
248,Relative Age Effect and Biological Maturation on Inhibitory Control of Motor Response in Basketball,2021,WoS,Psychology,1,cognition;cognitive,0.4519,0.0681,0.1177,0.0319,0.0232,0.271,0.0133,0.0229
249,Matches and mismatches between telic dominance and type of sport: Changes in emotions and stress pre- to post-performance,2006,WoS,Psychology,1,anxiety;emotional;emotions;motivational;stress,0.2878,0.1844,0.1478,0.0281,0.0392,0.0798,0.0104,0.2225
250,PSYCHOLOGICAL PROFILES OF THE UNITED-STATES WHEELCHAIR BASKETBALL TEAM,1992,WoS,Social Sciences - Other Topics; Psychology; Sport Sciences,6,psychological,0.1455,0.0697,0.0761,0.1954,0.0886,0.2888,0.0254,0.1105
251,SPECTATORS EVALUATIONS OF RIVAL AND FELLOW FANS,1994,WoS,Psychology,6,motivations,0.2015,0.141,0.2114,0.0259,0.0127,0.3195,0.011,0.0769
252,Specific effect of a cognitive-motor dual-task training on sport performance and brain processing associated with decision-making in semi-elite basketball players,2023,WoS,Social Sciences - Other Topics; Psychology; Sport Sciences,1,attention;attentional;cognitive;decision-making,0.5619,0.16,0.1396,0.0176,0.0124,0.0869,0.0078,0.0137
253,"Mindfulness Intervention With a US Women's NCAA Division I Basketball Team: Impact on Stress, Athletic Coping Skills and Perceptions of Intervention",2017,WoS,Social Sciences - Other Topics; Psychology; Sport Sciences,1,coping;mindfulness;stress,0.2121,0.1485,0.1969,0.1103,0.017,0.1529,0.0146,0.1477
254,Trust in leadership and team performance: Evidence from NCAA basketball,2000,WoS,Psychology; Business & Economics,6,leadership,0.0833,0.0389,0.1085,0.2062,0.0198,0.4286,0.0167,0.0981
255,Do experts see it in slow motion? Altered timing of action simulation uncovers domain-specific perceptual processing in expert athletes,2017,WoS,Psychology,1,perceptual,0.6089,0.0426,0.062,0.0566,0.0109,0.052,0.0102,0.1568
256,Precompetition anxiety in Chinese athletes,1999,WoS,Psychology,5,anxiety;cognitive;confidence,0.1595,0.0358,0.2258,0.077,0.3475,0.1107,0.0154,0.0283
257,"Leader-member skill distance, team cooperation, and team performance: A cross-culture study in a context of sport teams",2015,WoS,Psychology; Social Sciences - Other Topics; Sociology,1,psychological,0.2966,0.0383,0.1797,0.0991,0.0127,0.0883,0.1208,0.1645
258,Acutely increased workload is correlated with significant injuries among national basketball association players,2022,WoS,Social Sciences - Other Topics; Psychology,4,stress,0.2176,0.1671,0.0803,0.2784,0.0371,0.1107,0.089,0.0197
259,HOME ADVANTAGE ANALYSIS IN ACB LEAGUE IN SEASON 2007-2008,2009,WoS,Psychology,2,anxiety;motivation;psychologist,0.0843,0.3452,0.1406,0.0239,0.0659,0.2023,0.0907,0.0469
260,Salivary testosterone and cortisol responses to cycle ergometry in basketball players with different training volume,2002,WoS,Psychology; Neurosciences & Neurology,3,mood,0.2768,0.1311,0.2878,0.03,0.118,0.0493,0.0136,0.0936
261,The Effect of Heart Rate Variability Biofeedback on Performance Psychology of Basketball Players,2012,WoS,Psychology,2,anxiety;coping;motivational;psychology;self;self-efficacy;stress,0.1259,0.2564,0.1629,0.0178,0.1359,0.1612,0.0528,0.0871
262,"The relationship between sport types, sex and visual attention as assessed in a multiple object tracking task",2023,WoS,Psychology,1,attention,0.4919,0.0313,0.1139,0.0609,0.107,0.1579,0.0123,0.0248
263,"Team cohesion, effort, and objective individual performance of high school basketball players",2001,WoS,Social Sciences - Other Topics; Psychology; Sport Sciences,6,cohesion,0.0937,0.2563,0.0459,0.0383,0.0198,0.2708,0.1452,0.1301
264,Individual characteristics of physical and mental development and their connection with regular physical exercises when playing basketball,2022,WoS,Psychology,8,decision-making;mental;personality,0.2655,0.0379,0.0162,0.0775,0.0077,0.1501,0.0985,0.3467
265,Are Target-Shooters More Aggressive Than the General Population?,2017,WoS,Behavioral Sciences; Psychology,4,anxiety;emotion;psychological,0.2679,0.0428,0.2365,0.3146,0.0143,0.0916,0.011,0.0214
266,Influences of domain knowledge on segmentation and memory,2021,WoS,Psychology,1,expertise,0.3602,0.0337,0.0819,0.1424,0.3083,0.0372,0.0245,0.0118
267,Investigating the EEG Profile of Elite and Non-Elite Players in the Basketball Free Throw Task,2024,WoS,Neurosciences & Neurology; Psychology; Sport Sciences,1,attention;cognitive,0.6494,0.1123,0.109,0.0196,0.01,0.029,0.0084,0.0623
268,Training physical education students to self-regulate during basketball free throw practice,2006,WoS,Social Sciences - Other Topics; Psychology; Sport Sciences,1,motivational,0.3378,0.1076,0.2547,0.1046,0.0169,0.091,0.0142,0.0732
269,"Body Size, Coping Strategies, and Mental Health in Adolescent Female Athletes",2012,WoS,Social Sciences - Other Topics; Psychology,6,coping;mental;psychological;stress;well-being,0.1359,0.2027,0.0838,0.0315,0.1533,0.2184,0.0139,0.1605
270,Analysis of Novel Basketball Coaches: Pedagogical Content Knowledge Using Mixed Methodology,2022,WoS,Psychology,6,motivation,0.2842,0.0724,0.0408,0.0724,0.0175,0.4189,0.0148,0.0789
271,Identifying and analyzing the construction and effectiveness of offensive plays in basketball by using systematic observation,2009,WoS,Psychology,6,psychology,0.2774,0.0289,0.0642,0.0892,0.011,0.3848,0.0613,0.0832
272,Contextual influences on moral functioning of college basketball players,2002,WoS,Social Sciences - Other Topics; Psychology; Sport Sciences,8,motivational,0.0966,0.0469,0.167,0.0455,0.0244,0.1138,0.0204,0.4855
273,"STRESS, COPING, AND INJURIES IN MALE AND FEMALE HIGH-SCHOOL BASKETBALL PLAYERS",1995,WoS,Psychology,4,coping;stress,0.135,0.2399,0.0418,0.2761,0.0198,0.1788,0.0167,0.0919
274,Does Emotional Intelligence Predict Athletes' Motivation to Participate in Sports?,2019,WoS,Psychology,1,emotion;emotional;emotions;motivation,0.3915,0.198,0.0503,0.0435,0.0267,0.1376,0.0191,0.1333
275,Job satisfaction of accomplished male university basketball coaches: The Canadian context,2005,WoS,Social Sciences - Other Topics; Psychology; Sport Sciences,6,attitudes;satisfaction,0.0798,0.0344,0.037,0.1527,0.0175,0.3997,0.0527,0.2262
276,Young Basketball Players' Multiple Object Tracking Skills Were Unaffected by Stroop-Induced Mental Fatigue,2023,WoS,Psychology,2,mental,0.1267,0.5486,0.0716,0.0662,0.0184,0.1295,0.0137,0.0252
277,"RELATIONSHIP BETWEEN THE LEVEL OF SELF-EFFICACY, PERFORMANCE INDICATORS, AND PARTICIPATION IN YOUTH BASKETBALL",2009,WoS,Psychology,1,self-efficacy,0.217,0.0495,0.1876,0.0252,0.0117,0.2137,0.1134,0.1818
278,When your team is not really your team anymore: Identification with a merged basketball club,2008,WoS,Social Sciences - Other Topics; Psychology; Sport Sciences,6,identity;psychological;satisfaction,0.1056,0.019,0.2861,0.1064,0.0097,0.4512,0.0081,0.014
279,Basketball players' versatility: Assessing the diversity of tactical roles,2019,WoS,Social Sciences - Other Topics; Psychology,3,decisions,0.2916,0.0604,0.329,0.0699,0.0466,0.1689,0.0124,0.0213
280,Winning the second half: The perceived and actual impact of the coach's half-time speech on basketball players' performance,2022,WoS,Social Sciences - Other Topics; Psychology,1,perception;psychological,0.3268,0.0354,0.1367,0.1574,0.0169,0.288,0.0145,0.0244
281,Training with anxiety has a positive effect on expert perceptual-motor performance under pressure,2009,WoS,Psychology; Physiology,5,anxiety;choking;perceptual,0.2227,0.1856,0.0373,0.0334,0.3971,0.0836,0.0148,0.0256
282,"Essential kinematic information, athletic experience, and affordance perception for others",2014,WoS,Psychology,1,perception;perceptual,0.5231,0.0265,0.0323,0.0256,0.0512,0.3092,0.0116,0.0205
283,Ritualization increases the perceived efficacy of instrumental actions,2021,WoS,Psychology,6,perception,0.232,0.0299,0.2059,0.1724,0.0152,0.2698,0.0508,0.0239
284,Examining the psychometric properties of the Coach-Athlete Relationship Questionnaire (CART-Q) with basketball players in China and Spain,2023,WoS,Psychology,1,psychological,0.2038,0.1743,0.1279,0.0311,0.0163,0.2009,0.0529,0.1928
285,Enhancing performance and skill acquisition in novice basketball players with instructional self-talk,2002,WoS,Social Sciences - Other Topics; Psychology; Sport Sciences,1,self-talk,0.3674,0.0431,0.289,0.0594,0.0179,0.1867,0.013,0.0235
286,Two individualized mental training programs for a team sport,1997,WoS,Social Sciences - Other Topics; Psychology; Sport Sciences,6,anxiety;cognitive;confidence;imagery;mental,0.1261,0.0414,0.317,0.0267,0.0905,0.3671,0.0119,0.0194
287,ATTITUDE SIMILARITY AND EVALUATION OF A WOMENS ATHLETIC TEAM,1995,WoS,Psychology,8,attitude,0.184,0.126,0.1082,0.1811,0.0283,0.1581,0.0238,0.1904
288,"Long-term, multi-event surprise correlates with enhanced autobiographical memory",2023,WoS,Psychology; Science & Technology - Other Topics; Neurosciences & Neurology,4,psychological,0.1011,0.058,0.1173,0.2998,0.279,0.118,0.0093,0.0176
289,Changing viewpoints during dynamic events,2007,WoS,Ophthalmology; Psychology,6,cognition;cognitive,0.1986,0.1544,0.0252,0.15,0.0316,0.3478,0.0566,0.0359
290,THE EFFECT OF HIGHLIGHT MUSIC VIDEOTAPES UPON THE GAME PERFORMANCE OF INTERCOLLEGIATE BASKETBALL PLAYERS,1995,WoS,Social Sciences - Other Topics; Psychology; Sport Sciences,6,imagery;psychologists;psychology,0.2428,0.0697,0.1023,0.0374,0.1093,0.4019,0.0125,0.0241
291,Effects of Time Constraints and Goal Setting on Basketball Shooting,2022,WoS,Psychology,1,anxiety;attention,0.4299,0.0272,0.0764,0.0239,0.0647,0.2403,0.0925,0.0452
292,PSYCHOLOGICAL ANTECEDENTS OF FLOW IN RECREATIONAL SPORT,1995,WoS,Psychology,3,anxiety;confidence;psychological;satisfaction,0.1187,0.0775,0.2803,0.0599,0.0886,0.1826,0.0306,0.1618
293,A YEARLY MENTAL TRAINING-PROGRAM FOR A COLLEGE BASKETBALL PLAYER,1993,WoS,Social Sciences - Other Topics; Psychology; Sport Sciences,6,anxiety;attentional;imagery;mental;psychological;stress,0.1216,0.0833,0.2033,0.0622,0.0489,0.4133,0.0128,0.0545
294,Pressing Crowd Noise Impairs the Ability of Anxious Basketball Referees to Discriminate Fouls,2019,WoS,Psychology,3,anxiety;decision-making;decisions,0.1682,0.1277,0.3309,0.0192,0.3054,0.0262,0.0083,0.0142
295,Self-Focused Attention and Motor Skill Failure: The Moderating Role of Action Orientation,2016,WoS,Social Sciences - Other Topics; Psychology,1,arousal;attention;personality,0.5581,0.1541,0.0385,0.0383,0.0826,0.0474,0.0548,0.0263
296,SKILL-RELATED DIFFERENCES BETWEEN ATHLETES AND NONATHLETES IN SPEED DISCRIMINATION,2008,WoS,Psychology,1,decision-making,0.3278,0.0365,0.1166,0.0741,0.0182,0.2267,0.1732,0.0269
297,Examining physical exertion as a potential cause of choking,2019,WoS,Social Sciences - Other Topics; Psychology; Sport Sciences,1,choking;psychologists,0.231,0.1466,0.2267,0.04,0.1102,0.1871,0.0189,0.0395
298,Calling the Screens: Self-Reported Developmental Outcomes in Competitive Basketball,2015,WoS,Psychology,6,confidence;decision;motivated,0.2035,0.028,0.0631,0.0498,0.0143,0.5193,0.012,0.1099
299,Understanding variability in defense against direct screens in basketball,2021,WoS,Social Sciences - Other Topics; Psychology,1,attention;cognitive;decision-making,0.3859,0.1394,0.0302,0.0581,0.0143,0.2115,0.1072,0.0534
300,Effects of training volume on hormones and mood in basketball players,2002,WoS,Psychology,3,depression;mood;psychological,0.1641,0.0673,0.2828,0.0361,0.1832,0.0587,0.016,0.1916
301,Transcranial direct current stimulation during a prolonged cognitive task: the effect on cognitive and shooting performances in professional female basketball players,2023,WoS,Engineering; Psychology,1,cognitive,0.3954,0.1632,0.0967,0.1528,0.0555,0.0936,0.0151,0.0279
302,Predictors of aggressive tendencies in girls' basketball: An examination of beginning and advanced participants in a summer skills camp,2001,WoS,Social Sciences - Other Topics; Psychology; Sport Sciences,6,perception,0.192,0.0309,0.2938,0.0629,0.0152,0.3076,0.0128,0.0848
303,Aggressive Acts Increase Commitment to New Groups: Zombie Attacks and Blocked Shots,2014,WoS,Psychology,4,attitudes,0.2421,0.0389,0.0909,0.3007,0.0198,0.0943,0.0714,0.142
304,"Strength of evidence, judged probability, and choice under uncertainty",1999,WoS,Psychology,4,decisions,0.1558,0.1198,0.188,0.2007,0.0144,0.09,0.1666,0.0646
305,Practice reduces the costs of producing head fakes in basketball,2023,WoS,Psychology,1,cognitive,0.2856,0.0266,0.1009,0.272,0.1812,0.0702,0.0291,0.0344
306,Excellence in Women Basketball: Sport Career Development of World Champions and Olympic Medalists Brazilian Athletes,2019,WoS,Psychology,6,cognition,0.1182,0.0715,0.1447,0.2028,0.0175,0.3356,0.0161,0.0936
307,"Psychological need-satisfaction, and basketball performance",2013,WoS,Social Sciences - Other Topics; Psychology; Sport Sciences,3,psychological;satisfaction,0.2147,0.1118,0.3528,0.0462,0.0198,0.1195,0.0167,0.1186
308,COMPETITIVE ANXIETY IN EXPERT FEMALE ATHLETES: SOURCES AND INTENSITY OF ANXIETY IN NATIONAL TEAM AND FIRST DIVISION SPANISH BASKETBALL PLAYERS,2009,WoS,Psychology,6,anxiety,0.103,0.0342,0.1895,0.2139,0.1105,0.3117,0.0137,0.0235
309,The effects of different types of imagery delivery on basketball free-throw shooting performance and self-efficacy,2018,WoS,Social Sciences - Other Topics; Psychology; Sport Sciences,3,imagery;self-efficacy,0.1202,0.0246,0.4474,0.1523,0.0789,0.0851,0.0105,0.081
310,Mental fatigue impairs technical performance and alters neuroendocrine and autonomic responses in elite young basketball players,2018,WoS,Psychology; Behavioral Sciences,2,mental,0.1197,0.5654,0.1033,0.1075,0.0172,0.0481,0.0142,0.0246
311,"The effects of age and sex on mental rotation performance, verbal performance, and brain electrical activity",2002,WoS,Developmental Biology; Psychology,1,cognitive;decision;decision-making;mental,0.6715,0.0623,0.0236,0.0899,0.0354,0.066,0.0094,0.0419
312,From the playground to the WNBA. A case study with basketball player Ticha Penicheiro,2013,WoS,Psychology,6,anxiety;attitude;leadership;motivation;psychological;stress,0.1962,0.0991,0.0862,0.0625,0.0306,0.3834,0.0068,0.1353
313,Altered effective connectivity between lateral occipital cortex and superior parietal lobule contributes to manipulability-related modulation of the Ebbinghaus illusion,2022,WoS,Behavioral Sciences; Neurosciences & Neurology; Psychology,1,perception;perceptual,0.4129,0.0276,0.1232,0.2562,0.0151,0.1327,0.0121,0.0202
314,The effects of self-controlled video feedback on the learning of the basketball set shot,2012,WoS,Psychology,3,attention;attentional,0.3147,0.0719,0.4022,0.0213,0.0942,0.0715,0.0077,0.0165
315,An Interpretative Phenomenological Analysis of Coach Perceptions in the Practice Environment,2020,WoS,Social Sciences - Other Topics; Psychology; Sport Sciences,6,perception;psychological,0.177,0.0237,0.2175,0.0577,0.0272,0.4677,0.0103,0.0189
316,The effect of visualization format and content complexity on acquisition of tactical actions in basketball,2019,WoS,Psychology,2,attention;attitudes;cognitive;engagement;mental,0.2084,0.3913,0.0176,0.0163,0.0079,0.0989,0.0067,0.2528
317,Alleviating Choking: The Sounds of Distraction,2009,WoS,Social Sciences - Other Topics; Psychology; Sport Sciences,1,anxiety;choking;cognitions,0.2859,0.1794,0.0375,0.0322,0.2729,0.1157,0.0147,0.0617
318,Detecting and predicting changes,2009,WoS,Psychology,4,decisions;psychological,0.3006,0.0766,0.0406,0.3924,0.0169,0.0956,0.0508,0.0266
319,"From a fixation on sports to an exploration of mechanism: The past, present, and future of hot hand research",2006,WoS,Psychology,4,attention;cognition,0.3228,0.0871,0.1027,0.3989,0.0147,0.0415,0.0117,0.0206
320,"The influence of task value, expectancies for success, and identity on athletes' achievement behaviors",2004,WoS,Social Sciences - Other Topics; Psychology; Sport Sciences,8,identity,0.0715,0.1833,0.0996,0.1913,0.0112,0.1527,0.0097,0.2807
321,The Influence of Anxiety on Visual Attentional Control in Basketball Free Throw Shooting,2009,WoS,Social Sciences - Other Topics; Psychology; Sport Sciences,1,anxiety;attentional,0.4536,0.1177,0.0958,0.0751,0.1888,0.0442,0.009,0.0159
322,Concurrent Imitative Movement During Action Observation Facilitates Accuracy of Outcome Prediction in Less-Skilled Performers,2018,WoS,Psychology,1,perceptual,0.8121,0.0127,0.0353,0.0304,0.0064,0.018,0.0478,0.0373
323,Communicating Dynamic Behaviors in Basketball: The Role of Verbal Instructions and Arrow Symbols,2020,WoS,Social Sciences - Other Topics; Psychology; Sport Sciences,1,cognitive;mental,0.4626,0.1495,0.1193,0.1155,0.0239,0.0739,0.0201,0.0352
324,"Beauty and the Beast: Authoritarianism and gender roles of Israeli footballers, basketballers, non-athletes, and their wives",2013,WoS,Psychology,4,attitudes,0.1792,0.0469,0.1021,0.3536,0.1272,0.0661,0.0201,0.1048
325,Towards a Decision Quality Model for Shot Selection in Basketball: an Exploratory Study,2016,WoS,Psychology,1,decision;decisions,0.2622,0.0662,0.2066,0.0492,0.0091,0.1025,0.1767,0.1276
326,Quantifying Training and Game Demands of a National Basketball Association Season,2021,WoS,Psychology,2,engagement,0.2911,0.3252,0.0713,0.0193,0.01,0.1692,0.0084,0.1056
327,I'm Pretty Sure That We Will Win!: The Influence of Score-Related Nonverbal Behavioral Changes on the Confidence in Winning a Basketball Game,2014,WoS,Social Sciences - Other Topics; Psychology; Sport Sciences,3,confidence,0.1783,0.0565,0.2999,0.0665,0.0163,0.1975,0.1263,0.0588
328,Adding Acoustical to Visual Movement Patterns to Retest Whether Imitation Is Goal- or Pattern-Directed,2020,WoS,Psychology,1,attention,0.5392,0.1246,0.0421,0.0712,0.0096,0.0812,0.0921,0.0401
329,Shot fakes as an indicator of successful offense in basketball,2022,WoS,Neurosciences & Neurology; Psychology; Sport Sciences,1,expertise,0.3129,0.0881,0.1361,0.0379,0.2005,0.1134,0.0994,0.0117
330,Relationship between biological markers and psychological states in elite basketball players across a competitive season,2012,WoS,Social Sciences - Other Topics; Psychology; Sport Sciences,2,cognitive;emotional;motivational;perception;psychological;stress,0.2553,0.2773,0.097,0.1026,0.078,0.1593,0.0111,0.0194
331,Promoting language development in physically disabled adults through sports: The content and language integrated learning method,2022,WoS,Psychology,8,motivation,0.1649,0.0919,0.0441,0.1257,0.0147,0.2492,0.0126,0.297
332,Large data and Bayesian modeling-aging curves of NBA players,2019,WoS,Psychology,1,psychology,0.358,0.0465,0.0763,0.0807,0.0107,0.2706,0.1088,0.0483
333,Approach-achievement goals and motivational context on psycho-physiological functioning and performance among novice basketball players,2020,WoS,Social Sciences - Other Topics; Psychology; Sport Sciences,7,anxiety;motivational;psychological;stress,0.1664,0.1256,0.0502,0.0391,0.0776,0.1683,0.2216,0.1512
334,Research of visual attention in basketball shooting: A systematic review with meta-analysis,2022,WoS,Social Sciences - Other Topics; Psychology,1,anxiety;attention,0.5307,0.0329,0.1463,0.0341,0.1804,0.0405,0.0236,0.0116
335,Shooting Free Throws Under Pressure: A Social Media Self-Talk Intervention,2023,WoS,Psychology,1,self-talk;stress,0.4389,0.2421,0.0525,0.0229,0.142,0.0342,0.0102,0.0571
336,The effect of group-identification on emotion recognition: The case of cats and basketball players,2006,WoS,Psychology,4,cognition;emotion;emotional,0.2172,0.0545,0.0582,0.2728,0.0171,0.1392,0.0142,0.2268
337,High versus low motivating music on intermittent fitness and agility in young well-trained basketball players,2022,WoS,Social Sciences - Other Topics; Psychology,2,motivating;motivation;motivational,0.1626,0.2621,0.2304,0.0214,0.2132,0.031,0.0385,0.0407
338,Modelling the Relationship Between NBA Draft and the Career Longevity of Players Using Generalized Additive Models,2019,WoS,Psychology,6,decisions,0.0867,0.027,0.046,0.0572,0.0289,0.6568,0.0077,0.0897
339,"Anxiety, Ego Depletion, and Sports Performance",2012,WoS,Social Sciences - Other Topics; Psychology; Sport Sciences,3,anxiety,0.2146,0.0696,0.2551,0.0322,0.1266,0.2268,0.0142,0.0609
340,Brief report: A qualitative study of gender preferences and motivational factors for physical activity in underserved adolescents,2005,WoS,Psychology,1,motivational,0.5151,0.0264,0.0848,0.0258,0.0476,0.1372,0.0113,0.1517
341,The Association Between Facial Width-to-Height Ratio (fWHR) and Sporting Performances: Evidence From Professional Basketball Players in Japan,2021,WoS,Psychology,4,psychology,0.1816,0.0913,0.176,0.2884,0.0331,0.1797,0.0167,0.0333
342,Do alternative instructional approaches result in different game performance learning outcomes? Authentic assessment in varying game conditions,2007,WoS,Social Sciences - Other Topics; Psychology; Sport Sciences,1,cognitive;decision-making,0.5065,0.0461,0.0811,0.0361,0.0199,0.1675,0.0161,0.1267
343,Successful Transfer of a Motor Learning Strategy to a Novel Sport,2017,WoS,Psychology,1,motor,0.4822,0.022,0.1653,0.0213,0.0113,0.0573,0.0094,0.2312
344,Who should we hire?: Examining coaching succession in NCAA Division I women's basketball,2017,WoS,Social Sciences - Other Topics; Psychology,2,decision,0.2721,0.2733,0.0718,0.0557,0.015,0.1965,0.0117,0.1039
345,"Reinvestment, task complexity and decision making under pressure in basketball",2015,WoS,Social Sciences - Other Topics; Psychology; Sport Sciences,1,choking;decision;decisions;perceptual,0.3683,0.0629,0.1437,0.0581,0.175,0.0778,0.012,0.1021
346,Anticipatory representation of visual basketball scenes by novice and expert players,2005,WoS,Psychology,1,cognition;expertise;perception;perceptual,0.3776,0.0331,0.0719,0.0665,0.0153,0.3693,0.0127,0.0535
347,"The Effects of Prosocial and Antisocial Behaviors on Emotion, Attention, and Performance During a Competitive Basketball Task",2018,WoS,Social Sciences - Other Topics; Psychology; Sport Sciences,1,anxiety;attention;emotion;emotions,0.408,0.0511,0.1147,0.0244,0.126,0.1927,0.0104,0.0727
348,Posture-related affordances guide attacks in basketball,2011,WoS,Social Sciences - Other Topics; Psychology; Sport Sciences,1,decision,0.6226,0.2339,0.0239,0.0462,0.0113,0.0345,0.0092,0.0184
349,Fractal Structure of Event Segmentation: Lessons From Reel and Real Events,2013,WoS,Psychology,4,attention;perception,0.1324,0.0489,0.0297,0.3398,0.0858,0.1455,0.2015,0.0164
350,"Effect of Ball Mass on Dribble, Pass, and Pass Reception in 9-11-Year-Old Boys' Basketball",2012,WoS,Social Sciences - Other Topics; Psychology; Sport Sciences,1,attention,0.4465,0.1967,0.0276,0.0823,0.1545,0.042,0.0113,0.0391
351,Sequential effects in elite basketball referees' foul decisions: An experimental study on the concept of game management,2006,WoS,Social Sciences - Other Topics; Psychology; Sport Sciences,1,cognition;decisions,0.3068,0.0542,0.2812,0.2407,0.0123,0.0767,0.0097,0.0184
352,EEG frequency variations during an test attentional in athletes,1996,WoS,Social Sciences - Other Topics; Psychology; Sport Sciences,2,attention;attentional,0.3042,0.3225,0.0283,0.0541,0.0677,0.0766,0.0959,0.0508
353,EFFECT OF A TRAINING PROGRAM ON THE IMPROVEMENT OF BASKETBALL PLAYERS' DECISION MAKING,2009,WoS,Psychology,1,decision,0.4541,0.0277,0.1397,0.0249,0.0425,0.2781,0.0115,0.0215
354,Analogy Learning and the Performance of Motor Skills Under Pressure,2009,WoS,Social Sciences - Other Topics; Psychology; Sport Sciences,1,attentional,0.4434,0.0538,0.0908,0.0613,0.1375,0.1495,0.01,0.0537
355,"An Intra-Individual Analysis of Players' Perceived Coaching Behaviours, Psychological Needs, and Achievement Goals",2009,WoS,Social Sciences - Other Topics; Psychology,8,leadership;motivation;motivational;psychological;satisfaction,0.1355,0.1049,0.0892,0.1398,0.0107,0.1219,0.151,0.2471
356,The Long Shadow of Rivalry: Rivalry Motivates Performance Today and Tomorrow,2018,WoS,Psychology,6,motivates;motivation;motivational,0.08,0.1347,0.1199,0.1233,0.0209,0.3902,0.0595,0.0714
357,THE RELATIONSHIP OF PERCEIVED MOTIVATIONAL CLIMATE TO INTRINSIC MOTIVATION AND BELIEFS ABOUT SUCCESS IN BASKETBALL,1992,WoS,Social Sciences - Other Topics; Psychology; Sport Sciences,8,motivation;motivational,0.1678,0.0853,0.0543,0.1419,0.0634,0.0692,0.0607,0.3573
358,THE HIDDEN COST OF COACHING: INTENTIONAL TRAINING OF SHOT ADEQUACY DISCRIMINATION IN BASKETBALL HAMPERS UTILIZATION OF INFORMATIVE INCIDENTAL CUES,2015,WoS,Psychology,1,decision;decisions,0.5269,0.0283,0.1973,0.0249,0.0388,0.0645,0.0676,0.0517
359,Superstitious beliefs as moderators in the achievement goals: competitive anxiety relationship,2012,WoS,Social Sciences - Other Topics; Psychology; Sport Sciences,7,anxiety;cognitive,0.1146,0.0359,0.0575,0.1582,0.159,0.2028,0.2211,0.051
360,The hot hand phenomenon as a cognitive adaptation to clumped resources,2009,WoS,Psychology; Behavioral Sciences; Biomedical Social Sciences,4,cognitive;psychological,0.1399,0.135,0.1109,0.3191,0.0127,0.1975,0.0382,0.0467
361,Self-focused attention and performance failure under psychological stress,2002,WoS,Social Sciences - Other Topics; Psychology; Sport Sciences,1,anxiety;attention;psychological;stress;stressful,0.3264,0.2093,0.1297,0.0309,0.1573,0.058,0.0129,0.0754
362,Terror management and the vicissitudes of sports fan affiliation: the effects of mortality salience on optimism and fan identification,2000,WoS,Psychology,1,psychological,0.2808,0.2586,0.1753,0.1167,0.0116,0.1235,0.0097,0.0238
363,Do clutch players win the game? Testing the validity of the clutch player's reputation in basketball,2015,WoS,Social Sciences - Other Topics; Psychology; Sport Sciences,1,psychology,0.2811,0.1483,0.1825,0.0775,0.0642,0.2167,0.0102,0.0193
364,Developing and testing the Expanded Sport Official's Decision-Making Model,2022,WoS,Social Sciences - Other Topics; Psychology,1,decision-making;decisions;emotion;stress,0.2903,0.0703,0.2407,0.0757,0.1401,0.1101,0.0334,0.0393
365,Processing deceptive information in sports: Individual differences for responding to head fakes depends on the attentional capability of the observer,2020,WoS,Social Sciences - Other Topics; Psychology; Sport Sciences,1,attention;attentional,0.448,0.0216,0.0702,0.1377,0.2402,0.0572,0.0092,0.0159
366,Examining the Perceptual-Cognitive Mechanism of Deceptive Actions in Sports Different Processes Contribute to the Head-Fake Effect in Basketball,2020,WoS,Psychology,1,cognitive;perceptual,0.3234,0.0957,0.118,0.2323,0.0902,0.1055,0.0129,0.022
367,A Bayesian test for the hot hand phenomenon,2016,WoS,Mathematics; Mathematical Methods In Social Sciences; Psychology,4,psychology,0.115,0.202,0.0426,0.4978,0.0135,0.0568,0.0404,0.032
368,The Efficiency of Cooperative Learning in Physical Education on the Learning of Action Skills and Learning Motivation,2021,WoS,Psychology,8,motivation,0.3562,0.0257,0.0324,0.0251,0.0134,0.1452,0.0393,0.3627
369,"SWITCH HITTING IN BASEBALL: APPARENT RULE-FOLLOWING, NOT MATCHING",2011,WoS,Psychology; Behavioral Sciences,4,attention,0.1082,0.1644,0.1316,0.2416,0.0144,0.2264,0.0517,0.0617
370,Unbiased Decisions Among Women's Basketball Referees,2020,WoS,Psychology,3,decision-making;decisions;identity;stressful,0.2375,0.0486,0.3205,0.2658,0.0362,0.0333,0.0097,0.0485
371,Free throw performance in non-expert basketball players: The effect of dynamic motor imagery combined with action observation,2019,WoS,Psychology,3,imagery,0.3241,0.029,0.4361,0.0918,0.0148,0.0704,0.0125,0.0213
372,"Gritty, Hardy, and Resilient: Predictors of Sport Engagement and Life Satisfaction in Wheelchair Basketball Players",2015,WoS,Psychology,6,engagement;resilience;resiliency;resilient;satisfaction,0.0985,0.0669,0.1651,0.2812,0.0158,0.3319,0.0133,0.0274
373,Explaining performance variance: The relative contribution of intensity and direction dimensions of competitive state anxiety,1996,WoS,Neurosciences & Neurology; Psychiatry; Psychology,1,anxiety;cognitive;confidence,0.3502,0.0257,0.1877,0.0482,0.1818,0.1288,0.0081,0.0695
374,"Differences in processing of game information in basketball players, coaches and referees",2009,WoS,Social Sciences - Other Topics; Psychology; Sport Sciences,6,decision-making,0.2533,0.0755,0.2057,0.028,0.0775,0.3264,0.012,0.0216
375,Group cohesion of female intercollegiate coacting and interacting teams across a competitive season,1996,WoS,Social Sciences - Other Topics; Psychology; Sport Sciences,7,cohesion,0.1821,0.0799,0.0423,0.0673,0.0187,0.1645,0.4153,0.0298
376,The effects of goal-setting and imagery training programs on the free-throw performance of female collegiate basketball players,1996,WoS,Social Sciences - Other Topics; Psychology; Sport Sciences,3,imagery,0.0976,0.0634,0.2851,0.0305,0.1853,0.2096,0.0762,0.0522
377,Psychological Responses to Progressive Exercise Until Voluntary Exhaustion: A Study of Adolescent Male Basketball Players,2022,WoS,Psychology,1,decision-making;motivation;psychological,0.363,0.0407,0.2173,0.0395,0.1644,0.05,0.0079,0.1173
378,A Multilevel Study of Transformational Leadership and Motivational Climates in University Basketball Teams,2017,WoS,Social Sciences - Other Topics; Psychology; Sport Sciences,8,leadership;motivational;perception,0.0747,0.0309,0.0355,0.0509,0.0158,0.3779,0.0136,0.4008
379,"Sport, Media, and Consumption in Asia: A Merchandised Milieu",2010,WoS,Psychology; Social Sciences - Other Topics,2,engagement,0.1122,0.3734,0.2364,0.0558,0.0109,0.1144,0.0768,0.02
380,"The relation of physical self-perceptions of competence, goal orientation, and optimism with students' performance calibration in physical education",2018,WoS,Psychology,8,self-efficacy,0.2145,0.0459,0.0286,0.0334,0.1105,0.0747,0.01,0.4824
381,The Hot Hand Exists in Volleyball and Is Used for Allocation Decisions,2012,WoS,Psychology,4,cognitive;decisions,0.2026,0.0628,0.0651,0.481,0.0152,0.1385,0.0128,0.022
382,Participating in a new group and the identification processes: The quest for a positive social identity,2020,WoS,Psychology,4,identity,0.1412,0.0649,0.0332,0.3953,0.0158,0.2727,0.0473,0.0294
383,Participation in team sport: A self-expansion perspective,1998,WoS,Social Sciences - Other Topics; Psychology; Sport Sciences,6,cohesion;motivated,0.1365,0.0595,0.0785,0.2368,0.0127,0.2871,0.0399,0.1489
384,Momentum in sport: A real or illusionary phenomenon for spectators,1997,WoS,Social Sciences - Other Topics; Psychology; Sport Sciences,1,emotional,0.3475,0.0838,0.0706,0.1892,0.0128,0.055,0.078,0.163
385,Specificity of Learning a Sport Skill to the Visual Condition of Acquisition,2014,WoS,Neurosciences & Neurology; Psychology; Sport Sciences,3,motor,0.3606,0.0523,0.4009,0.028,0.0124,0.0414,0.0105,0.0939
386,"Exploring the Effectiveness of Immersive Video for Training Decision-Making Capability in Elite, Youth Basketball Players",2018,WoS,Psychology,1,cognitive;decision-making;decisions;perceptual,0.4227,0.0295,0.3596,0.0149,0.0071,0.0826,0.0066,0.0769
387,'Sinking and swimming in disability coaching': an autoethnographic account of coaching in a new context,2018,WoS,Social Sciences - Other Topics; Psychology; Sport Sciences,6,emotional,0.1316,0.0209,0.0679,0.184,0.0104,0.4885,0.0088,0.0878
388,The Effects of Temporal Contiguity and Expertise on Acquisition of Tactical Movements,2020,WoS,Psychology,1,expertise;mental,0.4111,0.1741,0.044,0.0406,0.01,0.2023,0.1026,0.0154
389,T-ECHO: model of decision making to explain behaviour in experiments and simulations under time pressure,2002,WoS,Social Sciences - Other Topics; Psychology; Sport Sciences,1,decision;decision-making;decisions,0.5975,0.0205,0.0205,0.0706,0.0485,0.0764,0.1062,0.0598
390,Anger and perceived legitimacy of aggression in male Hong Kong Chinese athletes: Effects of type of sport and level of competition,2009,WoS,Social Sciences - Other Topics; Psychology; Sport Sciences,1,cognitions;emotions;psychology,0.3696,0.0289,0.0737,0.2805,0.0168,0.1955,0.0124,0.0226
391,Individual differences in working memory capacity and conscious processing do not explain explicit and implicit learning outcomes in physical education,2022,WoS,Neurosciences & Neurology; Psychology; Sport Sciences,8,motor;self-efficacy,0.3107,0.0432,0.1207,0.0264,0.0634,0.0424,0.0117,0.3816
392,The role of central and peripheral vision in expert decision making,2013,WoS,Ophthalmology; Psychology,1,decision;decision-making,0.3939,0.0485,0.1854,0.0268,0.1849,0.0544,0.0637,0.0425
393,Basketball videos presented on a computer screen appear slower than in virtual reality,2022,WoS,Psychology,1,decision-making,0.614,0.0423,0.0563,0.0526,0.0127,0.1444,0.0591,0.0186
394,Capturing the Impact of Membership Turnover in Small Groups via Latent Class Growth Analysis: Modeling the Rise of the New York Knicks of the 1960s and 1970s,2009,WoS,Psychology,6,psychology,0.1315,0.16,0.1776,0.1006,0.0486,0.2304,0.064,0.0872
395,"Relationship between female adolescents' achievement goal orientations, perceptions of the motivational climate, belief about success and sources of satisfaction in basketball",1998,WoS,Social Sciences - Other Topics; Psychology; Sport Sciences,8,motivation;motivational;satisfaction;stressed,0.0806,0.0569,0.0692,0.1997,0.0716,0.1814,0.0359,0.3047
396,Coaching athletes with an intellectual disability at a national championship tournament,2023,WoS,Social Sciences - Other Topics; Psychology,6,coping;leadership;stress;stressors,0.2125,0.1524,0.0377,0.1628,0.0088,0.3555,0.0074,0.0627
397,Coaching efficacy and coaching effectiveness in predicting athlete satisfaction: A self-other agreement framework,2023,WoS,Social Sciences - Other Topics; Psychology,6,perception;satisfaction,0.0656,0.0351,0.0441,0.2319,0.0085,0.4588,0.0277,0.1284
398,Believing in Us: Exploring Leaders' Capacity to Enhance Team Confidence and Performance by Building a Sense of Shared Social Identity,2015,WoS,Psychology,4,confidence;identity;leadership;psychological,0.0738,0.0218,0.2543,0.3993,0.0324,0.1476,0.0094,0.0614
399,Well-Come Back! Professional Basketball Players Perceptions of Psychosocial and Behavioral Factors Influencing a Return to Pre-injury Levels,2019,WoS,Psychology,2,arousal;attention;cognitive;confidence;coping;emotional;emotions;motivation;psychological,0.1506,0.2266,0.0864,0.1088,0.0255,0.1855,0.0855,0.1311
400,Professor and Peer Perceptions of Requests for Academic Accommodations in College: An Examination of ADHD and Specific Learning Disorder,2023,WoS,Psychology,6,attention;depression;fear,0.1934,0.0511,0.0816,0.0791,0.0479,0.2919,0.0107,0.2444
401,Engaging in distancing tactics among sport fans: Effects on self-esteem and emotional responses,2002,WoS,Psychology,1,emotional;emotions,0.3802,0.1241,0.262,0.03,0.0131,0.0639,0.0114,0.1153
402,Comparing spatial abilities of collegiate athletes in different sports,1998,WoS,Psychology,4,perception,0.2681,0.1056,0.0504,0.2968,0.0592,0.1108,0.0212,0.0879
403,A Quantitative Study of the Impact of Functional Classification on Competitive Anxiety and Performance Among Wheelchair Basketball Athletes,2020,WoS,Psychology,4,anxiety;arousal;cognitive;self-efficacy;stressor,0.1383,0.1373,0.0894,0.2649,0.0337,0.1505,0.009,0.1769
404,Monitoring Stress Tolerance and Occurrences of Upper Respiratory Illness in Basketball Players by Means of Psychometric Tools and Salivary Biomarkers,2011,WoS,Psychology; Psychiatry,2,stress,0.0637,0.3927,0.132,0.0535,0.2529,0.0371,0.031,0.0371
405,The developmental experiences of basketball mentor coaches,2017,WoS,Social Sciences - Other Topics; Psychology,6,leadership,0.2144,0.0301,0.0242,0.0173,0.0087,0.6497,0.0074,0.0482
406,THE ACUTE EFFECTS OF PARTICIPATION IN SPORT ON MOOD - THE IMPORTANCE OF LEVEL OF ANTAGONISTIC PHYSICAL INTERACTION,1994,WoS,Psychology,3,arousal;mood;stress;stressors,0.164,0.2516,0.3306,0.0229,0.0118,0.0661,0.0105,0.1425
407,Frequency of provision of knowledge of performance on skill acquisition in older persons,2014,WoS,Psychology,1,attention,0.4159,0.1877,0.2469,0.0495,0.0169,0.0633,0.007,0.0127
408,Running During Encoding Improves Word Learning for Children,2020,WoS,Psychology,1,cognitive,0.5999,0.0249,0.0619,0.1027,0.0381,0.1018,0.0102,0.0605
409,Hot-Hand Bias in Rhesus Monkeys,2014,WoS,Psychology; Behavioral Sciences; Zoology,1,cognitive;decision;decisions,0.2936,0.0899,0.268,0.1818,0.0112,0.1281,0.0094,0.018
410,The Influence of Injury on Group Interaction Processes,2015,WoS,Social Sciences - Other Topics; Psychology; Sport Sciences,4,emotional,0.1674,0.0312,0.1239,0.3497,0.0152,0.2023,0.0156,0.0946
411,The Relationship of Competitive Cognitive Anxiety and Motor Performance: Testing the Moderating Effects of Goal Orientations and Self-Efficacy Among Chinese Collegiate Basketball Players,2021,WoS,Psychology,3,anxiety;cognitive;self-efficacy,0.233,0.0232,0.2417,0.0477,0.2183,0.0306,0.0378,0.1678
412,Competitive Rationales: Beneath the Surface of Competitive Behavior,2022,WoS,Business & Economics; Psychology,1,decisions;motivation,0.4592,0.0643,0.024,0.0548,0.0102,0.2296,0.0527,0.1052
413,The Deselection Process in Competitive Female Youth Sport,2016,WoS,Social Sciences - Other Topics; Psychology; Sport Sciences,6,decision-making;decisions,0.1474,0.1157,0.0936,0.1093,0.0175,0.3872,0.0527,0.0766
414,The role of instruction preference in analogy learning: Brain activity and motor performance,2020,WoS,Social Sciences - Other Topics; Psychology; Sport Sciences,1,cognitive,0.6117,0.0554,0.1048,0.0149,0.0078,0.1868,0.0066,0.0119
415,Detection of targets and attentional flexibility: Can computerized simulation account for developmental and skill-level differences?,1999,WoS,Social Sciences - Other Topics; Psychology; Sport Sciences,1,attentional;decision;decisions,0.4944,0.025,0.0543,0.1194,0.0677,0.1818,0.0382,0.0191
416,The Effect of Motor-Mental Preperformance Routines on Motor Performance in Novice Learners,2018,WoS,Social Sciences - Other Topics; Psychology; Sport Sciences,1,mental,0.2928,0.1732,0.091,0.1136,0.0184,0.1684,0.0154,0.1273
417,Comparison of neuropsychological test scores of high school athletes in high and low contact sports: A replication study,2018,WoS,Neurosciences & Neurology; Psychology,1,psychological,0.321,0.0499,0.0463,0.0899,0.2478,0.2194,0.0094,0.0163
418,The Athletic Intelligence Quotient and performance in the National Basketball Association,2023,WoS,Psychology,2,cognitive;personality,0.1163,0.2929,0.1162,0.0748,0.0122,0.239,0.1311,0.0174
419,Effects of attentional focus and gaze instruction during observational learning of a basketball free-throw,2023,WoS,Neurosciences & Neurology; Psychology; Sport Sciences,1,attentional;cognitive,0.6091,0.0692,0.0488,0.0223,0.1079,0.115,0.0094,0.0182
420,Body size and perceptions of coaching behaviors by adolescent female athletes,2005,WoS,Social Sciences - Other Topics; Psychology; Sport Sciences,6,attitudes;psychological;psychology,0.106,0.0586,0.0242,0.0391,0.157,0.4712,0.0086,0.1352
421,Recurrence Quantification Analysis of Crowd Sound Dynamics,2023,WoS,Psychology,1,emotional,0.243,0.0226,0.0658,0.1707,0.0747,0.1587,0.2414,0.0231
422,Sinking or sinking?: Identity salience and shifts in Black women's athletic performance,2018,WoS,Social Sciences - Other Topics; Psychology; Sport Sciences,4,identity,0.1795,0.1022,0.0358,0.6226,0.0101,0.0271,0.0079,0.0147
423,Choking under pressure: The role of fear of negative evaluation,2012,WoS,Social Sciences - Other Topics; Psychology; Sport Sciences,5,anxiety;choking;cognitive;fear,0.1512,0.1473,0.1598,0.0376,0.2538,0.2172,0.0117,0.0214
424,"Comparative study of coach-athlete interactions in mixed traditional Japanese martial art, female amateur track and field, and male professional basketball",2004,WoS,Social Sciences - Other Topics; Psychology; Sport Sciences,6,psychology,0.2153,0.1016,0.0849,0.0855,0.0207,0.2825,0.0182,0.1914
425,Optimal and suboptimal video instructions change movement execution in young talented basketball players,2023,WoS,Social Sciences - Other Topics; Psychology,1,motor,0.5583,0.0413,0.038,0.0389,0.0325,0.0989,0.1781,0.014
426,"Take the First Heuristic, Self-Efficacy, and Decision-Making in Sport",2012,WoS,Psychology,1,confidence;decision;decision-making;decisions;self-efficacy,0.2788,0.0223,0.065,0.1114,0.2327,0.0796,0.009,0.2011
427,Perfectionism and performance in a new basketball training task: Does striving for perfection enhance or undermine performance?,2008,WoS,Social Sciences - Other Topics; Psychology; Sport Sciences,5,psychology,0.2116,0.051,0.2683,0.0318,0.2964,0.0996,0.0137,0.0274
428,Does Fair Coach Behavior Predict the Quality of Athlete Leadership Among Belgian Volleyball and Basketball Players: The Vital Role of Team Identification and Task Cohesion,2022,WoS,Psychology,6,cohesion;identity;leadership,0.0751,0.0176,0.0259,0.1197,0.0076,0.5985,0.1217,0.0338
429,Working Memory Capacity Limits Motor Learning When Implementing Multiple Instructions,2017,WoS,Psychology,1,attention;motor,0.4157,0.0345,0.2285,0.0158,0.1592,0.1273,0.0069,0.0121
430,Longitudinal Study Evaluating Postural Balance of Young Athletes,2016,WoS,Psychology,1,stress,0.453,0.1285,0.1892,0.1037,0.0272,0.0407,0.0071,0.0507
431,"When the going gets tough, what happens to quiet eye? The role of time pressure and performance pressure during basketball free throws",2022,WoS,Social Sciences - Other Topics; Psychology; Sport Sciences,1,attentional;cognitive;expertise;perceptual,0.3816,0.0745,0.0566,0.0256,0.2634,0.1719,0.0097,0.0168
432,"Salivary testosterone concentration, anxiety, perceived performance and ratings of perceived exertion in basketball players during semi-final and final matches",2019,WoS,Psychology; Behavioral Sciences,2,anxiety;perceptual;psychological,0.145,0.2049,0.1513,0.029,0.1979,0.1941,0.013,0.0649
433,The analysis of the basketball coach speech during the moments of game and pause in relation to the performance in competition,2013,WoS,Psychology,6,psychological,0.3251,0.0721,0.0242,0.146,0.0115,0.369,0.0347,0.0174
434,COGNITIVE ADAPTATION: SPATIAL MEMORY OR ATTENTIONAL PROCESSING. A COMMENT ON FURLEY AND MEMMERT (2010),2011,WoS,Psychology,1,attentional;cognitive;expertise,0.4001,0.0425,0.142,0.1148,0.1153,0.0789,0.0651,0.0412
435,"Train Smarter, Play More: Insights about Preparation and Game Participation in Youth National Team",2020,WoS,Social Sciences - Other Topics; Psychology; Sport Sciences,2,perceptual,0.2083,0.4055,0.1364,0.0176,0.0285,0.033,0.027,0.1436
436,Goal setting and feedback for the development of instructional strategies,1997,WoS,Psychology,3,attentional,0.2592,0.043,0.3225,0.0176,0.0285,0.2115,0.066,0.0516
437,Putting Attention on the Spot in Coaching: Shifting to an External Focus of Attention With Imagery Techniques to Improve Basketball Free-Throw Shooting Performance,2021,WoS,Psychology,1,attention;attentional;imagery;psychology,0.5239,0.0219,0.1387,0.1647,0.0112,0.0337,0.0094,0.0964
438,Sudden death in sport: Managing the aftermath,1997,WoS,Social Sciences - Other Topics; Psychology; Sport Sciences,6,emotional;psychologists;stress,0.0596,0.2203,0.0311,0.1557,0.0147,0.3892,0.0124,0.1169
439,Physical activity self-definitions: Correlates and perceived criteria,1998,WoS,Social Sciences - Other Topics; Psychology; Sport Sciences,1,motivation,0.3908,0.0446,0.2565,0.093,0.0227,0.1213,0.02,0.051
440,The rule of three: How the third event signals the emergence of a streak,2007,WoS,Psychology; Business & Economics,4,decisions,0.1836,0.0329,0.0863,0.4924,0.0163,0.1018,0.0137,0.0729
441,Enhancing athletic performance through the administration of peppermint odor,2001,WoS,Social Sciences - Other Topics; Psychology; Sport Sciences,1,psychological,0.3017,0.0927,0.2709,0.0857,0.0207,0.1789,0.0179,0.0316
442,PERCEPTION OF FEMALE BODY SHAPES AS A FUNCTION OF EXERCISE,1994,WoS,Psychology,4,perception;satisfaction,0.143,0.174,0.157,0.2277,0.0159,0.1323,0.0562,0.0939
443,Preparing for the youth basketball European Championship: Perceptual response and acute effects of an injury prevention program,2022,WoS,Social Sciences - Other Topics; Psychology,3,perceptual,0.2632,0.2488,0.3711,0.0172,0.0317,0.0461,0.0076,0.0142
444,A Season-Long Goal-Setting Intervention for Elite Youth Basketball Teams,2020,WoS,Social Sciences - Other Topics; Psychology; Sport Sciences,6,cohesion;motivational,0.1262,0.0185,0.2124,0.0505,0.0102,0.263,0.1555,0.1637
445,Reciprocal relationships between contextual and situational motivation in a sport setting,2007,WoS,Social Sciences - Other Topics; Psychology; Sport Sciences,8,motivation;psychological;psychology;satisfaction,0.1016,0.0247,0.0875,0.1386,0.0104,0.1618,0.009,0.4663
446,"Contact sports, moral functioning and planned behaviour theory",2006,WoS,Psychology,8,attitudes;identity,0.1909,0.0928,0.0529,0.1267,0.023,0.1013,0.071,0.3415
447,Thrown to the wolves: A student's account of her practicum experience,2004,WoS,Social Sciences - Other Topics; Psychology; Sport Sciences,3,psychology,0.17,0.0339,0.2116,0.1808,0.0488,0.1643,0.0142,0.1763
448,Determinants of self-handicapping strategies in sport and their effects on athletic performance,2008,WoS,Psychology,1,self-efficacy,0.2862,0.0735,0.1599,0.1522,0.0374,0.0974,0.0315,0.1618
449,The effects of cooperation and competition on intrinsic motivation and performance,2004,WoS,Psychology,8,motivation,0.2639,0.0446,0.097,0.0432,0.0227,0.0591,0.0191,0.4503
450,Beware of the gorilla: Effect of goal priming on inattentional blindness,2017,WoS,Psychology,4,attention;attentional,0.1699,0.0555,0.0737,0.3127,0.0425,0.0703,0.2244,0.0509
451,The Susceptibility of Mental Accounting Principles to Evaluation Mode Effects,2009,WoS,Psychology,1,decision;mental,0.3187,0.1697,0.0341,0.1354,0.0169,0.2033,0.0473,0.0745
452,The effects of a brief mindfulness intervention on basketball free-throw shooting performance under pressure,2021,WoS,Social Sciences - Other Topics; Psychology; Sport Sciences,2,anxiety;cognitive;mental;mindfulness,0.0519,0.3317,0.2164,0.0428,0.2933,0.0447,0.0068,0.0124
453,ACCEPTANCE OF GAMESMANSHIP AND CHEATING IN YOUNG COMPETITIVE ATHLETES IN RELATION TO THE MOTIVATIONAL CLIMATE GENERATED BY PARENTS AND COACHES,2013,WoS,Psychology,8,motivational,0.1589,0.0396,0.0811,0.2004,0.019,0.1954,0.073,0.2327
454,Regulatory Fit Improves Putting in Top Golfers,2013,WoS,Social Sciences - Other Topics; Psychology,1,attentional;motivational,0.4324,0.0937,0.1033,0.1322,0.121,0.0647,0.0191,0.0336
455,Implicit and explicit learning of decision making in sports is effected by complexity of situation,2003,WoS,Social Sciences - Other Topics; Psychology; Sport Sciences,1,decision;decision-making;psychological,0.6524,0.1214,0.0409,0.0366,0.0576,0.0474,0.0154,0.0282
456,Sport-specific practice and the development of expert decision-making in team ball sports,2003,WoS,Social Sciences - Other Topics; Psychology; Sport Sciences,1,decision;decision-making;expertise,0.4139,0.0345,0.2255,0.0338,0.0175,0.1941,0.0533,0.0273
457,Detecting deception in a bluffing body: The role of expertise,2009,WoS,Psychology,1,expertise,0.4289,0.051,0.0776,0.1851,0.0121,0.0613,0.0884,0.0956
458,Stereotypes and implicit social comparison: Shifts in comparison-group focus,2006,WoS,Psychology,4,motivated,0.1947,0.0332,0.1491,0.4219,0.0181,0.0713,0.0142,0.0974
459,APPLYING THE TEAM IDENTIFICATION-SOCIAL PSYCHOLOGICAL HEALTH MODEL TO OLDER SPORT FANS,2011,WoS,Geriatrics & Gerontology; Psychology,6,psychological;well-being,0.1089,0.0961,0.222,0.0293,0.0152,0.4525,0.0128,0.0631
460,World-class expertise: a developmental model,2017,WoS,Psychology,6,expertise;psychology,0.1164,0.1617,0.0709,0.2057,0.0795,0.2658,0.0153,0.0847
461,"Preliminary investigation of the confidence of sport spectators: Importance of time, difficulty of the game, and team identification",1999,WoS,Psychology,3,anxiety;confidence,0.1526,0.1942,0.27,0.1135,0.0577,0.1309,0.0154,0.0657
462,"Seeing black: Race, crime, and visual processing",2004,WoS,Psychology,1,attention;attentional;decision;perception,0.3418,0.0352,0.0945,0.2877,0.0175,0.1822,0.0151,0.0261
463,SELF-EFFICACY AND CAUSAL ATTRIBUTIONS AS MEDIATORS OF PERCEPTIONS OF PSYCHOLOGICAL MOMENTUM,1992,WoS,Social Sciences - Other Topics; Psychology; Sport Sciences,6,psychological;self-efficacy,0.0945,0.2821,0.0658,0.0948,0.0152,0.3458,0.0131,0.0886
464,Using traditional and paradoxical imagery interventions with reactant intramural athletes,1997,WoS,Social Sciences - Other Topics; Psychology; Sport Sciences,3,anxiety;confidence;imagery;mental;psychological,0.0684,0.1472,0.3931,0.0647,0.1577,0.132,0.0133,0.0236
465,Explanatory style and resilience after sports failure,2003,WoS,Psychology,4,anxiety;resilience,0.0857,0.0874,0.0791,0.3383,0.1706,0.079,0.0154,0.1446
466,Optimizing rating scales of the big five socialization scale in athletes by Rasch model,2016,WoS,Psychology,4,personality;psychological;psychology,0.2176,0.0622,0.0961,0.3625,0.0301,0.0784,0.092,0.0611
467,Flow and quiet eye: the role of attentional control in flow experience,2017,WoS,Psychology,1,attention;attentional;cognitive,0.346,0.1259,0.1916,0.1039,0.0416,0.1618,0.0107,0.0184
468,An experimental examination of the cohesion-performance relationship in an interactive team sport,2000,WoS,Social Sciences - Other Topics; Psychology; Sport Sciences,7,cohesion,0.2137,0.177,0.0495,0.0392,0.0319,0.1378,0.3165,0.0346
469,Imagine that: examining the influence of sport-related imagined contact on intergroup anxiety and sexual prejudice across cultures,2014,WoS,Psychology,1,anxiety,0.357,0.0446,0.0619,0.0909,0.1549,0.0645,0.0622,0.164
470,Improving motor skill acquisition through analogy in children with autism spectrum disorders,2019,WoS,Social Sciences - Other Topics; Psychology; Sport Sciences,1,motor,0.617,0.0899,0.1044,0.0274,0.0464,0.0816,0.012,0.0213
471,The effects of selective hypothesis testing on gambling,1997,WoS,Psychology,1,cognitive;decisions,0.2564,0.0791,0.0786,0.1141,0.0182,0.1213,0.1732,0.1592
472,Sex differences in sport-related concussion long-term outcomes,2018,WoS,Psychology; Neurosciences & Neurology; Physiology,1,cognitive,0.4054,0.0504,0.0695,0.1061,0.1789,0.1351,0.0201,0.0344
473,The use of sports psychology consultants in elite sports teams,2008,WoS,Psychology,6,psychological;psychologist;psychologists;psychology,0.1679,0.0302,0.1666,0.1466,0.0156,0.3724,0.0553,0.0455
474,Harnessing the power of 'us': A randomized wait-list controlled trial of the 5R shared leadership development program (5Rs) in basketball teams,2021,WoS,Social Sciences - Other Topics; Psychology; Sport Sciences,6,identity;leadership;motivated,0.1389,0.0607,0.0229,0.1742,0.0545,0.477,0.0282,0.0435
475,Athletic performance and social behavior as predictors of peer acceptance in children diagnosed with attention-deficit/hyperactivity disorder,2005,WoS,Education & Educational Research; Psychology,1,attention,0.2918,0.0892,0.2222,0.0596,0.0159,0.2882,0.012,0.0211
476,"Student council, volunteering, basketball, or marching band: What kind of extracurricular involvement matters?",1999,WoS,Psychology,6,identity,0.1842,0.0555,0.0286,0.1998,0.0135,0.316,0.0695,0.1329
477,Salivary steroid response and competitive anxiety in elite basketball players: Effect of opponent level,2017,WoS,Psychology; Behavioral Sciences,5,anxiety;cognitive;confidence;stress,0.1752,0.1341,0.2192,0.03,0.3645,0.041,0.0133,0.0228
478,"Tactile Communication, Cooperation, and Performance: An Ethological Study of the NBA",2010,WoS,Psychology,6,emotions;stress,0.2419,0.0862,0.0793,0.1974,0.0169,0.3008,0.015,0.0624
479,Motivated reasoning in the prediction of sports outcomes and the belief in the hot hand,2017,WoS,Psychology,4,motivated;motivation,0.0974,0.0314,0.0769,0.5359,0.0147,0.0819,0.0125,0.1493
480,The affective costs of overconfidence,2004,WoS,Psychology,1,confidence;decision,0.2242,0.1679,0.1238,0.1869,0.1211,0.1067,0.0134,0.056
481,The ball don't lie: How inequity aversion can undermine performance,2010,WoS,Psychology,3,motivations,0.0954,0.1047,0.2913,0.1621,0.1102,0.0995,0.0175,0.1193
482,Effects of a task climate intervention on students' motivation in sport instruction,2010,WoS,Psychology,8,cognitive;motivation;motivational;perception,0.1178,0.0783,0.0811,0.0771,0.06,0.0494,0.016,0.5202
483,On the relativistic nature of predicted and real physical experiences: A field experiment,2015,WoS,Social Sciences - Other Topics; Psychology; Sport Sciences,6,decision-making,0.1775,0.1099,0.0686,0.0811,0.0413,0.4207,0.0111,0.0898
484,Development of the Coaching Issues Survey (CIS),2009,WoS,Social Sciences - Other Topics; Psychology; Sport Sciences,8,burnout;stress,0.1221,0.1875,0.0282,0.1063,0.0136,0.1797,0.0393,0.3234
485,"Sport, Communication, and the Culture of Consumption: On Language and Identity",2010,WoS,Psychology; Social Sciences - Other Topics,6,identity,0.1432,0.21,0.0554,0.0991,0.0124,0.2498,0.0639,0.1661
486,Self-determination in sport commitment,2006,WoS,Psychology,8,motivation;psychological,0.1317,0.19,0.0268,0.0539,0.0131,0.0881,0.0107,0.4857
487,A conceptual model of coaching efficacy: Preliminary investigation and instrument development,1999,WoS,Psychology,6,motivation;satisfaction,0.0631,0.0211,0.0506,0.0688,0.0292,0.4853,0.032,0.2499
488,"Testing the Team Identification-Social Psychological Health Model: Mediational Relationships Among Team Identification, Sport Fandom, Sense of Belonging, and Meaning in Life",2017,WoS,Psychology,6,psychological;well-being,0.1456,0.0328,0.1135,0.0848,0.0163,0.4353,0.0138,0.1579
489,Individual Differences in Susceptibility to Inattentional Blindness,2011,WoS,Psychology,4,attentional,0.2104,0.025,0.0604,0.3219,0.2921,0.0616,0.0105,0.018
490,Framing discrimination: Effects of inclusion versus exclusion mind-sets on stereotypic judgments,2006,WoS,Psychology,1,decision;decisions,0.6449,0.0566,0.0341,0.177,0.0139,0.0381,0.0117,0.0237
491,Collective efficacy: A multilevel analysis,2001,WoS,Psychology,6,leadership;self-efficacy,0.1426,0.0206,0.0473,0.2311,0.0139,0.4487,0.0089,0.0868
492,"John R. Wooden, Stephen R. Covey and Servant Leadership",2014,WoS,Social Sciences - Other Topics; Psychology,4,leadership,0.0667,0.067,0.0334,0.3833,0.0158,0.3227,0.0133,0.098
493,Mood and heuristics: The influence of happy and sad states on sensitivity and bias in stereotyping,2000,WoS,Psychology,3,mental;mood,0.1549,0.0539,0.4797,0.1015,0.0381,0.1148,0.0362,0.0208
494,"Positioning Steve Nash: A Theory-Driven, Social Psychological, and Biographical Case Study of Creativity in Sport",2016,WoS,Social Sciences - Other Topics; Psychology; Sport Sciences,6,psychological;psychology,0.1911,0.0332,0.1123,0.1385,0.0498,0.214,0.0523,0.2088
495,"Self-Regulation Differences during Athletic Practice by Experts, Non-Experts, and Novices",2001,WoS,Social Sciences - Other Topics; Psychology; Sport Sciences,1,cognitive;satisfaction;self-efficacy,0.279,0.1101,0.1393,0.138,0.0132,0.0993,0.0691,0.152
496,Sweating the uniform colors and success in sport connection: Time to put the effect to rest?,2021,WoS,Psychology,2,psychological,0.1142,0.322,0.1161,0.1213,0.0238,0.2506,0.0191,0.0329
497,When does imagery practice enhance performance on a motor task?,1999,WoS,Psychology,3,imagery,0.2507,0.0243,0.4124,0.0355,0.0117,0.2366,0.0105,0.0183
498,"AN EXAMINATION OF PERSONAL SITUATIONAL VARIABLES, STRESS APPRAISAL, AND BURNOUT IN COLLEGIATE TEACHER COACHES",1993,WoS,Social Sciences - Other Topics; Psychology; Sport Sciences,8,burnout;cognitive;satisfaction;stress,0.1725,0.1542,0.0601,0.0612,0.0135,0.2131,0.011,0.3144
499,Effects of self-handicapping strategies on anxiety before athletic performance,2008,WoS,Social Sciences - Other Topics; Psychology; Sport Sciences,1,anxiety;cognitive;psychologists,0.378,0.0315,0.0457,0.0379,0.2812,0.1894,0.013,0.0233
500,Experiences from active membership and participation in decision-making processes and age in moral reasoning and goal orientation of referees,2003,WoS,Psychology,3,decision-making,0.1526,0.2023,0.2243,0.0742,0.0971,0.1953,0.0161,0.0381
501,"Effects of Cooperation and Competition on Performance, Emotion, and Effort: Goal and Means Interdependence",2022,WoS,Social Sciences - Other Topics; Psychology; Sport Sciences,1,anxiety;emotion;emotions;motivation,0.2288,0.1662,0.1117,0.2133,0.0498,0.075,0.0135,0.1416
502,Next One Up! Exploring How Coaches Manage Team Dynamics Following Injury,2020,WoS,Social Sciences - Other Topics; Psychology; Sport Sciences,6,psychologically;well-being,0.1546,0.0774,0.0279,0.259,0.0124,0.3591,0.0372,0.0724
503,Preliminary validation of a Spanish version of the Sport Motivation Scale,2006,WoS,Psychology,8,motivation,0.2015,0.0776,0.0841,0.1161,0.06,0.0525,0.0571,0.3512
504,PSYCHOLOGICAL SKILLS - A CROSS-CULTURAL INVESTIGATION,1993,WoS,Social Sciences - Other Topics; Psychology; Sport Sciences,6,confidence;motivation;psychological,0.1346,0.0377,0.1089,0.1368,0.079,0.2877,0.0135,0.2019
505,The Effect of Teammates Support on Player's Free-Throws Effectiveness,2021,WoS,Psychology,3,cohesion;psychological,0.1836,0.1363,0.2876,0.0732,0.0198,0.2065,0.0621,0.0309
506,THE PSYCHOLOGY OF WINDFALL GAINS,1994,WoS,Psychology; Business & Economics,1,psychology,0.2391,0.0494,0.0932,0.1399,0.1486,0.128,0.0212,0.1805
507,Transformational leadership and team performance in sports teams: A conditional indirect model,2022,WoS,Psychology,6,cohesion;leadership,0.08,0.0389,0.1274,0.0377,0.0198,0.3941,0.1452,0.157
508,"High School Coaches' Experiences With Openly Lesbian, Gay, and Bisexual Athletes",2019,WoS,Psychology; Social Sciences - Other Topics,6,perception,0.1963,0.0757,0.0273,0.1077,0.057,0.4573,0.01,0.0687
509,Asset Specificity Perspective: An Alternative Explanation of Sports Fans' Loyalty and Behavioral Intention,2023,WoS,Social Sciences - Other Topics; Psychology; Sport Sciences,3,psychology,0.0751,0.1845,0.2591,0.167,0.0131,0.034,0.011,0.2562
510,Push and pull factors associated with the consumption of women's professional basketball games: A canonical correlation analysis,2022,WoS,Psychology,8,motivated;motivations;psychological,0.1685,0.1644,0.0627,0.1344,0.0088,0.1348,0.0347,0.2918
511,Deconstructing the Myth of the Monolithic Male Athlete: A Qualitative Study of Men's Participation in Athletics,2009,WoS,Psychology; Women's Studies,6,emotional;motivations;psychological,0.1911,0.0344,0.037,0.0425,0.0179,0.3624,0.0527,0.2618
512,Efficacy for interdependent role functions - Evidence from the sport domain,2002,WoS,Psychology; Business & Economics,6,confidence;perception;self-efficacy,0.2147,0.0525,0.0681,0.0394,0.0131,0.4555,0.0111,0.1456
513,Coping style and situational appraisals as predictors of coping strategies following stressful events in sport as a function of gender and skill level,1997,WoS,Psychology,8,coping;stress;stressful,0.1721,0.1883,0.1161,0.0955,0.0163,0.0439,0.0139,0.3539
514,"Role ambiguity, task cohesion, and task self-efficacy",2001,WoS,Psychology; Business & Economics,6,cohesion;self-efficacy,0.094,0.1246,0.0323,0.0931,0.0147,0.5109,0.0762,0.0542
515,WORK ATTITUDES AND LEISURE PREFERENCES - SEX-DIFFERENCES,1992,WoS,Psychology,1,attitude;attitudes;motivation,0.2708,0.0261,0.0865,0.157,0.01,0.1545,0.0889,0.2063
516,FAN SUPPORT OF SPORT TEAMS - THE EFFECT OF A COMMON GROUP IDENTITY,1992,WoS,Social Sciences - Other Topics; Psychology; Sport Sciences,6,identity;psychology,0.0876,0.0636,0.2201,0.065,0.0104,0.3633,0.0086,0.1813
517,Place but not Date of Birth Influences the Development and Emergence of Athletic Talent in American Football,2009,WoS,Social Sciences - Other Topics; Psychology; Sport Sciences,6,expertise,0.1903,0.1494,0.0789,0.2132,0.0163,0.2385,0.049,0.0643
518,Positive Emotions Are Not Simply the Absence of the Negative Ones: Development and Validation of the Emotional Recovery Questionnaire (EmRecQ),2010,WoS,Social Sciences - Other Topics; Psychology; Sport Sciences,2,emotional;emotions,0.2359,0.2385,0.0884,0.1357,0.0207,0.0653,0.0187,0.1968
519,Implicit and explicit personality: A test of a channeling hypothesis for aggressive Behavior,2007,WoS,Psychology; Business & Economics,4,personality,0.2229,0.0362,0.0657,0.3355,0.0182,0.1441,0.0548,0.1226
520,From commanding to serving athletes: Nurturing the coach-athlete relationship,2018,WoS,Social Sciences - Other Topics; Psychology,6,confidence;leadership,0.1327,0.0299,0.0761,0.0978,0.013,0.588,0.0107,0.0518
521,Teachers' perspectives on the challenges of teaching physical education in urban schools: The student emotional filter,2006,WoS,Social Sciences - Other Topics; Psychology; Sport Sciences,6,emotional,0.1314,0.0611,0.0833,0.0499,0.0121,0.3707,0.0362,0.2553
522,When should I trust my gut? Linking domain expertise to intuitive decision-making effectiveness,2012,WoS,Psychology; Business & Economics,1,decision;decision-making;expertise,0.5632,0.0955,0.0673,0.104,0.0481,0.0864,0.0128,0.0227
523,Facilitating police-minority youth attitude change: The effects of cooperation within a competitive context and exposure to typical exemplars,2002,WoS,"Public, Environmental & Occupational Health; Psychology; Social Work",4,attitude;attitudes,0.1768,0.1106,0.0328,0.2401,0.0104,0.2301,0.0088,0.1904
524,Investigation on the application of physical mental health education in the exploration of ideological and political education of Party building,2023,WoS,Psychology,8,identity;mental,0.1491,0.0298,0.1437,0.1156,0.0108,0.1919,0.0092,0.3499
525,More Than Just the Mean: Moving to a Dynamic View of Performance-Based Compensation,2012,WoS,Psychology; Business & Economics,1,decisions;motivation,0.4296,0.0951,0.1204,0.0615,0.0147,0.2109,0.0134,0.0543
526,"Expertise in basketball modifies perceptual discrimination abilities, underlying cognitive processes, and visual behaviours",2006,WoS,Psychology,1,cognition;cognitive;expertise;perceptual,0.4993,0.0758,0.1284,0.1272,0.1051,0.0354,0.0102,0.0187
527,FREE-THROW SHOOTING PERFORMANCE AS A FUNCTION OF PRESHOT ROUTINES,1992,WoS,Psychology,3,imagery,0.1722,0.0496,0.6016,0.0687,0.0169,0.0503,0.0142,0.0265
528,Investigating the anticipatory nature of pattern perception in sport,2011,WoS,Psychology,1,cognition;perception,0.5935,0.099,0.0458,0.0339,0.0147,0.1782,0.0129,0.0219
529,Intuition speed as a predictor of choice and confidence in point spread predictions,2019,WoS,Psychology,1,confidence,0.3611,0.0273,0.3499,0.0878,0.0143,0.0373,0.1023,0.02
530,"Gender differences in preferences for coaching as an occupation: The role of self-efficacy, valence, and perceived barriers",1998,WoS,Social Sciences - Other Topics; Psychology; Sport Sciences,8,self-efficacy,0.0805,0.0899,0.03,0.1256,0.0146,0.3028,0.0113,0.3453
531,Sources of sport-confidence: Conceptualization and instrument development,1998,WoS,Social Sciences - Other Topics; Psychology; Sport Sciences,3,confidence;motivation,0.1197,0.065,0.3872,0.2275,0.0158,0.0411,0.0473,0.0963
532,Predictors of poor sportspersonship in youth sports: Personal attitudes and social influences,2007,WoS,Social Sciences - Other Topics; Psychology; Sport Sciences,6,attitudes,0.1173,0.0778,0.0289,0.2483,0.0124,0.3372,0.0372,0.141
533,An Affordance Based Approach to Decision Making in Sport: Discussing a Novel Methodological Framework,2011,WoS,Psychology,1,decision;decisions;perception;psychology,0.4679,0.0362,0.2188,0.0449,0.0182,0.1283,0.0557,0.03
534,The Benefits of Chess for the Intellectual and Social-Emotional Enrichment in Schoolchildren,2012,WoS,Psychology,1,cognitive;coping;emotional,0.396,0.0355,0.2352,0.034,0.0289,0.0905,0.0148,0.1651
535,"Sources of, and responses to, stress among Greek team handball referees: Qualitative data",2005,WoS,Psychology; Sport Sciences,3,cognitive;emotions;stress,0.2049,0.1968,0.4578,0.0285,0.0147,0.0626,0.013,0.0217
536,The Efforts of Sport Psychology Professionals to Assist Sport Administrators in Evaluating Youth Sport Programs,2013,WoS,Social Sciences - Other Topics; Psychology; Sport Sciences,8,expertise;motivation;psychology,0.1417,0.0244,0.1366,0.0239,0.0124,0.2732,0.0907,0.2971
537,The influence of sport-specific experiences during the psychological refractory period in the Go/Nogo double stimulation task,2010,WoS,Social Sciences - Other Topics; Psychology; Sport Sciences,1,expertise;psychological,0.4875,0.0754,0.0475,0.1135,0.0971,0.0979,0.0154,0.0657
538,Relationship between achievement goal constructs and physical self-perceptions in a physical activity setting,2004,WoS,Psychology,8,motivational;perception,0.0824,0.0578,0.1364,0.2358,0.0354,0.0886,0.1172,0.2465
539,What squirrels in the trees predicts about expert athletes,1999,WoS,Social Sciences - Other Topics; Psychology; Sport Sciences,6,attitude;cognitive;expertise,0.2656,0.0525,0.1003,0.0251,0.0127,0.3839,0.0107,0.1492
540,Do conscientious athletes value world peace? Personality traits and value preferences of young athletes and non-athletes,2020,WoS,Psychology,1,decisions;personality,0.341,0.0312,0.0376,0.046,0.0482,0.1055,0.1558,0.2346
541,Choking vs. Clutch Performance: A Study of Sport Performance Under Pressure,2009,WoS,Social Sciences - Other Topics; Psychology; Sport Sciences,3,anxiety;attention;choking;cognitive;personality,0.1879,0.1548,0.2194,0.0652,0.1504,0.0829,0.0458,0.0936
542,Behavioral Regulation Sport Questionnaire: Gender and Sport Invariance in Portuguese Athletes,2019,WoS,Psychology,8,motivation;psychological;satisfaction,0.1132,0.1343,0.1212,0.1565,0.0152,0.0824,0.0131,0.3641
543,The role of sport-specific play and practice during childhood in the development of adolescent Finnish team sport athletes,2016,WoS,Social Sciences - Other Topics; Psychology,6,psychological,0.2934,0.0339,0.1623,0.0732,0.0138,0.3394,0.0103,0.0738
544,COMPARING RATIOS - THE LOGARITHMIC RESPONSE BIAS REVISITED,1995,WoS,Psychology,1,decisions,0.4275,0.0822,0.1476,0.1909,0.0132,0.0804,0.011,0.0471
545,Improving Tactical Learning by Imagination: Effects of Expertise and Time of Testing,2023,WoS,Education & Educational Research; Psychology,1,expertise,0.6137,0.0697,0.1224,0.0322,0.0534,0.0682,0.0142,0.0261
546,Motivational climate and changes in young athletes' achievement goal orientations,2009,WoS,Psychology,8,motivational;perceptual,0.0898,0.028,0.0647,0.0283,0.1678,0.1587,0.043,0.4198
547,Coaching competency and trust in coach in sport teams,2017,WoS,Social Sciences - Other Topics; Psychology,6,attitude;motivation;psychological,0.0755,0.0259,0.0613,0.0541,0.0131,0.4292,0.0401,0.3008
548,Perceived motivational team climate in relation to task and social cohesion among male college athletes,2014,WoS,Psychology,8,cohesion;motivational,0.1043,0.0302,0.0693,0.0281,0.0147,0.2196,0.2357,0.2982
549,"Presence, workload and performance effects of synthetic environment design factors",2006,WoS,Computer Science; Engineering; Psychology,4,attention,0.1071,0.0818,0.1324,0.3366,0.0661,0.2459,0.0107,0.0194
550,COSTS AND BENEFITS OF ALLEGIANCE - CHANGES IN FANS SELF-ASCRIBED COMPETENCES AFTER TEAM VICTORY VERSUS DEFEAT,1992,WoS,Psychology,3,identity;mood,0.1128,0.2442,0.2588,0.2004,0.0145,0.1364,0.0125,0.0206
551,How sports lead to the physical fitness in China?,2022,WoS,Psychology,3,motivation;stress,0.0735,0.1388,0.3516,0.0547,0.0134,0.0559,0.011,0.301
552,The contract year syndrome in the NBA and MLB: A classic undermining pattern,2014,WoS,Psychology,2,motivation,0.0739,0.2345,0.2321,0.1025,0.09,0.0816,0.0879,0.0975
553,The perceived intentionality of groups,1999,WoS,Psychology,4,perception;psychological;psychology,0.3512,0.0307,0.0308,0.389,0.0136,0.0784,0.0149,0.0915
554,Sizing Opportunity: Biases in Estimates of Goal-Relevant Objects Depend on Goal Congruence,2013,WoS,Psychology,4,cognitive;motivational,0.1419,0.0295,0.0412,0.2858,0.1899,0.0646,0.2276,0.0194
555,A season-long team-building intervention:: Examining the effect of team goal setting on cohesion,2008,WoS,Social Sciences - Other Topics; Psychology; Sport Sciences,7,cohesion,0.0932,0.0357,0.1626,0.031,0.0167,0.2008,0.3587,0.1012
556,Does the surprisingly popular method yield accurate crowdsourced predictions?,2020,WoS,Psychology,4,cognitive;decision,0.335,0.0336,0.0397,0.381,0.0869,0.086,0.0139,0.0239
557,From the Lab to the Field: Effects of Self-Talk on Task Performance Under Distracting Conditions,2018,WoS,Social Sciences - Other Topics; Psychology; Sport Sciences,1,attention;attentional;self-talk,0.5504,0.0265,0.0649,0.0577,0.0708,0.133,0.0111,0.0856
558,The Impact of Regulatory Fit on Performance in an Inattentional Blindness Paradigm,2010,WoS,Psychology,1,attention;attentional;cognitive,0.3096,0.1488,0.0354,0.263,0.1462,0.0674,0.0113,0.0182
559,Effects of a motivational climate intervention for coaches on young athletes' sport performance anxiety,2007,WoS,Social Sciences - Other Topics; Psychology; Sport Sciences,8,anxiety;cognitive;motivational,0.0944,0.0358,0.0568,0.0347,0.2431,0.2433,0.017,0.2749
560,Testosterone and attribution of successful competition,2000,WoS,Behavioral Sciences; Psychology,5,mood;perception;satisfaction,0.1756,0.0313,0.2189,0.1608,0.2304,0.1444,0.0131,0.0256
561,An assessment of the similarities between a measure of positive perfectionism and a measure of conscientious achievement striving,2012,WoS,Social Sciences - Other Topics; Psychology; Sport Sciences,2,personality,0.1237,0.2042,0.0518,0.172,0.0239,0.0621,0.1729,0.1895
562,Perceived relative importance of psychological and physical factors in successful athletic performance,2000,WoS,Psychology,1,psychological,0.2376,0.2362,0.0448,0.0985,0.0131,0.1816,0.0128,0.1754
563,How experts and novices judge other people's knowledgeability from language use,2024,WoS,Psychology,1,decisions,0.2525,0.0272,0.2346,0.1284,0.0139,0.0536,0.0716,0.2183
564,How to Trick Your Opponent: A Review Article on Deceptive Actions in Interactive Sports,2017,WoS,Psychology,1,cognition;cognitive;expertise,0.4765,0.0927,0.0656,0.2247,0.0147,0.0916,0.0124,0.0217
565,Decision Outcomes in Sport: Influence of Type and Level of Stress,2021,WoS,Social Sciences - Other Topics; Psychology; Sport Sciences,1,decision;decisions;mental;stress,0.4956,0.3743,0.0325,0.0224,0.0134,0.0343,0.01,0.0175
566,"I Am Great, but Only When I Also Want to Dominate: Maladaptive Narcissism Moderates the Relationship Between Adaptive Narcissism and Performance Under Pressure",2020,WoS,Social Sciences - Other Topics; Psychology; Sport Sciences,1,cognitive;psychology,0.578,0.0405,0.0854,0.0445,0.1119,0.047,0.0145,0.0783
567,Leadership in the Locker Room: How the Intensity of Leaders' Unpleasan Affective Displays Shapes Team Performance,2019,WoS,Psychology; Business & Economics,1,attention;emotions;leadership,0.3522,0.0712,0.0744,0.2848,0.0391,0.0908,0.0105,0.0771
568,Are There Subconcussive Neuropsychological Effects in Youth Sports? An Exploratory Study of High- and Low-Contact Sports,2016,WoS,Neurosciences & Neurology; Psychology,5,cognitive;psychological,0.2101,0.1189,0.062,0.1107,0.3522,0.0495,0.0117,0.0849
569,Effort Intentions in Teams: Effects of Task Type and Teammate Performance,2013,WoS,Psychology; Business & Economics,2,motivation,0.2002,0.276,0.0368,0.0298,0.0833,0.0458,0.0695,0.2585
570,Mind Over Matter: The Development of The Mental Toughness Scale (MTS),2013,WoS,Social Sciences - Other Topics; Psychology; Sport Sciences,7,mental;psychological,0.1917,0.0383,0.097,0.0361,0.019,0.1666,0.2468,0.2045
571,Influence of identification with a sports team on objective knowledge and subjective beliefs,1995,WoS,Social Sciences - Other Topics; Psychology; Sport Sciences,6,cognitive;motivational,0.2179,0.0251,0.2659,0.1021,0.0131,0.3166,0.0382,0.0211
572,"BODY IMAGE, PERCEIVED PHYSICAL ABILITY, AND MOTOR PERFORMANCE IN NONOVERWEIGHT AND OVERWEIGHT ITALIAN CHILDREN",2009,WoS,Psychology,1,self-efficacy,0.4513,0.2092,0.0421,0.0262,0.0135,0.0956,0.0114,0.1508
573,The Cognitive Benefits of Participating in Structured Sports for Preschoolers,2021,WoS,Education & Educational Research; Psychology,1,cognitive,0.3772,0.0739,0.0477,0.0246,0.0898,0.2191,0.0099,0.1578
574,"Ego depletion, attentional control, and decision making in sport",2013,WoS,Social Sciences - Other Topics; Psychology; Sport Sciences,1,attention;attentional;decision,0.3393,0.0272,0.1492,0.1929,0.0139,0.2152,0.0117,0.0505
575,Transfer of pattern recall skills may contribute to the development of sport expertise,2005,WoS,Psychology,1,expertise,0.6051,0.0256,0.0396,0.051,0.0124,0.2019,0.0462,0.0182
576,"SOMATIC ANXIETY AND PHYSIOLOGICAL AROUSAL - THEIR EFFECTS UPON A HIGH ANAEROBIC, LOW MEMORY DEMAND TASK",1995,WoS,Social Sciences - Other Topics; Psychology; Sport Sciences,5,anxiety;arousal;cognitive;psychologist,0.0988,0.2237,0.0588,0.0836,0.3198,0.1528,0.011,0.0516
577,Perceptual Training Using Explicit and Implicit Instructional Techniques: Does it Benefit Skilled Performers?,2009,WoS,Social Sciences - Other Topics; Psychology,1,cognitive;perception;perceptual,0.4514,0.0309,0.164,0.0402,0.1137,0.1655,0.0127,0.0215
578,Use of retroactive pessimism as a method of coping with identity threat: The impact of group identification,2008,WoS,Psychology,1,coping;identity,0.3232,0.0364,0.1507,0.181,0.0182,0.2433,0.0154,0.0319
579,Everyday magical powers: The role of apparent mental causation in the overestimation of personal influence,2006,WoS,Psychology,1,mental,0.2819,0.2063,0.0397,0.1969,0.0182,0.214,0.0158,0.0272
580,Fostering Life Skills Development in High School and Community Sport: A Comparative Analysis of the Coach's Role,2014,WoS,Social Sciences - Other Topics; Psychology; Sport Sciences,6,motivations,0.1635,0.0225,0.0316,0.0262,0.0104,0.5864,0.0088,0.1508
581,Testosterone changes during vicarious experiences of winning and losing among fans at sporting events,1998,WoS,Psychology; Behavioral Sciences,3,cognitive;mood,0.1335,0.0373,0.2376,0.2354,0.0916,0.1718,0.016,0.077
582,Dealing With Negative Stereotypes in Sports: The Role of Cognitive Anxiety When Multiple Identities Are Activated in Sensorimotor Tasks,2015,WoS,Social Sciences - Other Topics; Psychology; Sport Sciences,4,anxiety;cognitive;identity;stressful,0.2312,0.0259,0.0286,0.5341,0.0979,0.0521,0.0111,0.0191
583,Scarred for the Rest of My Career? Career-Long Effects of Abusive Leadership on Professional Athlete Aggression and Task Performance,2016,WoS,Social Sciences - Other Topics; Psychology; Sport Sciences,6,leadership;psychological,0.0951,0.075,0.0831,0.1937,0.0152,0.5031,0.0128,0.022
584,INTENSITY AND DIRECTION AS DIMENSIONS OF COMPETITIVE STATE ANXIETY AND RELATIONSHIPS WITH COMPETITIVENESS,1992,WoS,Psychology,5,anxiety;cognitive,0.2753,0.028,0.0308,0.0297,0.3532,0.219,0.0122,0.0518
585,ADOLESCENTS' PSYCHOLOGICAL FUNCTIONING AT SCHOOL AND IN SPORTS: THE ROLE OF FUTURE TIME PERSPECTIVE AND DOMAIN-SPECIFIC AND SITUATION-SPECIFIC SELF-DETERMINED MOTIVATION,2015,WoS,Psychology,8,motivation;motivational;psychological,0.132,0.067,0.1756,0.0415,0.0184,0.109,0.0548,0.4016
586,The influence of quiet eye training and pressure on attention and visuo-motor control,2011,WoS,Psychology,1,anxiety;attention;attentional,0.4232,0.0464,0.2021,0.0262,0.1361,0.1328,0.011,0.0221
587,An exploratory study of perceptual-motor abilities of women: Novice and skilled players of team handball,1998,WoS,Psychology,1,perceptual,0.4888,0.049,0.1432,0.0205,0.1596,0.0772,0.0092,0.0524
588,Prospects of applying artificial intelligence to determine students' mental health status in school education,2023,WoS,Psychology,4,attitude;mental,0.1117,0.2069,0.0261,0.3205,0.0124,0.1486,0.1193,0.0545
589,Differences in Adolescent Relationship Abuse Perpetration and Gender-Inequitable Attitudes by Sport Among Male High School Athletes,2014,WoS,"Psychology; Public, Environmental & Occupational Health; Pediatrics",8,attitudes,0.1911,0.06,0.1435,0.0685,0.0681,0.1052,0.0113,0.3524
590,Using pointing gestures to convey tactical information: investigating the roles of expertise and complexity,2023,WoS,Psychology,1,attention;cognitive;expertise;mental,0.4701,0.2753,0.0262,0.0304,0.0121,0.1197,0.0099,0.0563
591,Moral functioning in sport: An achievement goal perspective,2001,WoS,Social Sciences - Other Topics; Psychology; Sport Sciences,4,attitudes,0.0493,0.1482,0.1238,0.3043,0.0961,0.0787,0.0378,0.1619
592,Evaluating the factor structure of the psychological performance inventory,2007,WoS,Psychology,8,mental;psychological,0.1492,0.1412,0.0998,0.0795,0.0729,0.1184,0.1095,0.2295
593,The influence of procedural variables on the efficacy of mental practice,1996,WoS,Social Sciences - Other Topics; Psychology; Sport Sciences,2,mental,0.212,0.4717,0.1547,0.0393,0.0429,0.0448,0.0124,0.0222
594,The Direct and Indirect Effects of Irrational Beliefs on Perceived Performance: The Mediation Role of Emotions and Automatic Thoughts,2023,WoS,Psychology,1,emotions,0.457,0.0299,0.1309,0.2256,0.0152,0.0725,0.0128,0.056
595,A practice-specificity-based model of arousal for achieving peak performance,2007,WoS,Neurosciences & Neurology; Psychology; Sport Sciences,3,anxiety;arousal;motivational,0.2301,0.2446,0.2852,0.0303,0.0498,0.0432,0.0133,0.1035
596,Challenge athletes to improve their self-worth: A serial mediation model linking dual controlling behaviors to sport performance,2021,WoS,Social Sciences - Other Topics; Psychology; Sport Sciences,6,attention;leadership;stressful,0.131,0.1098,0.0984,0.1427,0.016,0.4616,0.0133,0.0272
597,Perceived coach-athlete and peer relationships of young athletes and self-determined motivation for sport,2011,WoS,Social Sciences - Other Topics; Psychology; Sport Sciences,8,motivation;psychological,0.1318,0.0455,0.0673,0.1338,0.0201,0.2395,0.0134,0.3486
598,"How Organizational Behavior, Artificial Intelligence, and Marketing Techniques in Sports Clubs influence New Product Development",2021,WoS,Psychology,4,attitude,0.1148,0.1193,0.0312,0.3251,0.0121,0.1439,0.1484,0.1052
599,CENTERING ATTENTION IN DISCOURSE,1995,WoS,Linguistics; Psychology,1,attention,0.3786,0.0697,0.1321,0.196,0.0175,0.1298,0.0507,0.0256
600,Movement models from sports provide representative task constraints for studying adaptive behavior in human movement systems,2006,WoS,Computer Science; Psychology; Social Sciences - Other Topics,1,psychology,0.5039,0.0551,0.0929,0.1098,0.0381,0.1331,0.0409,0.0261
601,Controllability and stability in the self-serving attributions of sport spectators,2000,WoS,Psychology,4,psychological,0.1792,0.1582,0.1868,0.2913,0.0124,0.0857,0.0104,0.0761
602,Coaches of elite athletes with disability: senior sports administrators' reported factors affecting coaches' recruitment and retention,2019,WoS,Social Sciences - Other Topics; Psychology; Sport Sciences,6,cognition;satisfaction,0.1634,0.0222,0.1495,0.2424,0.0111,0.3302,0.0626,0.0186
603,Repeated exposure to video game play results in decreased blood pressure responding,2006,WoS,"Communication; Film, Radio & Television; Psychology",1,arousal;cognitive;emotional,0.2241,0.2132,0.1515,0.0979,0.1184,0.0671,0.0102,0.1177
604,"See the ball, hit the ball - Apparent ball size is correlated with batting average",2005,WoS,Psychology,1,psychological,0.3074,0.2196,0.1331,0.1288,0.0207,0.1424,0.018,0.03
605,"Development of the Self-Efficacy of Balance Scale (SEBS) for Young, Active Individuals",2017,WoS,Psychology,1,psychological;self-efficacy,0.3506,0.0272,0.0686,0.1726,0.014,0.0426,0.0117,0.3126
606,Is the relationship between pattern recall and decision-making influenced by anticipatory recall?,2013,WoS,Psychology; Physiology,1,decision-making;perception,0.5862,0.0226,0.0694,0.0714,0.061,0.1075,0.0116,0.0704
607,Toward an Ecological Theory of Rationality: Debunking the Hot Hand Illusion,2017,WoS,Psychology,1,cognition;perception,0.3731,0.0544,0.1342,0.279,0.0129,0.0744,0.0549,0.017
608,Memory conjunction clusters: Influence of familiarity and recollection,2016,WoS,Psychology,1,cognition,0.6434,0.0752,0.0409,0.0894,0.0577,0.0474,0.0154,0.0306
609,Morphological processing of Chinese compounds from a grammatical view,2010,WoS,Linguistics; Psychology,1,decision,0.4124,0.0344,0.0493,0.2867,0.0175,0.0456,0.0148,0.1391
610,Analyzing Xinjiang's Sports Exports: A Comparative Advantage Perspective from the Sports Sector,2023,WoS,Psychology,6,cognition;engagement,0.118,0.1102,0.0537,0.2367,0.0124,0.4136,0.0108,0.0447
611,Validation of the Behavioral Regulation Sport Questionnaire in Portuguese athletes,2018,WoS,Psychology,1,confidence;motivation,0.2797,0.192,0.1447,0.0432,0.0227,0.0785,0.1174,0.1218
612,Developmental influences on the acquisition of tactical decision-making expertise,2009,WoS,Social Sciences - Other Topics; Psychology; Sport Sciences,6,decision;decision-making;expertise;perceptual,0.1855,0.0273,0.1033,0.0547,0.0135,0.4798,0.0122,0.1237
613,The dynamics of team coordination: A social network analysis as a window to shared awareness,2015,WoS,Psychology; Business & Economics,1,leadership,0.3121,0.0543,0.0315,0.2156,0.0135,0.2097,0.144,0.0194
614,Teaching Children's Motor Skills for Team Games Through Guided Discovery: How Constraints Enhance Learning,2021,WoS,Psychology,1,motivation;motor;perceptual,0.5472,0.0189,0.0364,0.02,0.0097,0.1854,0.0075,0.1748
615,"Change deafness, dual-task performance, and domain-specific expertise",2018,WoS,Psychology; Physiology,1,attention;expertise;perceptual,0.518,0.1398,0.0409,0.1028,0.0163,0.1094,0.049,0.0239
616,Don't do it for me. Do it for yourself! - Stressing the personal relevance enhances motivation in physical education,2003,WoS,Social Sciences - Other Topics; Psychology; Sport Sciences,6,motivated;motivation;motivational;stressing,0.204,0.0493,0.0349,0.0684,0.0754,0.3093,0.0095,0.2492
617,Convolutional Neural Network-Based Human Movement Recognition Algorithm in Sports Analysis,2021,WoS,Psychology,1,cognition;psychological;psychology,0.6252,0.114,0.0573,0.0273,0.0109,0.0643,0.0826,0.0183
618,"Differential treatment within sports teams, leader-member (coach-player) exchange quality, team atmosphere, and team performance",2012,WoS,Business & Economics; Psychology,2,leadership,0.136,0.3567,0.0455,0.2482,0.0143,0.1599,0.0122,0.0272
619,Is winning everything? The relative contributions of motivational climate and won-lost percentage in youth sports,2007,WoS,Social Sciences - Other Topics; Psychology; Sport Sciences,6,attitudes;motivational,0.1206,0.0235,0.1604,0.0218,0.0115,0.4074,0.0099,0.2448
620,The relationships of perceived motivational climate to cohesion and collective efficacy in elite female teams,2006,WoS,Social Sciences - Other Topics; Psychology; Sport Sciences,6,cohesion;motivational,0.0604,0.0283,0.0904,0.0274,0.0143,0.3359,0.2118,0.2315
621,Muscular dissatisfaction and supplement use among male intercollegiate athletes,2003,WoS,Social Sciences - Other Topics; Psychology; Sport Sciences,1,satisfaction,0.2569,0.1742,0.046,0.0604,0.088,0.098,0.0861,0.1903
622,Athlete Perceptions of Coaching Effectiveness and Athlete-Level Outcomes in Team and Individual Sports: A Cross-Cultural Investigation,2018,WoS,Social Sciences - Other Topics; Psychology; Sport Sciences,6,confidence;identity;motivation,0.0601,0.0231,0.0614,0.0509,0.0117,0.5449,0.0627,0.1852
623,Bullying as a social process: The role of group membership in students' perception of inter-group aggression at school,2006,WoS,Psychology,2,identity;perception;psychology,0.1149,0.2695,0.0774,0.1742,0.0158,0.1428,0.0473,0.1581
624,"A Social Cognitive Investigation of Intragroup Motivation: Transpersonal Efficacy, Effort Allocation, and Helping",2014,WoS,Psychology,6,cognitive;confidence;motivation,0.2037,0.1771,0.06,0.1583,0.0329,0.3389,0.0094,0.0195
625,Demonstrating and Eliminating the Aggregation Effect in Physical Skill Tasks,2011,WoS,Psychology,4,cognitive;confidence,0.1412,0.1334,0.1352,0.3796,0.01,0.1528,0.0091,0.0387
626,Anxiety in Athletes: Gender and Type of Sport Differences,2019,WoS,Psychology,1,anxiety;psychology,0.2435,0.0922,0.0519,0.0964,0.1886,0.0869,0.0159,0.2245
627,In a Flash: Thin Slice Judgment Accuracy of Leading and Trailing in Sports,2016,WoS,Psychology,1,perception,0.432,0.2028,0.0321,0.0651,0.0152,0.1812,0.0495,0.022
628,The expert advantage in dynamic pattern recall persists across both attended and unattended display elements,2013,WoS,Psychology,1,attention;expertise,0.4966,0.0631,0.0224,0.1012,0.0747,0.2193,0.0084,0.0144
629,The tweeter matters: Factors that affect false memory from Twitter,2017,WoS,Psychology,1,cognition,0.2752,0.2025,0.1142,0.0318,0.1457,0.0406,0.0088,0.1812
630,On the ball: Short-term consequences of movement fakes,2019,WoS,Psychology,1,perceptual,0.64,0.0761,0.0579,0.0561,0.0479,0.043,0.066,0.013
631,A Comparative Analysis of Social Media Fan (Community) Engagement in a European and a North American Pro-Sport League and Their Reaction to Industry-Wide Disruptions,2023,WoS,Psychology; Social Sciences - Other Topics,3,engagement,0.0658,0.1685,0.2516,0.0933,0.1208,0.1999,0.0084,0.0918
632,Relationship between Leadership among Peers and Burnout in Sports Teams,2017,WoS,Psychology,6,burnout;decision;emotional;leadership,0.1146,0.0784,0.0587,0.0822,0.2182,0.2807,0.0104,0.1569
633,Social prediction and the allegiance bias,2002,WoS,Psychology,3,psychologically,0.3373,0.0202,0.3748,0.111,0.0105,0.0514,0.0086,0.0862
634,Domain-specific knowledge and task characteristics in decision making,1995,WoS,Psychology; Business & Economics,1,decision;decisions,0.5381,0.0296,0.2193,0.0821,0.0074,0.0828,0.0061,0.0347
635,Group Prototype and Cohesiveness in Sport Teams,2022,WoS,Psychology,7,cohesion;identity;perception,0.1482,0.0758,0.0256,0.2793,0.0121,0.1045,0.3106,0.0439
636,The Contributions of Central and Peripheral Vision to Expertise in Basketball: How Blur Helps to Provide a Clearer Picture,2015,WoS,Psychology,1,expertise,0.3283,0.2241,0.1288,0.0704,0.0133,0.2049,0.0112,0.019
637,Vicarious Learning of Children's Social-Anxiety-Related Fear Beliefs and Emotional Stroop Bias,2015,WoS,Psychology,1,anxiety;cognitions;cognitive;emotional;fear,0.3874,0.0195,0.0501,0.1567,0.1154,0.1406,0.116,0.0143
638,"Cohesiveness, coach's interpersonal style and psychological needs: Their effects on self-determination and athletes' subjective well-being",2009,WoS,Social Sciences - Other Topics; Psychology; Sport Sciences,8,emotions;motivation;motivational;psychological;psychology;satisfaction;well-being,0.0729,0.1127,0.059,0.1817,0.0109,0.2161,0.06,0.2867
639,Consumer Consumption and Advertising Through Sport,2010,WoS,Psychology; Social Sciences - Other Topics,7,fear,0.1554,0.3003,0.0256,0.0794,0.0107,0.0507,0.3388,0.0392
640,Audience perceptions of high-status ties and network advantage: The market for coaching jobs in the National Collegiate Athletic Association (2000-2011),2020,WoS,Business & Economics; Psychology,4,cognitive;perception,0.1973,0.1788,0.0989,0.2492,0.01,0.1199,0.0881,0.0578
641,Exploring leadership behaviors of the coaches of champion teams,2023,WoS,Psychology,6,leadership;psychology,0.1066,0.042,0.0628,0.0472,0.0107,0.4607,0.0092,0.2609
642,"Quality of Life, Depression, Anxiety Symptoms and Mood State of Wheelchair Athletes and Non-athletes: A Preliminary Study",2019,WoS,Psychology,5,anxiety;depression;depressive;mood,0.057,0.0565,0.1597,0.1727,0.4185,0.0581,0.0074,0.07
643,Description of dynamic shared knowledge: an exploratory study during a competitive team sports interaction,2011,WoS,Engineering; Psychology,6,cognitions,0.2586,0.0487,0.0665,0.1684,0.0123,0.34,0.0353,0.0702
644,Professional Basketball's Unsportsmanlike Fouls in the Eyes of the Beholders,2010,WoS,Psychology,1,cognitif,0.3072,0.0408,0.0883,0.0841,0.0207,0.2775,0.0174,0.164
645,Is Perceived Athlete Leadership Quality Related to Inside Sacrifice and Perceived Performance in Team Sports? The Mediating Role of Team Identification,2021,WoS,Psychology,6,leadership;psychologists,0.0852,0.039,0.0301,0.0846,0.0135,0.687,0.0114,0.0493
646,Mental Accounting in Decision-Making for Self Versus Others,2017,WoS,Business & Economics; Psychology,1,decision-making;decisions;mental,0.5469,0.051,0.0261,0.0797,0.0124,0.0415,0.0104,0.232
647,Asymmetric interpersonal coupling in a cyclic sports-related movement task,2014,WoS,Neurosciences & Neurology; Psychology; Sport Sciences,1,perception;perceptual,0.3897,0.0233,0.3398,0.0494,0.0131,0.0983,0.0688,0.0175
648,ATTENTIONAL PROCESSES AND CHOKING UNDER PRESSURE,2013,WoS,Psychology,1,attention;attentional;choking,0.5218,0.0173,0.0379,0.1304,0.2218,0.0504,0.0074,0.0129
649,Effects of an additional computer simulation training programme and/or on-court specific instructions on advance cue detection in basketballers,2008,WoS,Social Sciences - Other Topics; Psychology; Sport Sciences,3,cognition;perceptual,0.271,0.0508,0.3689,0.0198,0.037,0.1153,0.0088,0.1283
650,Effect of complexity of a physical task on estimation of time to complete,1995,WoS,Psychology,1,attentional;cognitive,0.597,0.1534,0.0339,0.0275,0.0452,0.0723,0.012,0.0586
651,Slow motion bias: Exploring the relation between time overestimation and increased perceived intentionality,2023,WoS,Ophthalmology; Psychology,1,perception;perceptual,0.5,0.0602,0.0677,0.0855,0.0094,0.046,0.2177,0.0135
652,Coordinating attention requires coordinated senses,2020,WoS,Psychology,1,attention;attentional;mental,0.4169,0.0395,0.0595,0.2467,0.0479,0.058,0.0564,0.0752
653,The Nature and Transmission of Roles in Sport Teams,2014,WoS,Social Sciences - Other Topics; Psychology,6,leadership,0.0922,0.1512,0.1441,0.1111,0.0175,0.4007,0.0151,0.0681
654,Brain lateralisation and motor learning: Selective effects of dominant and non-dominant hand practice on the early acquisition of throwing skills,2012,WoS,Psychology,1,motor,0.4156,0.0361,0.2346,0.1805,0.0134,0.0558,0.0267,0.0373
655,The relationship between neurotransmission-related amino acid blood concentrations and neuropsychological performance following acute exercise,2022,WoS,Neurosciences & Neurology; Psychology,1,cognitive;psychological,0.5122,0.0627,0.0713,0.0531,0.2053,0.034,0.0413,0.0202
656,Adaptation and Validation of a Portuguese Version of the Sports Motivation Scale-II (SMS-II-P) Showing Invariance for Gender and Sport Type,2021,WoS,Psychology,1,motivation;psychological;satisfaction,0.3769,0.0684,0.0357,0.1549,0.0163,0.0455,0.0142,0.288
657,Time-referenced effects of an internal vs. external focus of attention on muscular activity and compensatory variability,2010,WoS,Psychology,1,attention,0.4679,0.0485,0.1741,0.112,0.0633,0.0809,0.0099,0.0435
658,"Perspectives of Respect, Teacher-Student Relationships, and School Climate Among Boys of Color: A Multifocus Group Study",2020,WoS,Psychology,6,attention;attitudes;perception,0.1448,0.1046,0.0889,0.0181,0.0081,0.3731,0.0068,0.2556
659,Self-efficacy and response-efficacy: critical components of sexual and reproductive health interventions targeting condom use intention among American Indian adolescents,2020,WoS,"Health Care Sciences & Services; Public, Environmental & Occupational Health; Psychology; Respiratory System; Biomedical Social Sciences",6,self-efficacy,0.0579,0.0251,0.1068,0.0787,0.0409,0.3836,0.0099,0.2971
660,Peripheral target identification performance modulates eye movements,2017,WoS,Neurosciences & Neurology; Ophthalmology; Psychology,1,cognitive,0.4177,0.022,0.1175,0.1466,0.1757,0.0955,0.0092,0.0158
661,Fluctuations of the experience of togetherness within the team over time: task-cohesion and shared understanding throughout a sporting regular season,2017,WoS,Engineering; Psychology,2,cohesion,0.1436,0.2353,0.1778,0.1675,0.0329,0.1288,0.0976,0.0164
662,The impact of team identification on biased predictions of player performance,2006,WoS,Psychology,1,psychological,0.3022,0.0842,0.2015,0.0992,0.0108,0.2558,0.0088,0.0377
663,An eye-tracking study of how coach's nonverbal communication affects memorization of basketball tactical scenes,2023,WoS,Social Sciences - Other Topics; Psychology,1,attention;expertise;mental,0.6712,0.0747,0.0803,0.0184,0.0723,0.0595,0.0092,0.0145
664,Validation of the revised sport motivation scale (SMS-II),2013,WoS,Social Sciences - Other Topics; Psychology; Sport Sciences,1,motivation,0.3546,0.0571,0.1126,0.0723,0.0139,0.1596,0.0114,0.2184
665,Does stress type and level affect gut decisions in sport?,2022,WoS,Social Sciences - Other Topics; Psychology,2,decision-making;decisions;mental;stress,0.2631,0.2672,0.0512,0.0218,0.1713,0.0588,0.1036,0.063
666,"The influence of perceived parental responsiveness on athletes' goal accomplishment, trait cognitive sport anxiety, and thriving: A semi-longitudinal study",2021,WoS,Social Sciences - Other Topics; Psychology; Sport Sciences,7,anxiety;cognitive;self-efficacy,0.1032,0.1365,0.0442,0.03,0.0839,0.2491,0.2607,0.0924
667,"Dissociations between coaches' fatigue rating, athletes' perceived fatigue, and objective training load",2023,WoS,Social Sciences - Other Topics; Psychology,6,perception,0.1138,0.2709,0.1976,0.0195,0.0098,0.3439,0.0082,0.0363
668,Self-regulated learning in physical education: Examining the effects of emulative and self-control practice,2012,WoS,Social Sciences - Other Topics; Psychology; Sport Sciences,8,cognitive,0.122,0.0257,0.232,0.0304,0.0132,0.1234,0.0676,0.3857
669,Women in university hockey demonstrate knowledge discordant with attitudes regarding concussions,2018,WoS,Social Sciences - Other Topics; Psychology,8,attitude;attitudes,0.1237,0.024,0.1524,0.055,0.1896,0.1815,0.0353,0.2385
670,Biased evaluations of in-group and out-group spectator behavior at sporting events: The importance of team identification and threats to social identity,2005,WoS,Psychology,1,coping;identity;perception,0.2865,0.1178,0.2076,0.2127,0.0098,0.1397,0.0082,0.0177
671,The complex problem-solving competence of team coaches,2008,WoS,Social Sciences - Other Topics; Psychology; Sport Sciences,6,motivated;motivating,0.0989,0.1916,0.0941,0.0249,0.0108,0.3649,0.0563,0.1585
672,An examination of situational interest and its sources,2001,WoS,Psychology,3,attention,0.1699,0.0372,0.4739,0.0404,0.047,0.0377,0.0075,0.1865
673,What am I doing here? Experiences of unsuccessful and delayed successful crisis transitions during athlete migration,2023,WoS,Social Sciences - Other Topics; Psychology,6,coping;motivations;psychological,0.208,0.044,0.1544,0.0674,0.0315,0.4448,0.0084,0.0415
674,"Effects of repetitive subconcussive head trauma on the neuropsychological test performance of high school athletes: A comparison of high, moderate, and low contact sports",2019,WoS,Neurosciences & Neurology; Psychology,1,cognitive;psychological,0.3731,0.0779,0.0213,0.12,0.2646,0.0428,0.0081,0.0922
675,"Component neural systems for the creation of emotional memories during free viewing of a complex, real-world event",2010,WoS,Neurosciences & Neurology; Psychology,1,cognition;emotion;emotional,0.3601,0.1174,0.0878,0.11,0.0825,0.1409,0.0844,0.0168
676,Heuristics in sport: A scoping review,2024,WoS,Social Sciences - Other Topics; Psychology; Sport Sciences,1,cognition;cognitive;decision;mental;psychology,0.2679,0.0681,0.0354,0.1145,0.0785,0.2144,0.0383,0.1829
677,Examining the Prospective Relationship Between Communication Network Structure and Task Cohesion and Team Performance,2020,WoS,Psychology,1,cohesion,0.2507,0.1797,0.0515,0.1225,0.0108,0.1346,0.2078,0.0425
678,Running on Empty: The Effects of Aggregate Travel Stress on Team Performance,2017,WoS,Business & Economics; Psychology,5,stress,0.1286,0.1712,0.0696,0.1306,0.2534,0.1028,0.0469,0.097
679,Factors affecting athletes' motor behavior after the observation of scenes of cooperation and competition in competitive sport: the effect of sport attitude,2015,WoS,Psychology,1,attitude,0.3551,0.0479,0.0271,0.2279,0.0115,0.0761,0.0093,0.2451
680,Athletes and parents coping with deselection in competitive youth sport: A communal coping perspective,2017,WoS,Social Sciences - Other Topics; Psychology; Sport Sciences,1,coping;emotions;stressor,0.4739,0.0219,0.0241,0.048,0.0861,0.1831,0.0094,0.1534
681,Coach-Initiated Motivational Climate and Cohesion in Youth Sport,2013,WoS,Social Sciences - Other Topics; Psychology; Sport Sciences,8,cohesion;motivational,0.2197,0.1015,0.0615,0.0439,0.0096,0.0662,0.179,0.3186
682,Exploring adversity and the potential for growth among elite female athletes,2013,WoS,Social Sciences - Other Topics; Psychology; Sport Sciences,6,emotional;identity,0.1482,0.026,0.1177,0.2647,0.0302,0.3659,0.0081,0.0392
683,Confirmatory factor analysis of the Greek version of the Competitive State Anxiety Inventory-2 (CSAI-2),2002,WoS,Social Sciences - Other Topics; Psychology; Sport Sciences,5,anxiety;cognitive;confidence,0.208,0.1228,0.0664,0.1238,0.241,0.1346,0.0491,0.0544
684,Young para-athletes display more hedonic well-being than people with disabilities not taking part in competitive sports: insights from a multi-country survey,2023,WoS,Psychology,4,anxiety;depressive;psychological;stressors;well-being,0.1132,0.0456,0.2188,0.3777,0.0326,0.1618,0.0081,0.0423
685,Ethnic Diversity and Cohesion in Interdependent Team Sport Contexts,2022,WoS,Psychology,1,cohesion;identity,0.4437,0.1209,0.0821,0.156,0.0124,0.0487,0.1148,0.0214
686,Preventing Cancer: A Community-Based Program for Youths in Public Housing,2013,WoS,"Psychology; Public, Environmental & Occupational Health; Pediatrics",6,leadership,0.2204,0.0305,0.1812,0.0838,0.0072,0.4428,0.0061,0.0281
687,Assessing coaches' basic psychological need satisfaction and need frustration: preliminary validation from a multidimensional approach,2022,WoS,Social Sciences - Other Topics; Psychology,6,motivation;psychological;psychologist;satisfaction,0.2447,0.0968,0.0245,0.0799,0.0115,0.2674,0.0099,0.2654
688,Coping in Teams: Exploring Athletes' Communal Coping Strategies to Deal With Shared Stressors,2018,WoS,Psychology,1,coping;emotion;emotions;psychology;stress;stressful;stressors,0.3211,0.1833,0.0302,0.0632,0.0354,0.1728,0.0393,0.1549
689,Personal Reasons for Withdrawal from Team Sports and the Influence of Significant Others among Youth Athletes,2013,WoS,Social Sciences - Other Topics; Psychology,6,decision,0.3278,0.0746,0.0279,0.0736,0.0117,0.4513,0.0099,0.0232
690,The Relationship Between Employees' Objective Internal and External Pay Standing and Their Job Performance: A Within-Person Analysis,2017,WoS,Business & Economics; Psychology,1,attention,0.524,0.1092,0.0579,0.1677,0.0175,0.0456,0.0527,0.0253
691,The interplay of autonomous and controlled motivation in youth team sports,2015,WoS,Social Sciences - Other Topics; Psychology; Sport Sciences,8,motivation;motivational,0.2089,0.0214,0.2496,0.0765,0.0109,0.0766,0.0097,0.3464
692,Antecedent acute cycling exercise affects attention control: an ERP study using attention network test,2015,WoS,Neurosciences & Neurology; Psychology,1,attention;attentional;cognitive,0.4805,0.0791,0.0739,0.0576,0.1354,0.0814,0.0792,0.0128
693,"Concussion among female athletes in Iceland: Stress, depression, anxiety, and quality of life",2022,WoS,Psychology,5,anxiety;depression;mental;stress,0.0713,0.1216,0.0242,0.2614,0.4081,0.0863,0.0097,0.0175
694,Inclusion is not a slam dunk: A study of differential leadership outcomes in the absence of a glass cliff,2019,WoS,Psychology; Business & Economics,6,decision-making;decisions;leadership,0.2498,0.113,0.0454,0.2101,0.0094,0.3289,0.008,0.0354
695,The Expression of Victory and Loss: Estimating Who's Leading or Trailing from Nonverbal Cues in Sports,2014,WoS,Psychology,1,perception,0.596,0.0484,0.052,0.0853,0.0115,0.1512,0.039,0.0166
696,''That's just how it was'': The effect of issue-related emotional involvement on reading comprehension,1996,WoS,Education & Educational Research; Psychology,6,emotional;emotionally,0.174,0.0673,0.1345,0.0693,0.0729,0.3681,0.0088,0.1052
697,Evidence of different underlying processes in pattern recall and decision-making,2015,WoS,Psychology; Physiology,1,decision-making;perceptual;psychology,0.8765,0.0178,0.0191,0.0185,0.0092,0.0372,0.0076,0.0141
698,Self-Efficacy Moderates but Collective Efficacy Mediates between Motivational Climate and Athletes' Well-Being,2014,WoS,Psychology,8,motivational;satisfaction;self-efficacy;well-being,0.1072,0.0584,0.1055,0.2186,0.0335,0.1211,0.0089,0.3469
699,Justice Is (Change) Blind: Applying Research on Visual Metacognition in Legal Settings,2017,WoS,Health Care Sciences & Services; Government & Law; Psychology,4,cognition;cognitive;decision,0.2089,0.1831,0.0272,0.4249,0.0107,0.0964,0.0328,0.0161
700,People Express More Bias in Their Predictions Than in Their Likelihood Judgments,2023,WoS,Psychology,4,motivated,0.1164,0.0612,0.0889,0.6056,0.0296,0.0314,0.0281,0.0388
701,Context matters: an examination of game management in refereeing,2023,WoS,Social Sciences - Other Topics; Psychology,4,decision;decision-making;decisions;personality,0.2156,0.0382,0.206,0.2776,0.0082,0.1955,0.0246,0.0342
702,You signed the line: Collegiate student-athletes' perceptions of autonomy,2007,WoS,Social Sciences - Other Topics; Psychology; Sport Sciences,6,identity;mental;satisfaction,0.314,0.0202,0.1695,0.0837,0.0334,0.3279,0.0084,0.043
703,Adopting a holistic focus of attention promotes adherence and improves performance in college track and field athletes,2023,WoS,Neurosciences & Neurology; Psychology; Sport Sciences,1,attention;attentional,0.5933,0.1132,0.1379,0.0439,0.0337,0.029,0.009,0.0401
704,An Inch Away From Being Mentally Tough: Performance Bias in Ratings of Mental Toughness,2021,WoS,Social Sciences - Other Topics; Psychology,1,mental;psychologist,0.2876,0.2321,0.1838,0.0234,0.0121,0.1292,0.1145,0.0174
705,Sports and Functional Training Improve a Subset of Obesity-Related Health Parameters in Adolescents: A Randomized Controlled Trial,2021,WoS,Psychology,2,psychological,0.1301,0.3361,0.1761,0.0697,0.0129,0.081,0.0342,0.1599
706,Youth sport as a context for supporting mental health: Adolescent male perspectives,2018,WoS,Social Sciences - Other Topics; Psychology; Sport Sciences,6,mental,0.2006,0.0167,0.084,0.1238,0.0084,0.4261,0.0071,0.1334
707,Knowing When to Pass: The Effect of AI Reliability in Risky Decision Contexts,2024,WoS,Behavioral Sciences; Engineering; Psychology,1,decision;decision-making;decisions,0.4189,0.0205,0.131,0.1388,0.0333,0.1648,0.0764,0.0162
708,An empirical link between motivation gain and NBA statistics: applying hierarchical linear modelling,2023,WoS,Psychology,1,decisions;motivation,0.2797,0.1436,0.02,0.1371,0.1453,0.03,0.0076,0.2367
709,Passion and performance attainment in sport,2008,WoS,Social Sciences - Other Topics; Psychology; Sport Sciences,3,engagement;personality;psychology;well-being,0.0617,0.0439,0.2986,0.067,0.0107,0.0814,0.1936,0.2431
710,The impact of differing audience sizes on referees and team performance from a North American perspective,2022,WoS,Social Sciences - Other Topics; Psychology; Sport Sciences,3,decisions,0.2096,0.1206,0.2677,0.0499,0.1832,0.0616,0.093,0.0144
711,Olympic and Paralympic athletes' perceptions of the Canadian sport environment and mental health,2023,WoS,Social Sciences - Other Topics; Psychology; Sport Sciences,6,mental;stress;wellbeing,0.1387,0.0287,0.1037,0.0882,0.0257,0.5351,0.0068,0.0731
712,Perception of effort in minibasketball during small side games,2015,WoS,Psychology,1,perception,0.4076,0.2841,0.0404,0.0233,0.0085,0.1971,0.0263,0.0128
713,Motivation and level of risk in male and female recreational sport participation,2004,WoS,Psychology,1,motivation;motivational,0.2322,0.0758,0.0699,0.198,0.0511,0.1619,0.0246,0.1866
714,An iSOPARC Case Study of Physical Activity at a Pop-Up Park,2023,WoS,Social Sciences - Other Topics; Psychology; Sport Sciences,1,mental,0.5115,0.0432,0.0786,0.0904,0.0117,0.1842,0.0098,0.0706
715,Neural efficiency in basketball players is associated with bidirectional reductions in cortical activation and deactivation during multiple-object tracking task performance,2019,WoS,Psychology; Behavioral Sciences,1,attentional;cognitive;expertise;perceptual,0.6523,0.112,0.0251,0.0444,0.0962,0.0468,0.0086,0.0145
716,Gaze Coordination of Groups in Dynamic Events - A Tool to Facilitate Analyses of Simultaneous Gazes Within a Team,2021,WoS,Psychology,6,perceptual,0.2289,0.0761,0.1048,0.064,0.1283,0.2855,0.0526,0.0598
717,The dynamics of informal role development within sport teams: A case study approach,2020,WoS,Social Sciences - Other Topics; Psychology; Sport Sciences,1,personality,0.2905,0.0862,0.1033,0.1449,0.0106,0.221,0.1011,0.0424
718,No Evidence of Systematic Change of Physical Activity Patterns Before and During the Covid-19 Pandemic and Related Mood States Among Iranian Adults Attending Team Sports Activities,2021,WoS,Psychology,1,mood,0.5197,0.0858,0.2243,0.0539,0.0089,0.0873,0.0072,0.013
719,Getting a grip on the resilience to blur: The impact of simulated vision loss on a visually guided combat sports interaction,2021,WoS,Social Sciences - Other Topics; Psychology; Sport Sciences,1,resilience;resilient,0.3167,0.0572,0.2399,0.0634,0.1638,0.115,0.0117,0.0324
720,"Perfectionism, self-determined motivation, and coping among adolescent athletes",2011,WoS,Social Sciences - Other Topics; Psychology; Sport Sciences,8,coping;motivated;motivation,0.0527,0.2284,0.0701,0.0829,0.0107,0.1103,0.009,0.4359
721,A General Architecture for Modeling the Dynamics of Goal-Directed Motivation and Decision-Making,2022,WoS,Psychology,7,decision-making;decisions;motivation,0.2043,0.014,0.0427,0.099,0.0083,0.1354,0.4047,0.0917
722,Helping student-athletes learn to self-regulate to alleviate burnout: a multiple case study showcasing their challenging but altering experiences,2018,WoS,Social Sciences - Other Topics; Psychology; Sport Sciences,8,burnout;motivation;stress;well-being,0.1548,0.1619,0.0888,0.1119,0.0596,0.1785,0.0094,0.2352
723,An Integrative Perspective on Interpersonal Coordination in Interactive Team Sports,2017,WoS,Psychology,1,mental;perception,0.6055,0.0381,0.146,0.0287,0.0354,0.082,0.046,0.0184
724,Listening to trees in the forest: Attentional set influences how semantic and acoustic factors interact in auditory perception,2024,WoS,Psychology,1,attention;attentional;perception,0.2544,0.1408,0.025,0.2172,0.0114,0.2072,0.012,0.1318
725,Relationship between elite athletes' psychological skills and their training in those skills,2020,WoS,Psychology,1,imagery;psychological;self-talk,0.3835,0.0571,0.2548,0.1118,0.0135,0.1467,0.0113,0.0212
726,"SPORT INTEREST AS PREDICTED BY THE PERSONALITY MEASURES OF COMPETITIVENESS, MASTERY, INSTRUMENTALITY, EXPRESSIVITY, AND SENSATION SEEKING",1994,WoS,Psychology,1,motivation;personality,0.2417,0.1063,0.2126,0.063,0.0391,0.0721,0.0736,0.1915
727,Stop it! Relationship between sport expertise and response inhibition in elite athletes,2023,WoS,Psychology,1,decisions;expertise,0.378,0.0829,0.1282,0.1513,0.191,0.0467,0.0081,0.0138
728,Return-To-Play Decision Making in Team Sports Athletes. A Quasi-Naturalistic Scenario Study,2020,WoS,Psychology,1,decision;decision-making;decisions,0.3866,0.018,0.0389,0.205,0.0629,0.153,0.0634,0.0723
729,Shared Representations in Athletes: Segmenting Action Sequences From Taekwondo Reveals Implicit Agreement,2021,WoS,Psychology,1,expertise,0.4295,0.0463,0.0418,0.1685,0.1064,0.0769,0.0196,0.1108
730,"Virtual training, real effects: a narrative review on sports performance enhancement through interventions in virtual reality",2023,WoS,Psychology,1,cognitive;decision-making;imagery;mental;perception;psychological;resilience,0.3196,0.0681,0.2453,0.0926,0.0808,0.1598,0.0228,0.0112
731,A Bayesian Approach to Sport Injuries Likelihood: Does Player's Self-Efficacy and Environmental Factors Plays the Main Role?,2018,WoS,Psychology,4,anxiety;coping;psychological;self-efficacy,0.0527,0.1359,0.0468,0.386,0.0771,0.0903,0.064,0.1473
732,Psychological skills training and perfectionism: A single-subject multiple baseline study,2023,WoS,Social Sciences - Other Topics; Psychology; Sport Sciences,1,cognitions;cognitive;emotional;emotions;psychological;psychologists;satisfaction;well-being,0.3405,0.1578,0.0581,0.081,0.029,0.2323,0.0275,0.0738
733,"Mechanical, Physiological, and Perceptual Demands of Repeated Power Ability Lower-Body and Upper-Body Tests in Youth Athletes: Somatic Maturation as a Factor on the Performance",2020,WoS,Psychology,2,perceptual,0.1399,0.4659,0.1796,0.0188,0.0286,0.1256,0.0079,0.0337
734,The effects of mental fatigue on sport-specific motor performance among team sport athletes: A systematic scoping review,2023,WoS,Psychology,1,attention;cognitive;mental;perception;perceptual;psychological;psychology,0.3474,0.1467,0.0832,0.0836,0.1033,0.1466,0.0071,0.082
735,Athletes' basic psychological needs and emotions: the role of cognitive reappraisal,2023,WoS,Psychology,1,cognitive;emotion;emotions;psychological;satisfaction;stress;well-being,0.3941,0.0426,0.0697,0.1412,0.0226,0.1482,0.0063,0.1753
736,What about the family? Onboarding athletes' entourage into professional sport organizations,2023,WoS,Social Sciences - Other Topics; Psychology; Sport Sciences,1,attention;stressors,0.2815,0.129,0.0554,0.2155,0.0057,0.2415,0.0626,0.0089
737,Fraction Ball: Playful and Physically Active Fraction and Decimal Learning,2022,WoS,Psychology,1,cognitive,0.3199,0.1278,0.0219,0.039,0.0565,0.0971,0.0236,0.3141
738,Effect of physical exercise in real-world settings on executive function of atypical children: A systematic review and meta-analysis,2023,WoS,Psychology; Pediatrics,1,cognitive;personality,0.6438,0.0744,0.0377,0.101,0.07,0.0233,0.0216,0.0282
739,"Athlete leader development: The perspectives of athlete leaders, teammates, and coaches",2023,WoS,Social Sciences - Other Topics; Psychology; Sport Sciences,6,decisions;emotions;leadership,0.0869,0.0112,0.0684,0.3021,0.0055,0.5119,0.0046,0.0094
740,Athletes' Perceptions of Role Acceptance in Interdependent Sport Teams,2013,WoS,Social Sciences - Other Topics; Psychology; Sport Sciences,6,cohesion;leadership,0.2218,0.0937,0.0255,0.169,0.0088,0.3595,0.0855,0.0362
741,Physical Exercise of Primary and Middle School Students From the Perspective of Educational Psychology and Parents' Entrepreneurship Education,2022,WoS,Psychology,8,psychology,0.3863,0.0478,0.014,0.0722,0.0181,0.0403,0.0043,0.417
742,Orff-Based Music Training Enhances Children's Manual Dexterity and Bimanual Coordination,2018,WoS,Psychology,1,expertise,0.3684,0.0306,0.1547,0.0402,0.1734,0.1471,0.0192,0.0665
743,Internalized activities,2010,WoS,Psychology,1,mental;perception,0.3346,0.0306,0.2103,0.1784,0.0071,0.0914,0.0869,0.0607
744,Respecting the circle of life: one year outcomes from a randomized controlled comparison of an HIV risk reduction intervention for American Indian adolescents,2015,WoS,"Health Care Sciences & Services; Public, Environmental & Occupational Health; Psychology; Respiratory System; Biomedical Social Sciences",6,decision-making;self-efficacy,0.248,0.0601,0.197,0.1227,0.0105,0.2836,0.0081,0.0701
745,Sports participation in an urban high school: Academic and psychologic correlates,1996,WoS,"Psychology; Public, Environmental & Occupational Health; Pediatrics",8,depression;psychologic,0.0413,0.0776,0.0198,0.0949,0.0688,0.2751,0.0077,0.4148
746,Attributional style and athletic performance: Strategic optimism and defensive pessimism,2008,WoS,Social Sciences - Other Topics; Psychology; Sport Sciences,8,cognitive;coping;depressive;psychological;psychology,0.1993,0.1151,0.0644,0.1562,0.0242,0.1582,0.0541,0.2283
747,The influence of small private online course plus flipped classroom teaching on physical education students' learning motivation from the perspective of self-determination theory,2022,WoS,Psychology,8,emotions;motivation;perception;psychological;satisfaction,0.2224,0.0539,0.0533,0.0355,0.0044,0.0355,0.0035,0.5914
748,The effect of physical exercise of different intensities on the mental health of college students,2022,WoS,Psychology,1,anxiety;attention;depression;fear;mental;psychological;resilience,0.3144,0.06,0.0954,0.0776,0.1453,0.1281,0.0432,0.1361
749,Is It Her Hormones?: Psychiatric Diagnoses and Polycystic Ovarian Syndrome,2016,WoS,Behavioral Sciences; Psychology; Pediatrics,5,anxiety;depressant;depressed;depression;emotional;mood;motivation;personality;psychological,0.1279,0.1049,0.1611,0.1395,0.2206,0.115,0.072,0.0591
750,RELATIONS BETWEEN PSYCHOLOGICAL QUALITY AND TRAINING IN BASKETBALL PLAYERS,2023,WoS,Physiology; Sport Sciences,2,attention;confidence;emotional;emotions;mental;psychological,0.2295,0.3615,0.2026,0.0356,0.0135,0.0393,0.0113,0.1067
751,PSYCHOPHYSIOLOGY OF BASKETBALL PLAYERS SUBMITTED TO HIGH INTENSITY EXERCISE,2023,WoS,Physiology; Sport Sciences,1,mental;psychological;psychology,0.3369,0.2196,0.1039,0.0272,0.0119,0.2737,0.01,0.0168
752,THE STABILITY OF ATHLETES' PSYCHOLOGICAL QUALITY IN MAJOR BASKETBALL GAMES,2023,WoS,Physiology; Sport Sciences,1,attention;confidence;decision;personality;psychological;psychologist,0.3009,0.2321,0.1513,0.0425,0.0158,0.1866,0.0482,0.0227
753,The Comparison of Psychological Characteristics between Korean and Japanese Women Pro-Basketball Players,2019,WoS,Psychiatry,6,anxiety;psychological,0.1003,0.0625,0.0311,0.0569,0.2356,0.3806,0.0143,0.1188
754,Sex-specific effects of small-sided games in basketball on psychometric and physiological markers during Ramadan intermittent fasting: a pilot study,2021,WoS,Rehabilitation; Sport Sciences,2,stress,0.1671,0.4223,0.0781,0.0564,0.0844,0.1301,0.0416,0.02
755,Sport psychology in coaching: Improving the personality traits and thinking skills of basketball players,2022,WoS,Education & Educational Research,1,personality;psychological;psychology,0.3945,0.0212,0.0802,0.0211,0.0109,0.2708,0.0088,0.1925
756,Attitudes toward seeking sport psychology consultation among wheelchair basketball athletes,2001,WoS,Rehabilitation; Sport Sciences,8,attitudes;cognition;psychology,0.1238,0.1564,0.0357,0.1947,0.0169,0.205,0.0151,0.2524
757,Increased Athletic Performance in Lighter Basketball Shoes: Shoe or Psychology Effect?,2016,WoS,Physiology; Sport Sciences,8,psychological;psychology,0.123,0.2481,0.0261,0.0242,0.0124,0.0948,0.0104,0.461
758,"The Effect of Tactical Games Approach in Basketball Teaching on Cognitive, Affective and Psychomotor Achievement Levels of High School Students",2019,WoS,Education & Educational Research,1,attitude;cognitive;decision,0.4457,0.0893,0.2053,0.0156,0.0082,0.0284,0.0076,0.1998
759,Perceived coach leadership style and psychological well-being among South African national male wheelchair basketball players,2018,WoS,"Health Care Sciences & Services; Public, Environmental & Occupational Health; Rehabilitation",6,leadership;psychological;well-being,0.0902,0.0322,0.1569,0.2667,0.0121,0.4128,0.0102,0.019
760,An evaluative case study of a psychological skills training program for athletes with intellectual disabilities,2002,WoS,Rehabilitation; Sport Sciences,6,attention;psychological;psychologist;psychologists;stress,0.2371,0.0751,0.189,0.1529,0.0175,0.2457,0.0148,0.0679
761,PSYCHOLOGICAL SKILLS OF PROVINCIAL NETBALL PLAYERS IN DIFFERENT PLAYING POSITIONS,2011,WoS,Social Sciences - Other Topics,6,coping;psychological,0.081,0.0243,0.1098,0.0241,0.0127,0.3917,0.2696,0.0868
762,Sports-related and gender differences on neuropsychological measures of frontal lobe functioning,2004,WoS,Orthopedics; Physiology; Sport Sciences,1,cognitive;perceptual;psychological,0.4383,0.0917,0.0386,0.1414,0.0155,0.1122,0.0739,0.0883
763,The effect of frequency and mode of sports activity on the psychological status in tetraplegics and paraplegics,2000,WoS,Neurosciences & Neurology; Rehabilitation,1,anxiety;depression;mood;psychological,0.2381,0.1333,0.0859,0.1565,0.1512,0.0763,0.0079,0.1507
764,Evaluation of neuropsychological stability following cerebral domain scores and postural concussion in sports,2003,WoS,Orthopedics; Physiology; Sport Sciences,1,attention;decisions;psychological,0.3237,0.0555,0.0591,0.1007,0.2602,0.0297,0.1205,0.0506
765,SATISFACTION OF BASIC PSYCHOLOGICAL NEEDS AND GOAL ORIENTATION IN YOUNG ATHLETES: A TEST OF BASIC PSYCHOLOGICAL NEEDS THEORY,2015,WoS,Rehabilitation; Sport Sciences,8,psychological;satisfaction,0.2157,0.0196,0.0511,0.1194,0.1949,0.0525,0.0085,0.3383
766,How psychological framing affects economic market prices in the lab and field,2013,WoS,Science & Technology - Other Topics,4,psychological;psychologists;psychology,0.1274,0.1441,0.0743,0.4175,0.0153,0.1173,0.0739,0.0302
767,Neuropsychological test performance prior to and following sports-related mild traumatic brain injury,2001,WoS,Orthopedics; Physiology; Sport Sciences,1,cognitive;psychological,0.2239,0.0653,0.2046,0.123,0.2202,0.0518,0.0687,0.0424
768,Effects of alcohol and task difficulty on visual tracking and inattentional blindness,2022,WoS,Neurosciences & Neurology; Pharmacology & Pharmacy; Psychiatry,1,attentional;cognitive,0.4461,0.1195,0.0608,0.1211,0.0125,0.1567,0.038,0.0453
769,Uninspired: Framing Wheelchair Basketball and Able-Bodied Basketball in College News Sources,2020,WoS,Communication; Social Sciences - Other Topics,4,psychological,0.1758,0.2221,0.1012,0.307,0.0152,0.0932,0.0128,0.0727
770,CARDIAC FUNCTION OF BASKETBALL PLAYERS UNDER STRESS TRAINING,2022,WoS,Physiology; Sport Sciences,2,psychological;stress,0.2491,0.2608,0.1094,0.068,0.1526,0.1351,0.0092,0.0158
771,Analysis of the Characteristics of Thinking Control during Basketball Free Throw Based on Electroencephalogram,2018,WoS,Neurosciences & Neurology,1,psychological,0.47,0.0984,0.1646,0.0962,0.0115,0.1313,0.0099,0.0181
772,TRAINING METHODS IN BASKETBALL PLAYERS TO INCREASE THEIR SHOOTING PERCENTAGE,2022,WoS,Physiology; Sport Sciences,3,attention;psychological,0.1768,0.0629,0.4683,0.0435,0.0102,0.2151,0.0086,0.0147
773,Mental health and social participation skills of wheelchair basketball players: A controlled study,2013,WoS,Education & Educational Research; Rehabilitation,4,anxiety;depression;mental;psychological;well-being,0.1732,0.0723,0.2268,0.2311,0.0935,0.1574,0.0148,0.031
774,How Sleep Affects Recovery and Performance in Basketball: A Systematic Review,2022,WoS,Neurosciences & Neurology,3,psychological;stress,0.0747,0.1674,0.267,0.162,0.2032,0.0848,0.0276,0.0133
775,Cumulative Training Dose's Effects on Interrelationships Between Common Training-Load Models During Basketball Activity,2017,WoS,Physiology; Sport Sciences,1,attention,0.375,0.207,0.2773,0.026,0.0136,0.0688,0.0113,0.0211
776,Examination of the relationship between basketball referee's mental well-being and emotional regulation levels,2023,WoS,Science & Technology - Other Topics,3,cognitive;emotion;emotional;mental;psychological;resilience;well-being;wellbeing,0.2454,0.071,0.3772,0.0328,0.0104,0.2149,0.0089,0.0394
777,THE COMPARISON OF TASK AND EGO ORIENTATION AND GENERAL SELF-ESTEEM OF TURKISH AND MONTENEGRIN YOUNG BASKETBALL PLAYERS,2013,WoS,Rehabilitation; Sport Sciences,5,motivation;psychological,0.1679,0.183,0.0457,0.1349,0.2041,0.1214,0.0651,0.078
778,Temporal trends in incidence of time-loss injuries in four male professional North American sports over 13 seasons,2021,WoS,Science & Technology - Other Topics,4,decision;psychological,0.0399,0.0638,0.0969,0.3518,0.0614,0.3073,0.0662,0.0126
779,A test of self-determination theory with wheelchair basketball players with and without disability,2007,WoS,Rehabilitation; Sport Sciences,8,coping;motivation;psychological,0.0884,0.0783,0.0811,0.2826,0.0192,0.0632,0.016,0.3713
780,TECHNIQUES AND TACTICS IN BASKETBALL ACCORDING TO THE INTENSITY IN OFFICIAL MATCHES,2017,WoS,Physiology; Sport Sciences,1,psychological,0.3817,0.2384,0.1762,0.0233,0.0115,0.1177,0.0097,0.0415
781,A comparison of multidimensional qualities discriminant of selection in elite adolescent Australian basketball athletes,2021,WoS,Science & Technology - Other Topics,1,decision;psychological,0.3073,0.094,0.0667,0.1069,0.0727,0.2533,0.0872,0.0118
782,The effects of maturity matched and un-matched opposition on physical performance and spatial exploration behavior during youth basketball matches,2021,WoS,Science & Technology - Other Topics,1,psychological,0.4105,0.1642,0.0433,0.0339,0.2212,0.1042,0.0065,0.016
783,The Effects of Sleep Extension on the Athletic Performance of Collegiate Basketball Players,2011,WoS,Neurosciences & Neurology,3,mental;mood;well-being,0.2014,0.0847,0.2899,0.0151,0.265,0.04,0.0239,0.08
784,The Effect of Humor Styles on Anxiety Performance in Basketball Learning Practices,2023,WoS,Social Sciences - Other Topics,8,anxiety;coping;psychologists;well-being,0.1464,0.0155,0.194,0.0678,0.1622,0.0836,0.0069,0.3236
785,Recognition of adjustment disorder in college athletes: A case study,1996,WoS,Orthopedics; Physiology; Sport Sciences,6,anxiety;cognition;depression;mental;mood;psychological;well-being,0.104,0.0884,0.2139,0.1208,0.1253,0.2476,0.0116,0.0884
786,"Sleep Patterns Fluctuate Following Training and Games across the Season in a Semi-Professional, Female Basketball Team",2023,WoS,Neurosciences & Neurology,3,perceptual;psychological,0.1503,0.0825,0.6452,0.0311,0.0077,0.0639,0.0065,0.0129
787,The Influence of the 'Trier Social Stress Test' on Free Throw Performance in Basketball: An Interdisciplinary Study,2016,WoS,Science & Technology - Other Topics,1,psychological;stress,0.4622,0.2385,0.0858,0.0619,0.0446,0.0753,0.0117,0.02
788,Surprise Signals Changing Affective Experiences in Naturalistic Sports Spectating,2021,WoS,Neurosciences & Neurology,6,psychological,0.2034,0.0632,0.1987,0.0613,0.0322,0.3589,0.0271,0.055
789,In your face: The transition from physical to symbolic violence among NBA players,2022,WoS,Science & Technology - Other Topics,3,psychological,0.0535,0.1996,0.4042,0.0581,0.0118,0.2183,0.0353,0.0193
790,The Impact of Game Outcome on Affect of Military Wheelchair Basketball Players,2019,WoS,Rehabilitation; Sport Sciences,6,psychological;well-being,0.1919,0.1862,0.1184,0.0728,0.1459,0.2365,0.0148,0.0335
791,Individual differences in professional sport narrative experience during basketball players club mutation,2021,WoS,Science & Technology - Other Topics,6,attitudes;personality;psychological,0.1506,0.0696,0.0747,0.1257,0.0109,0.5128,0.0328,0.0228
792,Emotions and perception of effort in motor games oriented to formative basketball,2023,WoS,Education & Educational Research,1,emotional;emotions;perception,0.4708,0.2141,0.0357,0.0761,0.0169,0.1142,0.0153,0.0569
793,Increased movement accuracy and reduced EMG activity as the result of adopting an external focus of attention,2005,WoS,Neurosciences & Neurology,1,attention;attentional,0.6993,0.0217,0.0413,0.0774,0.0588,0.0288,0.0481,0.0246
794,REACH Harlem: young urban boys' experiences in an after-school PA positive youth development program,2019,WoS,Education & Educational Research,6,psychology,0.2115,0.0719,0.0685,0.0604,0.0109,0.4327,0.0103,0.1339
795,Being in a crowd bonds people via physiological synchrony,2022,WoS,Science & Technology - Other Topics,1,emotions;identity;psychological,0.2496,0.0463,0.1752,0.2146,0.0163,0.1552,0.1124,0.0304
796,EFFECT OF EXERCISE INTERVENTION AND REHABILITATION ON PATIENTS WITH DEPRESSION,2023,WoS,Physiology; Sport Sciences,1,anxiety;depression;mental;psychological,0.2863,0.0475,0.0566,0.0212,0.1526,0.1095,0.0564,0.2698
797,"JOHNSON,MAGIC AND PUBLIC-ATTITUDES TOWARD AIDS - A REVIEW OF EMPIRICAL-FINDINGS",1994,WoS,"Education & Educational Research; Public, Environmental & Occupational Health",6,attitudes;perception;psychological,0.2035,0.1968,0.1297,0.1249,0.0545,0.2404,0.0132,0.0371
798,Sport participation and injury rates in high school students: A Canadian survey of 2029 adolescents,2021,WoS,"Engineering; Public, Environmental & Occupational Health; Social Sciences - Other Topics; Transportation",8,attention;psychological,0.1354,0.0296,0.0773,0.2311,0.0072,0.0741,0.0061,0.4393
799,Physical activity and quality of life experienced by highly active individuals with physical disabilities,2008,WoS,Rehabilitation; Sport Sciences,4,motivation;psychological;self-efficacy,0.2305,0.044,0.0226,0.2921,0.0107,0.2503,0.0551,0.0948
800,The effects of the reciprocal and the self-check styles on pupils' performance in primary physical education,2011,WoS,Education & Educational Research,8,satisfaction;self-efficacy,0.1731,0.0351,0.0777,0.0564,0.0783,0.063,0.0117,0.5047
801,Feasibility and preliminary efficacy of the Fit4Fun intervention for improving physical fitness in a sample of primary school children: a pilot study,2013,WoS,Education & Educational Research,8,attitudes;psychological,0.2287,0.107,0.1901,0.0125,0.1392,0.0751,0.0054,0.2421
802,An Exploratory Examination of Interpersonal Interactions between Peers in Informal Sport Play Contexts,2016,WoS,Science & Technology - Other Topics,6,confidence;psychological,0.0579,0.0329,0.1479,0.0237,0.0501,0.5939,0.0108,0.0828
803,Sports Game Play: A Comparison of Moderate to Vigorous Physical Activities in Adolescents,2013,WoS,"Education & Educational Research; Health Care Sciences & Services; Public, Environmental & Occupational Health",8,motivation;perceptual;psychologically,0.3407,0.0622,0.0268,0.0258,0.0445,0.0632,0.0112,0.4256
804,Enhancing adolescent reasoning skills through a video game program,2023,WoS,Education & Educational Research,8,attention,0.2617,0.1265,0.0825,0.0214,0.0116,0.1433,0.0094,0.3436
805,Increased cerebellar gray matter volume in head chefs,2017,WoS,Science & Technology - Other Topics,1,cognitive;expertise;psychologically,0.4434,0.035,0.063,0.1219,0.0147,0.2193,0.0443,0.0583
806,The relationship between vigilance capacity and physical exercise: a mixed-effects multistudy analysis,2019,WoS,Science & Technology - Other Topics,1,cognition,0.28,0.0485,0.2251,0.0612,0.2096,0.1149,0.0099,0.0507
807,UNDERSTANDING OF DROPPING OUT OF SPORTS IN ADOLESCENCE-TESTING THE HIERARCHICAL MODEL OF INTRINSIC AND EXTRINSIC MOTIVATION,2021,WoS,Rehabilitation; Sport Sciences,1,cognitive;motivation;motivational;psychological;satisfaction,0.2906,0.0734,0.0402,0.0631,0.0118,0.2234,0.0104,0.2872
808,The Consequence of a Medial Ankle Sprain on Physical and Self-reported Functional Limitations: A Case Study Over a 5-Month Period,2015,WoS,Orthopedics; Rehabilitation; Sport Sciences,4,psychological,0.2629,0.0366,0.0304,0.2992,0.0538,0.0869,0.177,0.0532
809,Does mental fatigue affect skilled performance in athletes? A systematic review,2021,WoS,Science & Technology - Other Topics,1,cognitive;decision-making;mental,0.3557,0.2674,0.065,0.0199,0.0905,0.1497,0.0084,0.0434
810,Effect of Exercise-Related Factors on the Perception of Time,2020,WoS,Physiology,6,mental;perception;psychological,0.2639,0.0998,0.0573,0.134,0.0389,0.3165,0.0568,0.0329
811,Cognitive profile of young well-trained athletes with intellectual disabilities,2016,WoS,Education & Educational Research; Rehabilitation,1,cognitive;decision,0.3558,0.0832,0.0897,0.1584,0.1595,0.0847,0.0083,0.0604
812,Effects of Action Observation and Action Observation Combined with Motor Imagery on Maximal Isometric Strength,2019,WoS,Neurosciences & Neurology,1,imagery;mental,0.4206,0.0538,0.0906,0.0609,0.1099,0.0473,0.1829,0.034
813,REVIEW ON THE MECHANISM OF PHYSICAL EXERCISE IMPROVING SENILE DEPRESSION,2022,WoS,Psychiatry,1,attention;depression;mood;psychological;satisfaction,0.4087,0.0556,0.0948,0.2473,0.1304,0.0239,0.0265,0.0128
814,Could hand-eye laterality profiles affect sport performance? A systematic review,2022,WoS,Science & Technology - Other Topics,1,cognitive;perceptual;psychological,0.3092,0.0478,0.1829,0.1545,0.0678,0.1375,0.0435,0.0568
815,Evaluation of Physical Literacy in Secondary School Students,2021,WoS,Education & Educational Research,8,psychological;self-efficacy,0.3089,0.0534,0.0218,0.0392,0.0058,0.0564,0.0045,0.5098
816,Cultivation of College Basketball Referee Ability Using Infrared Thermal Imaging Target Recognition and Tracking System,2022,WoS,Mathematical & Computational Biology; Neurosciences & Neurology,1,cognition,0.3037,0.1204,0.2983,0.0617,0.0094,0.0718,0.0389,0.0959
817,RECOVERY OF BASKETBALL PLAYERS AFTER OFFENSIVE TECHNIQUE TRAINING,2023,WoS,Physiology; Sport Sciences,1,attention,0.4199,0.2242,0.1719,0.0224,0.0102,0.1277,0.0086,0.0151
818,Development of Basketball Tactics Basic Cooperation Teaching System Based on CNN and BP Neural Network,2021,WoS,Mathematical & Computational Biology; Neurosciences & Neurology,7,cognition,0.24,0.025,0.0595,0.0717,0.0251,0.0687,0.2554,0.2545
819,EXPERIMENTAL TRAINING ON ATHLETIC ABILITY AND ATHLETIC PERFORMANCE IN BASKETBALL PLAYERS,2023,WoS,Physiology; Sport Sciences,1,attention,0.4006,0.1435,0.3042,0.0356,0.0189,0.0455,0.0113,0.0405
820,Analysis of Basketball Technical Movements Based on Human-Computer Interaction with Deep Learning,2022,WoS,Mathematical & Computational Biology; Neurosciences & Neurology,1,cognition,0.4422,0.0461,0.0271,0.0773,0.0112,0.2952,0.0847,0.0163
821,KNEE JOINT INJURIES IN YOUNG BASKETBALL PLAYERS,2022,WoS,Physiology; Sport Sciences,4,mental,0.07,0.0206,0.0972,0.337,0.0109,0.2335,0.2117,0.0192
822,Concrete Application of Computer Virtual Image Technology in Modern Sports Training,2022,WoS,Mathematical & Computational Biology; Neurosciences & Neurology,1,cognition,0.5049,0.0169,0.0247,0.0493,0.0764,0.0972,0.218,0.0126
823,Effective Path Research on Cultivating University Students' Sportsmanship with University Basketball Teaching as an Example,2018,WoS,Education & Educational Research,8,attention,0.177,0.0464,0.0535,0.12,0.0139,0.1658,0.0117,0.4118
824,A study of college students' intention to use metaverse technology for basketball learning based on UTAUT2,2022,WoS,Science & Technology - Other Topics,8,attention;attitudes,0.1795,0.0698,0.1058,0.0756,0.0163,0.1416,0.0511,0.3602
825,Internet of Things and Edge Computing Model Optimization in Physical Training Status and Countermeasures in College Sports Basketball Optional Course,2021,WoS,Mathematical & Computational Biology; Neurosciences & Neurology,1,attention,0.2393,0.0692,0.0887,0.0856,0.0098,0.2379,0.0329,0.2367
826,ANALYSIS AND INTERVENTIONS OF COMMON SPORTS INJURIES IN COLLEGE BASKETBALL PLAYERS,2023,WoS,Physiology; Sport Sciences,4,attention,0.1439,0.0587,0.1073,0.2928,0.0626,0.1004,0.0353,0.199
827,EFFECT OF PHYSICAL ACTIVITY ON HOMEOSTASIS IN PROFESSIONAL BASKETBALL PLAYERS ACCORDING TO GENDER DIFFERENCES,2023,WoS,Physiology; Sport Sciences,8,stress,0.2504,0.1531,0.1395,0.0349,0.0143,0.1213,0.0153,0.2713
828,Dynamic visual attention characteristics and their relationship to match performance in skilled basketball players,2020,WoS,Science & Technology - Other Topics,1,attention,0.5849,0.1011,0.0509,0.0152,0.0262,0.0972,0.0247,0.0997
829,Adoption of Machine Learning Algorithm-Based Intelligent Basketball Training Robot in Athlete Injury Prevention,2021,WoS,Computer Science; Robotics; Neurosciences & Neurology,7,cognition,0.1889,0.1455,0.1186,0.0623,0.0538,0.0359,0.2043,0.1906
830,LIMB MOVEMENT OF BASKETBALL ATHLETES IN SPORTS EXERCISE,2022,WoS,Physiology; Sport Sciences,1,attention,0.3937,0.1257,0.1995,0.0488,0.088,0.0402,0.0358,0.0684
831,Physical performance and cardiovascular and metabolic adaptation of elite female wheelchair basketball players in wheelchair ergometry and in competition,1998,WoS,Rehabilitation; Sport Sciences,2,stress,0.2487,0.2948,0.0201,0.203,0.0735,0.0646,0.0283,0.067
832,Artificial Intelligence Technology in Basketball Training Action Recognition,2022,WoS,Computer Science; Robotics; Neurosciences & Neurology,1,cognition;decision,0.5581,0.0508,0.0985,0.0151,0.025,0.0661,0.1739,0.0126
833,Sources of stress experienced by elite male wheelchair basketball players,2002,WoS,Rehabilitation; Sport Sciences,4,stress,0.0869,0.2307,0.1355,0.2435,0.0117,0.2059,0.01,0.0756
834,A test of Multidimensional Anxiety Theory with male wheelchair basketball players,1997,WoS,Rehabilitation; Sport Sciences,6,anxiety;cognitive;confidence,0.1003,0.1188,0.1234,0.215,0.0971,0.3019,0.0154,0.0281
835,Real-Time Analysis of Basketball Sports Data Based on Deep Learning,2021,WoS,Mathematics; Science & Technology - Other Topics,1,cognition,0.5209,0.049,0.0422,0.1002,0.0453,0.1784,0.0508,0.013
836,Effects of integrated sport participation on perceived competence for adolescents with mental retardation,2000,WoS,Rehabilitation; Sport Sciences,8,mental;perception,0.2011,0.0673,0.1336,0.1748,0.0163,0.1743,0.0137,0.219
837,EFFECTS OF BASKETBALL ON THE HEALTH OF CHINESE PEOPLE,2022,WoS,Physiology; Sport Sciences,6,mental,0.2233,0.0642,0.1261,0.1705,0.0097,0.3473,0.0131,0.0457
838,HoopGurlz's biased recruiting: Racial and positional stereotyping in girls' basketball scouting reports,2023,WoS,Communication; Women's Studies,2,personality,0.0477,0.2827,0.1595,0.0937,0.0114,0.206,0.1022,0.0969
839,The Effect of Parental Attitudes of Basketball Coaches on Their Leadership Perception and Life Satisfaction,2015,WoS,Anthropology; Science & Technology - Other Topics; Social Sciences - Other Topics,4,attitudes;leadership;perception;satisfaction,0.0487,0.0237,0.0515,0.4305,0.0121,0.3591,0.037,0.0375
840,Perceived and actual basketball competence of adolescent males with mild mental retardation,1998,WoS,Rehabilitation; Sport Sciences,1,cognitive;mental,0.2693,0.0411,0.1557,0.0569,0.0555,0.2124,0.0148,0.1944
841,Comparative Study of the Capacity of Pelvic Floor Contraction in Volleyball and Basketball Athletes,2011,WoS,Physiology; Sport Sciences,5,stress,0.0968,0.0991,0.1036,0.0455,0.3152,0.2851,0.0202,0.0345
842,Impact Analysis of Basketball Exercise Strength Based on Machine Learning in the Mental Health of College Students,2022,WoS,Mathematical & Computational Biology; Neurosciences & Neurology,1,attention;mental,0.3514,0.0375,0.0387,0.0836,0.0948,0.2504,0.0063,0.1372
843,PHYSICAL CAPACITY OF BASKETBALL PLAYERS IN RESISTANCE TRAINING,2023,WoS,Physiology; Sport Sciences,3,mental,0.1702,0.1263,0.4023,0.0319,0.0125,0.1396,0.0371,0.0801
844,A prevention strategy to reduce the incidence of injury in high school basketball: A cluster randomized controlled trial,2007,WoS,Orthopedics; Physiology; Sport Sciences,1,attention,0.2272,0.0187,0.2207,0.1664,0.0254,0.1248,0.0484,0.1683
845,Preliminary results indicate that regular training induces high protection against oxidative stress in basketball players compared to soccer,2022,WoS,Science & Technology - Other Topics,1,stress,0.3441,0.0377,0.1355,0.0772,0.2255,0.095,0.0571,0.028
846,Research on deep reinforcement learning basketball robot shooting skills improvement based on end to end architecture and multi-modal perception,2023,WoS,Computer Science; Robotics; Neurosciences & Neurology,1,attention;decision-making;decisions;perception,0.2994,0.013,0.2178,0.1122,0.0065,0.2299,0.068,0.0531
847,"Relationships among salivary immunoglobulin A, lactoferrin and cortisol in basketball players during a basketball season",2010,WoS,Physiology; Sport Sciences,2,stress,0.1186,0.3509,0.2,0.0539,0.1545,0.0348,0.0401,0.0471
848,Who needs a referee? How incorrect basketball actions are automatically detected by basketball players' brain,2012,WoS,Science & Technology - Other Topics,1,perceptual,0.5752,0.0927,0.0876,0.1172,0.0147,0.0466,0.0443,0.0216
849,Behaviour Detection and Recognition of College Basketball Players Based on Multimodal Sequence Matching and Deep Neural Networks,2022,WoS,Mathematical & Computational Biology; Neurosciences & Neurology,1,cognition,0.5001,0.0268,0.0441,0.0825,0.0055,0.0561,0.276,0.0089
850,"The Effects of Teams, Individual Players and Spectators on Basketball Officials' Decision-making Processes",2015,WoS,Anthropology; Science & Technology - Other Topics; Social Sciences - Other Topics,3,decision-making;decisions,0.2263,0.2023,0.309,0.0424,0.0215,0.1047,0.064,0.0298
851,Their Hands Communicate and Their Eyes Listen: Perceptions of Small Group Messages Amongst Deaf College Basketball Players,2021,WoS,Communication; Social Sciences - Other Topics,1,identity,0.3372,0.0309,0.0653,0.1898,0.0452,0.2498,0.0121,0.0698
852,THE PATH TO EXPERTISE IN PORTUGUESE AND USA BASKETBALL PLAYERS,2013,WoS,Rehabilitation; Sport Sciences,1,expertise,0.361,0.0399,0.0954,0.0381,0.0202,0.2656,0.0594,0.1203
853,Visual search strategies of performance monitoring used in action anticipation of basketball players,2023,WoS,Behavioral Sciences; Neurosciences & Neurology,1,attention,0.6001,0.0813,0.1335,0.0167,0.0274,0.057,0.023,0.061
854,Shoulder pain in wheelchair basketball athletes: A scoping review,2023,WoS,Neurosciences & Neurology,4,stress,0.1869,0.1229,0.0225,0.4752,0.0952,0.0645,0.0061,0.0268
855,Multidimensional Self-Efficacy and Affect in Wheelchair Basketball Players,2008,WoS,Rehabilitation; Sport Sciences,1,cognitive;resiliency;self-efficacy,0.219,0.041,0.1456,0.2099,0.0676,0.2138,0.0174,0.0856
856,Suspending Narrative Engagements: The Case of Pick-Up Basketball,2012,WoS,Government & Law; Social Sciences - Other Topics,6,engagement,0.134,0.1649,0.1122,0.1367,0.019,0.3887,0.0164,0.0281
857,Playing ice hockey and basketball increases serum levels of S-100B in elite players -: A pilot study,2003,WoS,Orthopedics; Physiology; Sport Sciences,4,decision,0.2744,0.0247,0.1082,0.2934,0.2507,0.0271,0.0078,0.0138
858,Do running speed and shoe cushioning influence impact loading and tibial shock in basketball players?,2018,WoS,Science & Technology - Other Topics,1,perception,0.2939,0.0959,0.0336,0.0308,0.2202,0.0337,0.1931,0.0987
859,Using Camshift and Kalman Algorithm to Trajectory Characteristic Matching of Basketball Players,2021,WoS,Mathematics; Science & Technology - Other Topics,1,cognition,0.4257,0.0404,0.0182,0.1475,0.0212,0.1353,0.202,0.0096
860,Exploring Game Performance in the National Basketball Association Using Player Tracking Data,2015,WoS,Science & Technology - Other Topics,1,attention,0.4398,0.0573,0.1558,0.0523,0.0121,0.1761,0.0365,0.0703
861,Empirical study on visual attention characteristics of basketball players of different levels during free-throw shooting,2023,WoS,Science & Technology - Other Topics,1,attention;attentional,0.6321,0.0153,0.0609,0.0371,0.1139,0.1066,0.0064,0.0278
862,RESEARCH ON THE EFFECT OF BASKETBALL ON MENTAL REHABILITATION OF DEPRESSED PATIENTS,2022,WoS,Psychiatry,1,depressed;depression;depressive;mental,0.2813,0.1549,0.0962,0.0586,0.1629,0.0662,0.0989,0.0809
863,Do rotational shear-cushioning shoes influence horizontal ground reaction forces and perceived comfort during basketball cutting maneuvers?,2017,WoS,Science & Technology - Other Topics,7,attention;perception,0.1781,0.0685,0.0266,0.0886,0.0792,0.0311,0.3565,0.1714
864,Injury surveillance in English youth basketball: A 5-season cohort study to inform injury prevention strategies,2022,WoS,Rehabilitation; Sport Sciences,4,confidence,0.1102,0.044,0.0867,0.481,0.0107,0.1924,0.0551,0.02
865,Relationships Between Different Internal and External Training Load Variables and Elite International Women's Basketball Performance,2021,WoS,Physiology; Sport Sciences,2,stress,0.1657,0.416,0.1343,0.101,0.0454,0.1047,0.0123,0.0206
866,Athletes versus video game players: A predictive contextual processing study,2018,WoS,Neurosciences & Neurology,1,attentional,0.4382,0.0238,0.1035,0.3311,0.0121,0.036,0.0378,0.0174
867,Searching to improve learning from complex animated basketball scenes: when decreasing the presentation speed is more efficient than using segmentation,2021,WoS,Education & Educational Research,1,cognitive;mental,0.4207,0.2447,0.0242,0.0714,0.0362,0.076,0.0097,0.1171
868,Behavioral and Cognitive Electrophysiological Differences in the Executive Functions of Taiwanese Basketball Players as a Function of Playing Position,2020,WoS,Neurosciences & Neurology,6,cognitive;decision-making,0.3264,0.0779,0.023,0.0443,0.0829,0.4202,0.0095,0.0159
869,Wheelchair Basketball Athletes? Perceptions of the Coach-Athlete Relationship,2023,WoS,Rehabilitation; Sport Sciences,6,expertise;well-being,0.2239,0.0344,0.075,0.1539,0.0175,0.4168,0.0527,0.0258
870,Socialization into wheelchair basketball in the United Kingdom: A structural functionalist perspective,1998,WoS,Rehabilitation; Sport Sciences,1,decisions,0.3254,0.0728,0.1596,0.2667,0.0313,0.1035,0.0148,0.026
871,Children and young people's perspectives and experiences of a community wheelchair basketball club and its impact on daily life,2020,WoS,Rehabilitation,4,emotions;mental,0.2004,0.0185,0.0889,0.3592,0.0092,0.302,0.0077,0.014
872,Planned and Reactive Agility Performance in Semiprofessional and Amateur Basketball Players,2014,WoS,Physiology; Sport Sciences,1,decision-making;perceptual,0.3651,0.2121,0.2663,0.0603,0.0183,0.0484,0.0104,0.019
873,Single and Combined Effect of Acute Sleep Restriction and Mental Fatigue on Basketball Free-Throw Performance,2021,WoS,Physiology; Sport Sciences,3,mental;motivation,0.2758,0.1324,0.363,0.0619,0.0154,0.0411,0.0529,0.0574
874,Caffeine Ingestion Improves Performance During Fitness Tests but Does Not Alter Activity During Simulated Games in Professional Basketball Players,2021,WoS,Physiology; Sport Sciences,1,stressing,0.3439,0.2,0.2175,0.0175,0.1512,0.0476,0.0078,0.0146
875,RELATIONSHIPS BETWEEN WELLNESS STATUS AND PERCEIVED TRAINING LOAD ON DAILY AND WEEKLY BASES OVER A BASKETBALL SEASON,2020,WoS,Rehabilitation; Sport Sciences,2,stress,0.1021,0.5278,0.236,0.0208,0.0116,0.0712,0.0122,0.0183
876,Research on visual search behaviors of basketball players at different levels of sports expertise,2023,WoS,Science & Technology - Other Topics,1,expertise,0.5303,0.0592,0.1209,0.0192,0.1641,0.0548,0.0362,0.0152
877,Application of Unsupervised Migration Method Based on Deep Learning Model in Basketball Training,2022,WoS,Mathematical & Computational Biology; Neurosciences & Neurology,1,cognition,0.257,0.0539,0.0953,0.2238,0.1064,0.1725,0.0766,0.0146
878,The effects of sport expertise and shot results on basketball players' action anticipation,2020,WoS,Science & Technology - Other Topics,1,expertise,0.356,0.1429,0.2767,0.0286,0.1087,0.0562,0.0115,0.0194
879,The Physical and Physiological Demands of Basketball Training and Competition,2010,WoS,Physiology; Sport Sciences,2,confidence,0.235,0.43,0.1306,0.0405,0.0465,0.0367,0.0309,0.0498
880,A new database of the analysis of the physiological needs in amateur female basketball during official matches,2023,WoS,Science & Technology - Other Topics,2,stress,0.2065,0.351,0.1475,0.0218,0.012,0.1731,0.0097,0.0784
881,The new basketball body: an analysis of corporeity in modern NBA basketball,2022,WoS,Arts & Humanities - Other Topics; Social Sciences - Other Topics,2,cognition,0.2157,0.362,0.2102,0.0278,0.0143,0.1374,0.0121,0.0206
882,Putting the blessings on him: Vouching and basketball status work,2004,WoS,Government & Law; Social Sciences - Other Topics,2,identity,0.1289,0.248,0.2044,0.2406,0.019,0.1136,0.0165,0.029
883,Further evidence to change the medical classification system of the National Wheelchair Basketball Association,2004,WoS,Rehabilitation; Sport Sciences,1,attention,0.4826,0.0309,0.0715,0.127,0.0158,0.0441,0.0133,0.2148
884,Motor experience with a sport-specific implement affects motor imagery,2018,WoS,Science & Technology - Other Topics,1,imagery,0.5268,0.0379,0.1652,0.1962,0.0092,0.0437,0.0077,0.0133
885,Recovery of the physiological status in professional basketball players using NESA neuromodulation treatment during different types of microcycles in season: A preliminary randomized clinical trial,2022,WoS,Physiology,2,stress,0.0871,0.4386,0.1781,0.0714,0.1345,0.0639,0.0097,0.0167
886,Ball possessions and game rhythm in basketball games involving players with and without intellectual impairments,2024,WoS,Education & Educational Research; Genetics & Heredity; Neurosciences & Neurology; Psychiatry; Rehabilitation,1,cognition;decision-making,0.3641,0.0265,0.292,0.0547,0.0135,0.036,0.1639,0.0494
887,"INITIAL, CONTINUED, AND SUSTAINED MOTIVATION IN ADOLESCENT FEMALE ATHLETES - A SEASON-LONG ANALYSIS",1995,WoS,Pediatrics; Physiology; Sport Sciences,6,motivation,0.1455,0.0699,0.055,0.0962,0.0309,0.3235,0.0094,0.2697
888,THE ROLE OF VISUAL PERCEPTION IN ACTION ANTICIPATION IN BASKETBALL ATHLETES,2013,WoS,Neurosciences & Neurology,1,perception,0.4731,0.0703,0.217,0.0222,0.0837,0.1071,0.0099,0.0167
889,Special Olympics Unified Sports: Changes in male athletes during a basketball season,2001,WoS,Rehabilitation; Sport Sciences,6,mental,0.1589,0.1316,0.0868,0.0394,0.0207,0.3063,0.0174,0.2389
890,Research on the method of constructing the sports marketing management system of college basketball team,2021,WoS,Education & Educational Research; Engineering,1,mental;well;well-being,0.2886,0.0896,0.135,0.1501,0.0278,0.0852,0.1098,0.114
891,Modulation of Plasma Proteomic Profile by Regular Training in Male and Female Basketball Players: A Preliminary Study,2022,WoS,Physiology,5,stress,0.264,0.1366,0.1027,0.0664,0.3282,0.0277,0.0092,0.0652
892,Effect of Learning Environment and Tobacco Consumption on the Formation of Students' Motivation in Basketball Classes,2020,WoS,Social Sciences - Other Topics,6,engagement;motivation,0.1984,0.092,0.1232,0.0501,0.0122,0.2872,0.0102,0.2267
893,Study on the correlation between basketball players' multiple-object tracking ability and sports decision-making,2023,WoS,Science & Technology - Other Topics,1,attention;decision;decision-making;decisions,0.8381,0.017,0.0183,0.0166,0.0087,0.0816,0.0073,0.0125
894,Experience-Dependent Plasticity of Cerebellar Vermis in Basketball Players,2009,WoS,Neurosciences & Neurology,1,motor,0.464,0.1004,0.0999,0.0515,0.022,0.0584,0.0644,0.1395
895,"Pushing forward: Disability, basketball, and me",2004,WoS,Social Sciences - Other Topics,1,engagement,0.2913,0.1609,0.0311,0.2886,0.0147,0.1777,0.0124,0.0232
896,Electrodiagnostic study of carpal tunnel syndrome in wheelchair basketball players,1996,WoS,Orthopedics; Physiology; Sport Sciences,4,cognition,0.178,0.1063,0.0359,0.5395,0.0535,0.044,0.0185,0.0244
897,Training Mode's Influence on the Relationships Between Training-Load Models During Basketball Conditioning,2014,WoS,Physiology; Sport Sciences,3,perceptual,0.1436,0.2037,0.2466,0.0566,0.0136,0.0972,0.0144,0.2244
898,"Weekly Fluctuations in Salivary Hormone Responses and Their Relationships With Load and Well-Being in Semiprofessional, Male Basketball Players During a Congested In-Season Phase",2022,WoS,Physiology; Sport Sciences,2,well-being,0.2035,0.3316,0.2969,0.0224,0.0626,0.0309,0.0099,0.0423
899,Long-term effects of athletics meet on the perceived competence of individuals with intellectual disabilities,2007,WoS,Education & Educational Research; Rehabilitation,8,perception,0.1404,0.0785,0.1725,0.204,0.0135,0.1211,0.0113,0.2587
900,Training load and match-play demands in basketball based on competition level: A systematic review,2020,WoS,Science & Technology - Other Topics,2,stress,0.2329,0.2486,0.2114,0.0714,0.1494,0.0321,0.0097,0.0445
901,Predictors of self-esteem with youth basketball players,1996,WoS,Pediatrics; Physiology; Sport Sciences,8,perception,0.1424,0.0897,0.1008,0.0407,0.0127,0.2651,0.0109,0.3377
902,HEALTH PROBLEMS OF BASKETBALL REFEREES: A PROSPECTIVE STUDY,2021,WoS,Physiology; Sport Sciences,1,decisions,0.2743,0.0583,0.1963,0.2039,0.0289,0.2178,0.0073,0.0131
903,Are basketball players more likely to develop Hirayama disease?,2019,WoS,Neurosciences & Neurology,1,stress,0.3734,0.0595,0.0301,0.2436,0.0163,0.2133,0.043,0.0208
904,Benefits of Sports Participation for Executive Function in Disabled Athletes,2010,WoS,General & Internal Medicine; Neurosciences & Neurology,1,perceptual,0.3871,0.0332,0.0302,0.0923,0.2591,0.1427,0.0372,0.0182
905,Universal Ecological Patterns in College Basketball Communities,2011,WoS,Science & Technology - Other Topics,2,attention,0.186,0.1931,0.1767,0.1591,0.0182,0.1756,0.057,0.0343
906,Working Overtime: The Effects of Overtime Periods on Game Demands in Basketball Players,2019,WoS,Physiology; Sport Sciences,2,perceptual,0.1726,0.3457,0.0726,0.0714,0.2813,0.0298,0.0101,0.0165
907,Interactive decision making and behavior of experienced and inexperienced basketball coaches during practice,1997,WoS,Education & Educational Research; Sport Sciences,6,decision,0.2767,0.0815,0.1425,0.0195,0.0106,0.3799,0.0086,0.0808
908,Regression Tree Model for Predicting Game Scores for the Golden State Warriors in the National Basketball Association,2020,WoS,Science & Technology - Other Topics,1,attention,0.3126,0.2969,0.209,0.0819,0.0163,0.046,0.0138,0.0235
909,"Increased game frequency period crossing Ramadan intermittent fasting decreases fat mass, sleep duration, and recovery in male professional basketball players",2023,WoS,Science & Technology - Other Topics,2,stress;well-being,0.081,0.5547,0.194,0.0608,0.0101,0.0562,0.0081,0.0351
910,Monitoring Training Load and Well-Being During the In-Season Phase in National Collegiate Athletic Association Division I Men's Basketball,2018,WoS,Physiology; Sport Sciences,2,well-being,0.0883,0.3128,0.2652,0.0194,0.0876,0.1999,0.0086,0.0183
911,"Hoops and Education: Latino Males, Fugitivity, and Basketball in the City",2024,WoS,Education & Educational Research; Urban Studies,8,identity,0.0819,0.1381,0.0753,0.1329,0.0163,0.2656,0.0138,0.2761
912,Managing Load to Optimize Well-Being and Recovery During Short-Term Match Congestion in Elite Basketball,2021,WoS,Physiology; Sport Sciences,2,mood;stress;well-being,0.135,0.4116,0.2414,0.0596,0.0129,0.1177,0.0081,0.0138
913,Applying mindfulness training to enhance the mental toughness and emotional intelligence of amateur basketball players,2019,WoS,Psychiatry,2,emotional;mental;mindfulness;resilience,0.1684,0.3679,0.1056,0.0304,0.0202,0.1995,0.0473,0.0606
914,"A Systematic Review on the Physical, Physiological, Perceptual, and Technical-Tactical Demands of Official 3 x 3 Basketball Games",2023,WoS,Physiology; Sport Sciences,2,perceptual,0.235,0.3072,0.0799,0.0165,0.1137,0.1713,0.0451,0.0312
915,Gender differences in children's conceptions of competence and motivation in physical education,1999,WoS,Education & Educational Research; Social Sciences - Other Topics; Sport Sciences,8,motivation;motivational,0.0982,0.0243,0.0579,0.0807,0.0124,0.194,0.1042,0.4283
916,Comparison of baseline ImPACT performance in amateur motocross riders to football and basketball athletes,2018,WoS,Neurosciences & Neurology; Rehabilitation,5,cognitive,0.1982,0.1204,0.0554,0.0549,0.3446,0.1339,0.0695,0.0232
917,The effect of motivational and instructional self-talk on attentional control under noise distraction,2023,WoS,Science & Technology - Other Topics,1,attentional;motivational;self-talk,0.4842,0.054,0.0637,0.138,0.1605,0.034,0.011,0.0546
918,Defensive Strategy and Player Sex Impact Heart-Rate Responses During Games-Based Drills in Professional Basketball,2021,WoS,Physiology; Sport Sciences,1,stress,0.3626,0.1401,0.0595,0.0199,0.1807,0.2096,0.0088,0.0189
919,Head coaches' attitudes towards injury prevention and use of related methods in professional basketball: A survey,2018,WoS,Rehabilitation; Sport Sciences,4,attitudes,0.2226,0.0192,0.2791,0.3127,0.0098,0.1314,0.0082,0.0168
920,"Drawing Disability in Japanese Manga: Visual Politics, Embodied Masculinity, and Wheelchair Basketball in Inoue Takehiko's REAL",2013,WoS,Anthropology; Psychiatry; Biomedical Social Sciences,4,attention;attitudes;identity,0.1706,0.154,0.0692,0.3322,0.0104,0.2086,0.0089,0.0461
921,Predicting the fate of basketball throws: an EEG study on expert action prediction in wheelchair basketball players,2019,WoS,Neurosciences & Neurology,1,expertise,0.5365,0.0225,0.072,0.1772,0.0549,0.0861,0.0313,0.0195
922,"Testing a Multicomponent Training Designed to Improve Sprint, Agility and Decision-Making in Elite Basketball Players",2023,WoS,Neurosciences & Neurology,1,cognitive;decision-making;perceptual,0.4921,0.0274,0.3075,0.0264,0.0139,0.0997,0.0122,0.0208
923,The Effect of a Coaching Clinic on Student-Coaches' Behavior During a Basketball Sport Education Season With Preservice Teachers,2022,WoS,Education & Educational Research; Sport Sciences,1,cognitive,0.2587,0.1189,0.1305,0.0366,0.0194,0.2341,0.0165,0.1854
924,GOAL PROXIMITY AND ACHIEVEMENT-MOTIVATION OF HIGH-SCHOOL BOYS IN A BASKETBALL SHOOTING TASK,1992,WoS,Education & Educational Research; Sport Sciences,8,motivation;self-efficacy,0.1735,0.0327,0.0543,0.0757,0.0127,0.0656,0.2792,0.3062
925,Mental Hoop Diaries: Emotional Memories of a College Basketball Game in Rival Fans,2010,WoS,Neurosciences & Neurology,3,cognition;confidence;decisions;emotion;emotional;expertise;imagery;mental,0.2438,0.0777,0.2694,0.0836,0.0994,0.0802,0.0265,0.1194
926,Decision support model for student physical exercise health promotion based on artificial neural network,2022,WoS,Psychiatry,1,decision,0.4311,0.0535,0.1264,0.1034,0.1189,0.0221,0.1005,0.0441
927,Activity Profiles and Demands of Seasonal and Tournament Basketball Competition,2013,WoS,Physiology; Sport Sciences,1,confidence;resilience,0.3376,0.3109,0.1337,0.0207,0.0143,0.1045,0.0621,0.0161
928,Athletic competition: a means of improving the self-image of the mentally retarded adolescent?,2000,WoS,Rehabilitation,8,perception,0.1737,0.0393,0.2785,0.0233,0.0121,0.1339,0.0103,0.3288
929,Study of the satisfaction by age and gender of secondary school students with the integrated learning of Basketball and English language through a Non-linear Pedagogy,2023,WoS,Education & Educational Research; Linguistics,8,motivation;satisfaction,0.2005,0.1019,0.0515,0.1081,0.0121,0.1161,0.0102,0.3996
930,Local contextual processing of abstract and meaningful real-life images in professional athletes,2012,WoS,Neurosciences & Neurology,1,attentional,0.4567,0.0374,0.1414,0.2523,0.0488,0.0427,0.0076,0.0132
931,Feasibility Study on Using AI and VR for Decision-Making Training of Basketball Players,2021,WoS,Computer Science; Education & Educational Research,1,cognition;decision;decision-making;decisions,0.4882,0.0975,0.1966,0.0167,0.0085,0.0587,0.047,0.0867
932,Stress and Recovery Balance in Amateur Basketball Players: Differences by Gender and Preparation Phase,2013,WoS,Physiology; Sport Sciences,2,emotional;self-efficacy;stress,0.0691,0.4908,0.0607,0.066,0.0112,0.1985,0.0118,0.0919
933,Coaches as sport workers: professional agency within the employment context of elite European basketball,2019,WoS,Education & Educational Research; Social Sciences - Other Topics; Sport Sciences,6,attention;decisions,0.2455,0.0394,0.1396,0.1058,0.0096,0.4128,0.0081,0.0393
934,"Impact of a 6-Day Official Tournament on Physical Demands Perceptual-Physiological Responses, Well-Being, , and Game Performance of Under-18 Basketball Players",2023,WoS,Physiology; Sport Sciences,2,perceptual;well-being,0.3634,0.4794,0.0282,0.0206,0.0401,0.0437,0.009,0.0156
935,Kinetics and perception of basketball landing in various heights and footwear cushioning,2018,WoS,Science & Technology - Other Topics,7,perception,0.1709,0.0961,0.0281,0.0113,0.1592,0.0282,0.3445,0.1618
936,Cognitive appraisal of sources of stress experienced by elite male wheelchair basketball players,2002,WoS,Rehabilitation; Sport Sciences,2,cognitive;cognitively;stress,0.1389,0.2324,0.1611,0.2315,0.0121,0.1956,0.0103,0.0183
937,"A longitudinal examination of the influence of winning or losing with motivational climate as a mediator on enjoyment, perceived competence, and intention to be physically active in youth basketball",2023,WoS,Education & Educational Research,8,engagement;motivational,0.2322,0.025,0.0372,0.0165,0.0274,0.2334,0.0076,0.4207
938,Sex Differences in Cognitive-Motor Dual-Task Training Effects and in Brain Processing of Semi-Elite Basketball Players,2023,WoS,Neurosciences & Neurology,1,cognitive,0.5164,0.1755,0.1279,0.0447,0.011,0.0992,0.0092,0.0161
939,The effect of dynamic versus static visualizations on acquisition of basketball game actions: a diurnal study,2023,WoS,Science & Technology - Other Topics,3,anxiety;arousal;mood,0.247,0.2344,0.2587,0.0208,0.0817,0.057,0.0096,0.0908
940,Corticospinal excitability during observation of basketball free-throw movement: Effects of video playback speed and stimulus timing,2023,WoS,Science & Technology - Other Topics,1,expertise,0.6657,0.0225,0.0242,0.1209,0.1106,0.03,0.0097,0.0165
941,Effects of short-term awareness interventions on children's attitudes toward peers with a disability,2007,WoS,Rehabilitation,1,attitudes;cognitive;emotional,0.4043,0.0272,0.1036,0.1357,0.0139,0.126,0.0117,0.1777
942,Are Pay Decisions Based on Pre-Contract Efficiency Necessarily Correct? Evidence From Players Contracts of National Basketball Association,2023,WoS,Social Sciences - Other Topics,1,decisions,0.5357,0.1219,0.0436,0.0841,0.0207,0.0572,0.1069,0.0298
943,The effect of fatigue on electromechanical response times in basketball players with and without persistent low back pain,2022,WoS,Science & Technology - Other Topics,4,cognitive,0.1646,0.1052,0.0467,0.324,0.2163,0.0408,0.0804,0.022
944,Reinforcement learning in professional basketball players,2011,WoS,Science & Technology - Other Topics,4,motivation,0.1868,0.0291,0.1347,0.3014,0.0143,0.2695,0.0121,0.052
945,Human Posture Recognition and Estimation Method Based on 3D Multiview Basketball Sports Dataset,2021,WoS,Mathematics; Science & Technology - Other Topics,7,cognition;confidence,0.2219,0.0619,0.0545,0.2757,0.0425,0.0296,0.3042,0.0097
946,High-Pressure Game Conditions Affect Quiet Eye Depending on the Player's Expertise: Evidence from the Basketball Three-Point Shot,2022,WoS,Neurosciences & Neurology,1,attention;expertise;perception;stressed,0.3886,0.0426,0.263,0.0809,0.0771,0.056,0.0093,0.0825
947,Quantifying Physical Demands in the National Basketball Association-Challenges Around Developing Best-Practice Models for Athlete Care and Performance,2019,WoS,Physiology; Sport Sciences,1,decision,0.2984,0.1743,0.205,0.0604,0.0353,0.1596,0.0109,0.056
948,OBJECTIVE AND SUBJECTIVE VARIABLES FOR MONITORING OF DIFFERENT SEASON CYCLES IN BASKETBALL PLAYERS,2012,WoS,Physiology; Sport Sciences,2,perception,0.2233,0.4061,0.0816,0.0256,0.014,0.1827,0.0116,0.0551
949,Machine learning for activity recognition: hip versus wrist data,2014,WoS,Biophysics; Engineering; Physiology,1,cognition,0.5484,0.0172,0.1077,0.0533,0.0502,0.0226,0.1509,0.0497
950,Effects of high-intensity interval training program on pituartry function in basketball players: a randomized controlled trial,2023,WoS,Physiology,1,stress,0.4289,0.1294,0.1807,0.0218,0.1573,0.0302,0.0098,0.0418
951,Reciprocity on the Hardwood: Passing Patterns among Professional Basketball Players,2012,WoS,Science & Technology - Other Topics,6,decision-making;motivations,0.2273,0.0195,0.2329,0.0717,0.0102,0.3048,0.0927,0.0408
952,Threatening Whiteness: Angry Russell and the Rhetoricity of Race,2021,WoS,Communication; Literature; Philosophy,2,attention;cognition,0.252,0.3803,0.1482,0.0603,0.0143,0.1088,0.012,0.0239
953,Developing sport expertise in youth sport: a decision training program in basketball,2019,WoS,Science & Technology - Other Topics,1,cognitive;decision;decision-making;decisions;expertise,0.5208,0.0229,0.1939,0.0435,0.0112,0.1785,0.0091,0.0202
954,Comparing Developmental Trajectories of Elite Able-Bodied and Wheelchair Basketball Players,2020,WoS,Rehabilitation; Sport Sciences,1,expertise,0.3891,0.0343,0.0659,0.1109,0.0169,0.2091,0.0898,0.084
955,"A Model of Perfectionism, Moral Disengagement, Altruism, and Antisocial and Prosocial Behaviors in Wheelchair Athletes",2022,WoS,Rehabilitation; Sport Sciences,6,engagement,0.0958,0.1362,0.0503,0.1361,0.0217,0.4184,0.0182,0.1233
956,Expertise-Level-Dependent Functionally Plastic Changes During Motor Imagery in Basketball Players,2018,WoS,Neurosciences & Neurology,1,expertise;imagery;mental,0.6803,0.0627,0.021,0.1544,0.01,0.0488,0.0084,0.0144
957,Basketball Teams as Strategic Networks,2012,WoS,Science & Technology - Other Topics,1,leadership,0.3792,0.0462,0.0198,0.081,0.0074,0.147,0.307,0.0124
958,INTERCOLLEGIATE ATHLETIC PARTICIPATION AND FRESHMAN-YEAR COGNITIVE OUTCOMES,1995,WoS,Education & Educational Research,5,cognitive,0.2307,0.0693,0.1105,0.0659,0.3342,0.1103,0.0292,0.0499
959,"What's the Difference? Women's Wheelchair Basketball, Reverse Integration, and the Question(ing) of Disability",2011,WoS,Rehabilitation; Sport Sciences,6,identity,0.266,0.08,0.0275,0.2643,0.0127,0.3174,0.0118,0.0203
960,"Behavioral, Physiological, and Neural Signatures of Surprise during Naturalistic Sports Viewing",2021,WoS,Neurosciences & Neurology,4,resilient,0.1953,0.0284,0.0486,0.3319,0.1574,0.2008,0.0111,0.0265
961,Understanding 'monitoring' data-the association between measured stressors and athlete responses within a holistic basketball performance framework,2022,WoS,Science & Technology - Other Topics,2,stressors,0.1696,0.5421,0.0851,0.0396,0.052,0.0887,0.0083,0.0147
962,EFFECTS OF ATHLETIC TAPING ON PERFORMANCE OF BASKETBALL ATHLETES WITH CHRONIC ANKLE INSTABILITY,2018,WoS,Physiology; Sport Sciences,1,stress,0.3292,0.0549,0.103,0.2147,0.0117,0.0365,0.2323,0.0177
963,Evaluation of an integrated disability basketball event for adolescents: Sportsmanship and learning,2000,WoS,Rehabilitation; Sport Sciences,4,cognitive;emotional,0.067,0.1652,0.0415,0.3188,0.015,0.317,0.0121,0.0633
964,Parkour-Based Activities in the Athletic Development of Youth Basketball Players,2021,WoS,Physiology,1,burnout;wellbeing,0.2798,0.0409,0.2633,0.0859,0.0085,0.2369,0.0494,0.0354
965,Efficacy of complex training on angular velocity of shoulder in collegiate basketball players,2018,WoS,Orthopedics; Rehabilitation,3,attention,0.2373,0.1205,0.2611,0.2329,0.0509,0.0754,0.0081,0.0139
966,MONITORING STRESS LEVEL OF BRAZILIAN FEMALE BASKETBALL ATHLETES DURING THE PREPARATION FOR THE 2009 AMERICAN CUP,2013,WoS,Physiology; Sport Sciences,3,mood;stress,0.1173,0.1174,0.4199,0.104,0.1228,0.0346,0.0657,0.0183
967,Multimedia blogging in physical education: Effects on student knowledge and ICT self-efficacy,2011,WoS,Computer Science; Education & Educational Research,8,self-efficacy,0.2336,0.0226,0.1214,0.0404,0.0544,0.094,0.027,0.4067
968,Urgent wake up call for the National Basketball Association,2021,WoS,Neurosciences & Neurology,3,mental,0.0975,0.1284,0.2393,0.1116,0.1333,0.2173,0.0237,0.049
969,The instructional benefits of dynamic visualizations in the acquisition of basketball tactical actions,2019,WoS,Education & Educational Research,1,attention;attitudes;cognitive;engagement;mental;motor,0.4308,0.1692,0.0527,0.0232,0.0362,0.1584,0.0098,0.1197
970,CNN Multi-Position Wearable Sensor Human Activity Recognition Used in Basketball Training,2022,WoS,Mathematical & Computational Biology; Neurosciences & Neurology,1,attention;cognition,0.4766,0.132,0.0745,0.0553,0.0088,0.1329,0.1065,0.0134
971,Effects of Physical Education Teachers' Leadership Styles and Classroom Climate on Learning Motivation for Basketball Course,2018,WoS,Education & Educational Research,8,leadership;motivation,0.1046,0.0338,0.0173,0.147,0.0082,0.2828,0.0069,0.3994
972,The Emergence and Management of Role Ambiguity in a Collegiate Basketball Team: An Organizational Tensions Perspective,2018,WoS,Communication; Social Sciences - Other Topics,6,leadership,0.1463,0.0685,0.0391,0.1902,0.0164,0.3809,0.0133,0.1452
973,"With Malice Towards All? Moral Authority, Violence, and the (Affective) Discipline of Basketball (Bodies)",2019,WoS,Communication; Social Sciences - Other Topics,2,anxiety;leadership,0.1438,0.2546,0.1049,0.0704,0.0516,0.1577,0.1196,0.0975
974,Impact of jet lag on free throw shooting in the National Basketball Association,2022,WoS,Life Sciences & Biomedicine - Other Topics; Physiology,1,mental,0.2892,0.0902,0.1692,0.0354,0.1957,0.1813,0.0142,0.0246
975,Three-by-Three Basketball: Inertial Movement and Physiological Demands During Elite Games,2018,WoS,Physiology; Sport Sciences,2,confidence,0.2748,0.4589,0.0318,0.0728,0.0637,0.045,0.0356,0.0174
976,Postracism Mythology: NBA Commissioner Adam Silver's Heroic Banishment of Racism From the NBA,2019,WoS,Communication; Social Sciences - Other Topics,2,leadership,0.1233,0.3099,0.0635,0.1038,0.0467,0.1277,0.0124,0.2127
977,With or without straps? A pilot study to investigate whether restraint devices affect the wheelchair basketball players' performance,2023,WoS,Orthopedics; Rehabilitation,2,stresses,0.1962,0.2462,0.0537,0.2422,0.0489,0.1479,0.0507,0.0142
978,Survey of sport participation and sport injury in calgary and area high schools,2006,WoS,Orthopedics; Physiology; Sport Sciences,4,attention,0.0956,0.0967,0.0349,0.3344,0.0492,0.0571,0.0594,0.2726
979,Just for the fun of it: coaches' perceptions of an exemplary community youth sport program,2017,WoS,Education & Educational Research,6,confidence,0.0875,0.0782,0.1002,0.1003,0.0088,0.5801,0.0075,0.0374
980,Low-dye taping may enhance physical performance and muscle activation in basketball players with overpronated feet,2022,WoS,Science & Technology - Other Topics,1,decision,0.4087,0.2104,0.107,0.0609,0.1073,0.0825,0.0083,0.0147
981,Quiet eye training improves accuracy in basketball field goal shooting,2017,WoS,Neurosciences & Neurology,1,cognitive;stresses,0.4406,0.0292,0.2387,0.0761,0.0884,0.0309,0.043,0.0532
982,Assessment of Pelvic Floor Muscle Pressure in Female Athletes,2013,WoS,Rehabilitation; Sport Sciences,5,stress,0.0961,0.129,0.1156,0.0607,0.5423,0.0291,0.0094,0.0177
983,Associations between sport participation and knee symptoms: a cross-sectional study involving 3053 undergraduate students,2020,WoS,Rehabilitation; Sport Sciences,7,anxiety;engagement,0.0732,0.017,0.0187,0.1041,0.2524,0.2134,0.269,0.0523
984,Physiological and perceptual effects of precooling in wheelchair basketball athletes,2016,WoS,Neurosciences & Neurology,1,perceptual,0.4995,0.1186,0.1267,0.1126,0.0337,0.0507,0.0421,0.0161
985,Sportgulation: Courts as deus ex machina' in defining the public interest' in sport broadcasting - The case of Israel,2017,WoS,Communication,2,decisions,0.1189,0.2714,0.2135,0.1017,0.088,0.0976,0.0637,0.0451
986,Persuasion effect of corporate social responsibility initiatives in professional sport franchise: Moderating effect analysis,2020,WoS,Science & Technology - Other Topics,6,attitude;perception,0.1807,0.0561,0.1863,0.0591,0.0425,0.371,0.0123,0.092
987,Comparison of the effects of Wii and conventional training on functional abilities and neurocognitive function in basketball-players with functional ankle instability: Matched randomized clinical trial,2021,WoS,Rehabilitation,3,cognitive,0.2804,0.0785,0.2972,0.0755,0.1572,0.0314,0.0623,0.0175
988,Echocardiographic myocardial work in pre-adolescent male basketball players: a comparison with cardiopulmonary exercise test-derived aerobic capacity,2022,WoS,Physiology,2,stress,0.2543,0.3519,0.022,0.049,0.2118,0.086,0.0088,0.0161
989,Reduced Fatigue in Passive Versus Active Recovery: An Examination of Repeated-Change-of-Direction Sprints in Basketball Players,2018,WoS,Physiology; Sport Sciences,2,perceptual;stress,0.2053,0.5453,0.04,0.0178,0.1256,0.0244,0.0079,0.0337
990,Comparison Between 30-15 Intermittent Fitness Test and Multistage Field Test on Physiological Responses in Wheelchair Basketball Players,2015,WoS,Physiology,2,stress,0.1331,0.4332,0.0717,0.0846,0.1029,0.1497,0.0091,0.0156
991,THE IMBALANCE OF COMMENTATORS' DISCOURSE DURING A TELEVIZED BASKETBALL MATCH,2008,WoS,Rehabilitation; Sport Sciences,6,perception,0.1079,0.1441,0.087,0.0818,0.0626,0.2735,0.1517,0.0913
992,Effects of alternated sport competition in perceived competence for adolescent males with mild to moderate mental retardation,2001,WoS,Rehabilitation,8,mental;perception,0.2367,0.123,0.1557,0.1045,0.0155,0.0396,0.0128,0.3122
993,"Preservice Physical Education Teachers' Perceptions of a Flipped Basketball Course: Benefits, Challenges, and Recommendations",2021,WoS,Education & Educational Research; Sport Sciences,8,motivation,0.256,0.0214,0.0596,0.041,0.01,0.2229,0.0085,0.3805
994,"HIGH-STAKES TELEVISION: FAN ENGAGEMENT, MARKET LITERACY AND THE BATTLE FOR SPORTS CONTENT",2011,WoS,Communication,2,decisions;engagement,0.1556,0.4171,0.1029,0.0909,0.0097,0.0654,0.12,0.0385
995,The quiet eye is sensitive to exercise-induced physiological stress,2018,WoS,Neurosciences & Neurology; Sport Sciences,1,attentional;stress,0.6138,0.1054,0.0698,0.0521,0.094,0.036,0.0104,0.0185
996,A Multicriteria Selection System Based on Player Performance: Case StudyThe Spanish ACB Basketball League,2018,WoS,Business & Economics; Social Sciences - Other Topics,1,decision,0.3642,0.2243,0.1847,0.0281,0.0148,0.1136,0.0479,0.0224
997,The cognitive benefits of basketball training compared to a combined endurance and resistance training regimen: a four-month intervention study,2023,WoS,Science & Technology - Other Topics,1,cognition;cognitive,0.2724,0.0742,0.2428,0.0242,0.2369,0.1156,0.011,0.0227
998,The hot hand in the wild,2022,WoS,Science & Technology - Other Topics,4,decision;decisions,0.1965,0.0802,0.0966,0.3418,0.0121,0.1646,0.0362,0.0719
999,A novel MADM algorithm for physical education teaching quality evaluation based on 2-tuple linguistic neutrosophic numbers power heronian mean operators,2023,WoS,Science & Technology - Other Topics,6,decision-making,0.1044,0.1033,0.1515,0.018,0.0092,0.3217,0.0298,0.2621
1000,Gender and School-Level Differences in Students' Moderate and Vigorous Physical Activity Levels When Taught Basketball Through the Tactical Games Model,2016,WoS,Education & Educational Research; Sport Sciences,8,cognitive,0.3127,0.0264,0.0394,0.0553,0.0135,0.1144,0.0113,0.4269
1001,Cognitive impacts of intercollegiate athletic participation - Some further evidence,1999,WoS,Education & Educational Research,1,cognitive,0.2268,0.1249,0.1551,0.1571,0.1186,0.1378,0.0238,0.0558
1002,Longitudinal Changes of Functional Capacities Among Adolescent Female Basketball Players,2019,WoS,Physiology,1,decisions,0.2235,0.1137,0.1723,0.0795,0.1459,0.1992,0.0281,0.0377
1003,Teaching team invasion games and motivational climate,2009,WoS,Education & Educational Research,8,motivation;motivational,0.1158,0.0476,0.0569,0.0819,0.0102,0.1363,0.0304,0.5209
1004,Post-primary School Students' Attitudes Toward Physical Education and Physical Activity Preferences: Philippines' K-12 Program,2022,WoS,Education & Educational Research,8,attitudes,0.1835,0.0179,0.0591,0.0199,0.0085,0.0768,0.0617,0.5726
1005,Sports on Quality of Life of Individuals With Spinal Cord Injury: A Case Series,2011,WoS,Physiology; Sport Sciences,4,emotional;perception,0.0686,0.1015,0.2132,0.4103,0.0319,0.103,0.0567,0.0148
1006,CAN WE HASTEN EXPERTISE BY VIDEO SIMULATIONS,1994,WoS,Education & Educational Research; Sport Sciences,1,cognition;decision;expertise;perception;perceptual,0.5757,0.0342,0.1214,0.0375,0.0174,0.1749,0.0146,0.0245
1007,"A holistic approach to performance prediction in collegiate athletics: player, team, and conference perspectives",2024,WoS,Science & Technology - Other Topics,1,stress,0.2452,0.2057,0.2129,0.1043,0.0473,0.0994,0.0657,0.0194
1008,Mirror Visual Feedback Training Improves Intermanual Transfer in a Sport-Specific Task: A Comparison between Different Skill Levels,2016,WoS,Neurosciences & Neurology,1,motor,0.4238,0.0748,0.2104,0.1441,0.0131,0.0727,0.0413,0.0198
1009,The Role of Gender in Evaluating Athletes' Endorsements of Corporate Social Advocacy Initiatives,2024,WoS,Communication; Social Sciences - Other Topics,4,identity;perception,0.0919,0.0485,0.0988,0.3836,0.0142,0.3205,0.0117,0.0308
1010,Modeling the formation of defensive gaps in basketball: Cutting on a teammate's drive,2023,WoS,Science & Technology - Other Topics,2,attention,0.2742,0.275,0.024,0.0651,0.0584,0.1834,0.1044,0.0155
1011,"Royce White, DeMar DeRozan and Media Framing of Mental Health in the NBA",2022,WoS,Communication; Social Sciences - Other Topics,6,mental,0.225,0.1996,0.0284,0.0607,0.0118,0.2953,0.137,0.0423
1012,Teaching a Physical Activity to Students with Mild to Moderate Intellectual Disability Using a Peer-Delivered Simultaneous Prompting Procedure: A Single-Case Experimental Design Study,2021,WoS,Education & Educational Research,1,engagement,0.2647,0.1395,0.0535,0.1407,0.0109,0.1363,0.0092,0.2451
1013,Anteroposterior curvatures of the spine in adolescent athletes,2014,WoS,Orthopedics; Rehabilitation,1,engagement,0.4198,0.0987,0.1888,0.0691,0.0582,0.0516,0.0508,0.0631
1014,MEDIA CELEBRITIES AND PUBLIC-HEALTH - RESPONSES TO MAGIC-JOHNSON HIV DISCLOSURE AND ITS IMPACT ON AIDS RISK AND HIGH-RISK BEHAVIORS,1995,WoS,Communication; Health Care Sciences & Services,6,attitudes;emotional,0.0963,0.2393,0.0509,0.0973,0.009,0.368,0.0277,0.1115
1015,Postural stability assessment in expert versus amateur basketball players during optic flow stimulation,2024,WoS,Neurosciences & Neurology; Physiology; Rehabilitation; Sport Sciences,1,attention,0.4299,0.0557,0.0761,0.1136,0.1881,0.0939,0.0289,0.0138
1016,Culture and gambling fallacies,2015,WoS,Science & Technology - Other Topics,4,cognition,0.1813,0.1794,0.1454,0.3579,0.0169,0.0805,0.0143,0.0244
1017,From perpetual foreigner to national hero: a narrative analysis of US and Taiwanese news coverage of Linsanity,2014,WoS,Communication,2,identity,0.1442,0.4058,0.0332,0.1322,0.0158,0.1252,0.0473,0.0963
1018,Developing pupils' performance in team invasion games,2011,WoS,Education & Educational Research,8,decision-making;decisions;perception,0.2157,0.0973,0.0672,0.0081,0.0219,0.2011,0.0222,0.3666
1019,Inter-Limb Asymmetry of Leg Stiffness in National Second-League Basketball Players during Countermovement Jumps,2022,WoS,Science & Technology - Other Topics,1,attention,0.407,0.15,0.0708,0.0434,0.1651,0.0947,0.0539,0.0151
1020,When a celebrity contracts a disease: The example of Earvin Magic Johnson's announcement that he was HIV positive,2003,WoS,Communication; Information Science & Library Science,1,perception,0.3123,0.0414,0.1139,0.0848,0.0246,0.2829,0.0179,0.1222
1021,The Application of Recovery Strategies in Basketball: A Worldwide Survey,2022,WoS,Physiology,1,perception,0.2764,0.1947,0.1201,0.0515,0.0087,0.1626,0.0078,0.1783
1022,Tracking Within-Athlete Changes in Whole-Body Fat Percentage in Wheelchair Athletes,2021,WoS,Physiology; Sport Sciences,3,identity,0.1422,0.0276,0.4198,0.259,0.0131,0.042,0.0112,0.0851
1023,"Effects of physical exercise on quality of life, exercise capacity and pulmonary function in children with asthma",2006,WoS,Rehabilitation; Sport Sciences,1,emotional,0.5184,0.0337,0.0881,0.0558,0.1671,0.1014,0.0238,0.0117
1024,DO YOU BELIEVE IN MAGIC - THE IMPACT OF MAGIC JOHNSON ON ADOLESCENTS AIDS KNOWLEDGE AND ATTITUDES,1993,WoS,"Education & Educational Research; Public, Environmental & Occupational Health",2,attitudes,0.0875,0.2298,0.1576,0.1698,0.0685,0.1317,0.0182,0.1368
1025,Effects of a Cognitive-Motor Training on Anticipatory Brain Functions and Sport Performance in Semi-Elite Basketball Players,2022,WoS,Neurosciences & Neurology,1,attention;cognition;cognitive,0.5732,0.1196,0.1229,0.021,0.0348,0.0798,0.0328,0.0159
1026,Effect of an acute exercise on early responses of iron and iron regulatory proteins in young female basketball players,2022,WoS,Rehabilitation; Sport Sciences,1,stress,0.4055,0.2228,0.06,0.1201,0.1306,0.033,0.0102,0.0178
1027,Initial Maximum Push-Rim Propulsion and Sprint Performance in Elite Men's Wheelchair Basketball,2023,WoS,Physiology; Sport Sciences,1,confidence,0.3228,0.2373,0.2011,0.0792,0.0405,0.0899,0.0108,0.0183
1028,Mini-Basketball Training Program Improves Social Communication and White Matter Integrity in Children with Autism,2020,WoS,Neurosciences & Neurology,1,cognition,0.663,0.0382,0.1131,0.0468,0.0707,0.0469,0.0078,0.0137
1029,Motor skill learning induces brain network plasticity: A diffusion-tensor imaging study,2019,WoS,Science & Technology - Other Topics,1,attention,0.3997,0.0689,0.0983,0.1041,0.007,0.0614,0.2238,0.0369
1030,Pupils' perceptions of and experiences in team invasion games: A case study of a Scottish secondary school and its three feeder primary schools,2008,WoS,Education & Educational Research,8,perception,0.1521,0.0244,0.0276,0.05,0.0371,0.2217,0.0102,0.477
1031,Effect of Core Training on Skill Performance Among Athletes: A Systematic Review,2022,WoS,Physiology,1,cohesion,0.3314,0.087,0.2003,0.0287,0.149,0.1056,0.0547,0.0434
1032,Running with the ball? Making a play for sport heritage archives in Higher Education contexts,2018,WoS,Arts & Humanities - Other Topics; Social Sciences - Other Topics,6,engagement,0.1122,0.2226,0.0443,0.1607,0.0274,0.2259,0.101,0.106
1033,3x3 Basketball: Performance Characteristics and Changes During Elite Tournament Competition,2018,WoS,Physiology; Sport Sciences,2,confidence,0.1381,0.6774,0.066,0.0443,0.0159,0.0331,0.0092,0.0159
1034,Phase Angle and Bioelectrical Impedance Vectors in Adolescent and Adult Male Athletes,2014,WoS,Physiology; Sport Sciences,1,confidence,0.3847,0.2088,0.0906,0.0488,0.0309,0.0264,0.0715,0.1382
1035,"Leadership or luck? Randomization inference for leader effects in politics, business, and sports",2021,WoS,Science & Technology - Other Topics,4,leadership,0.3359,0.0723,0.0404,0.3389,0.0554,0.113,0.0175,0.0266
1036,"School Attendance, Chronotype, and Day-of-the-Week Effect in Adolescent Male Basketball Players",2023,WoS,Life Sciences & Biomedicine - Other Topics; Physiology,8,cognitive,0.1892,0.0881,0.2166,0.0942,0.041,0.0477,0.0539,0.2694
1037,No Room for Racism: Restoration of Order in the NBA,2016,WoS,Communication; Social Sciences - Other Topics,6,decision;identity,0.1628,0.2219,0.138,0.1083,0.0163,0.3147,0.0137,0.0243
1038,THE DEVELOPMENT OF SPORT EXPERTISE - FROM LEEDS TO MVP LEGEND,1994,WoS,Education & Educational Research; Sport Sciences,1,cognition;cognitive;decision;expertise,0.5684,0.0257,0.0312,0.0249,0.014,0.277,0.011,0.0478
1039,Investigation of Body Awareness Level and Performance Emotional Status of Athletes in Different Branches of Sports,2020,WoS,Rehabilitation; Sport Sciences,2,emotional;mood,0.1419,0.309,0.2843,0.0606,0.0134,0.1028,0.0515,0.0365
1040,How do people perceive and generate options?,2009,WoS,Neurosciences & Neurology,1,cognition;cognitive;perception,0.3428,0.0243,0.0743,0.1579,0.1267,0.1072,0.1487,0.018
1041,Effect of the brain-derived neurotrophic factor gene Val66Met polymorphism on sensory-motor integration during a complex motor learning exercise,2020,WoS,Neurosciences & Neurology,1,motor,0.4385,0.0309,0.1005,0.1084,0.118,0.0577,0.0892,0.0568
1042,Action anticipation beyond the action observation network: a functional magnetic resonance imaging study in expert basketball players,2012,WoS,Neurosciences & Neurology,1,decision-making;expertise;perception,0.6412,0.0608,0.0694,0.0894,0.0071,0.0822,0.0228,0.0271
1043,A hierarchical approach for evaluating athlete performance with an application in elite basketball,2024,WoS,Science & Technology - Other Topics,1,decisions,0.3315,0.112,0.0674,0.1265,0.0296,0.2413,0.078,0.0137
1044,Comparison of Concussion Sideline Screening Measures Across Varying Exertion Levels Within Simulated Games,2021,WoS,Rehabilitation; Sport Sciences,1,decision;decisions,0.3485,0.0358,0.1698,0.0789,0.2379,0.0974,0.0212,0.0103
1045,Combined Effect of Number of Players and Dribbling on Game-Based-Drill Demands in Basketball,2020,WoS,Physiology; Sport Sciences,2,perceptual,0.2735,0.4898,0.0407,0.0794,0.0094,0.0832,0.0079,0.016
1046,The Epidemiology of Concussions: Number and Nature of Concussions and Time to Recovery Among Female and Male Canadian Varsity Athletes 2008 to 2011,2017,WoS,Orthopedics; Physiology; Sport Sciences,4,cognitive,0.1109,0.2033,0.0172,0.2556,0.2232,0.1268,0.0112,0.0517
1047,The prince and the pauper: Journalistic culture and Paralympic games in the Spanish print press,2018,WoS,Communication,6,attention,0.2107,0.1849,0.036,0.1934,0.0169,0.2455,0.0142,0.0985
1048,The Game Performance Assessment Instrument (GPAI): Development and preliminary validation,1998,WoS,Education & Educational Research; Sport Sciences,1,decisions,0.3331,0.0925,0.0312,0.028,0.0452,0.2665,0.0121,0.1915
1049,Neuroendocrine Dysfunction in a Young Athlete With Concussion: A Case Report,2017,WoS,Orthopedics; Physiology; Sport Sciences,5,cognition,0.1956,0.105,0.0656,0.1958,0.3442,0.0486,0.0086,0.0367
1050,Intercollegiate athletics and student college choice: Exploring the impact of championship seasons on undergraduate applications,1998,WoS,Education & Educational Research,1,attention,0.2504,0.1809,0.1213,0.0264,0.0512,0.1829,0.0118,0.1753
1051,A VR-Based Motor Imagery Training System With EMG-Based Real-Time Feedback for Post-Stroke Rehabilitation,2023,WoS,Engineering; Rehabilitation,1,engagement;imagery,0.3632,0.0623,0.1856,0.0724,0.0322,0.0739,0.1552,0.055
1052,"College students' perceptions, myths, and stereotypes about African American athleticism: A qualitative investigation",2004,WoS,Education & Educational Research; Social Sciences - Other Topics; Sport Sciences,6,attitudes,0.2325,0.0767,0.0421,0.0428,0.0605,0.2959,0.0155,0.2339
1053,Effects of different variations of mental and physical practice on sport skill learning in adolescents with mental retardation,2010,WoS,Education & Educational Research; Rehabilitation,3,imagery;mental,0.1732,0.0895,0.584,0.0268,0.0124,0.0329,0.0104,0.0708
1054,COMMENTARY AND VIEWER PERCEPTION OF PLAYER HOSTILITY - ADDING PUNCH TO TELEVISED SPORTS,1991,WoS,"Communication; Film, Radio & Television",2,perception,0.1923,0.2719,0.1128,0.1687,0.019,0.1828,0.0157,0.0368
1055,INVESTIGATING THE BENEFITS OF SPORT PARTICIPATION FOR INDIVIDUALS WITH SCHIZOPHRENIA: A SYSTEMATIC REVIEW,2015,WoS,Psychiatry,5,satisfaction;wellbeing,0.1237,0.1071,0.0734,0.114,0.2549,0.1782,0.0693,0.0793
1056,An ecological analysis of middle school misbehavior through student and teacher perspectives,2003,WoS,Education & Educational Research; Sport Sciences,1,engagement,0.3324,0.0487,0.0396,0.046,0.0113,0.1907,0.0351,0.2963
1057,Player detection method based on scale attention and scale equalization algorithm,2023,WoS,Computer Science; Robotics; Neurosciences & Neurology,1,attention,0.2762,0.0431,0.2053,0.1251,0.0143,0.0561,0.2593,0.0206
1058,Research on Teaching Strategies of Sports Translation Based on Neurocognitive Science,2018,WoS,Education & Educational Research,8,cognitive,0.1349,0.2127,0.0436,0.0538,0.0112,0.1066,0.0095,0.4278
1059,Sport leisure skill learning by adolescents with mild mental retardation: A four-step strategy,1999,WoS,Rehabilitation; Sport Sciences,1,mental,0.3569,0.1002,0.1297,0.1321,0.0498,0.0718,0.0133,0.146
1060,Prevalence and factors associated with bone stress injury in middle school runners,2022,WoS,Rehabilitation; Sport Sciences,4,stress,0.1811,0.0641,0.0904,0.2778,0.0072,0.1437,0.1904,0.0453
1061,"OBSERVING AND INTERPRETING TEACHING LEARNING-PROCESSES - NOVICE PETE STUDENTS, EXPERIENCED PETE STUDENTS, AND EXPERT TEACHER EDUCATORS",1993,WoS,Education & Educational Research; Sport Sciences,8,expertise,0.1523,0.0257,0.0276,0.0815,0.0979,0.1891,0.0393,0.3866
1062,Digital video: The impact on children's learning experiences in primary physical education,2013,WoS,Education & Educational Research,1,motivated;motivation,0.383,0.0229,0.1267,0.022,0.012,0.1937,0.0098,0.2298
1063,The influence of the Sport Education Model on amotivated students' in-class physical activity,2012,WoS,Education & Educational Research,8,engagement;motivated;motivation,0.2961,0.0882,0.0698,0.0307,0.0139,0.1054,0.0117,0.3842
1064,Developing community structure on the sidelines: A social network analysis of youth sport league parents,2020,WoS,Social Sciences - Other Topics,6,well-being,0.2166,0.0689,0.11,0.0681,0.0163,0.28,0.2165,0.0235
1065,Decentralized policy learning with partial observation and mechanical constraints for multiperson modeling,2024,WoS,Computer Science; Neurosciences & Neurology,1,cognition,0.373,0.0822,0.1162,0.0572,0.0131,0.1557,0.1834,0.0191
1066,"Love NBA, Hate BLM: Racism in China's Sports Fandom",2022,WoS,Communication,1,attention,0.3748,0.0337,0.2381,0.0749,0.0163,0.0827,0.1548,0.0247
1067,Following Naomi Osaka and Rui Hachimura on Social Media: Silent Activism and Sport Commodification of Multiracial Japanese Athletes,2023,WoS,Communication,4,identity,0.1178,0.1953,0.1509,0.2114,0.0175,0.1533,0.0906,0.0632
1068,'Who you callin' nappy-headed?' A critical race theory look at the construction of Black women,2009,WoS,Education & Educational Research; Ethnic Studies,6,personality,0.1505,0.1433,0.0291,0.1236,0.0124,0.2418,0.0908,0.2086
1069,Interaction between human and robot: An affect-inspired approach,2008,WoS,Communication; Linguistics,3,anxiety;satisfaction,0.136,0.0608,0.4723,0.0675,0.1204,0.1086,0.0137,0.0208
1070,Evidence-based designs for physically active and playful math learning,2023,WoS,Education & Educational Research,8,motivation,0.1518,0.0339,0.0443,0.0658,0.012,0.1368,0.0616,0.4937
1071,A Study of Feature Construction Based on Least Squares and RBF Neural Networks in Sports Training Behaviour Prediction,2022,WoS,Mathematical & Computational Biology; Neurosciences & Neurology,1,self-efficacy,0.3134,0.0268,0.1342,0.2612,0.0131,0.0775,0.0676,0.1062
1072,The Impact of Selecting a Validation Method in Machine Learning on Predicting Basketball Game Outcomes,2020,WoS,Science & Technology - Other Topics,1,decision,0.2614,0.0621,0.0817,0.1856,0.0858,0.0784,0.0817,0.1633
1073,EFFECTIVENESS OF A TAEKWONDO COURSE ON MULTICULTURALISM AMONG AFRICAN-AMERICAN COLLEGE STUDENTS,2020,WoS,Social Sciences - Other Topics,8,attitudes,0.2,0.0684,0.13,0.0313,0.0112,0.0871,0.0088,0.4633
1074,Effects of variable practice on the motor learning outcomes in manual wheelchair propulsion,2016,WoS,Engineering; Neurosciences & Neurology; Rehabilitation,3,motor,0.2912,0.1267,0.4391,0.063,0.006,0.0464,0.0181,0.0095
1075,"Learning bundles of stimuli renders stimulus order as a cue, not a confound",2014,WoS,Science & Technology - Other Topics,1,cognition;cognitive;perception,0.4293,0.0231,0.1326,0.2039,0.0104,0.1517,0.0089,0.0401
1076,Sex-dependent components of the analgesia produced by athletic competition,2001,WoS,Neurosciences & Neurology,1,cognitive;cognitively;stress;stressful,0.4449,0.1822,0.0498,0.1369,0.0716,0.0761,0.0114,0.0271
1077,Influence of sports expertise level on attention in multiple object tracking,2018,WoS,Science & Technology - Other Topics,1,attention;attentional;cognitive;expertise,0.4318,0.1396,0.0825,0.0313,0.1927,0.0849,0.0137,0.0235
1078,We All Go Through It: Media Depictions of Mental Illness Disclosures From Star Athletes DeMar DeRozan and Kevin Love,2021,WoS,Communication; Social Sciences - Other Topics,6,anxiety;attitudes;cognitive;depression;mental,0.1156,0.2018,0.1184,0.162,0.0401,0.3052,0.0226,0.0342
1079,Hiding behind the camera: social learning within the Cooperative Learning Model to engage girls in physical education,2014,WoS,Education & Educational Research; Social Sciences - Other Topics; Sport Sciences,8,cognitive;engagement,0.2911,0.0182,0.0414,0.0368,0.0088,0.2313,0.068,0.3046
1080,The field of expertise modulates the time course of neural processes associated with inhibitory control in a sport decision-making task,2022,WoS,Science & Technology - Other Topics,1,cognitive;decision-making;engagement;expertise,0.3964,0.0709,0.2123,0.0455,0.0357,0.1573,0.0653,0.0166
1081,"RETRACTED: Enhancing critical thinking in Chinese students in physical education through collaborative learning and visualization (Retracted article. See vol. 46, 2022)",2021,WoS,Education & Educational Research,1,cognitive,0.2697,0.1234,0.0302,0.0761,0.0254,0.1274,0.0831,0.2647
1082,"Daily, weekly and annual patterns in children's accidental sport injuries",2018,WoS,Life Sciences & Biomedicine - Other Topics; Physiology,1,attention;cognitive,0.3579,0.096,0.0705,0.2208,0.0767,0.0523,0.0274,0.0983
1083,"Identifying the Level of Symmetrization of Reaction Time According to Manual Lateralization between Team Sports Athletes, Individual Sports Athletes, and Non-Athletes",2024,WoS,Science & Technology - Other Topics,1,cognitive,0.2944,0.0205,0.083,0.1338,0.2456,0.1206,0.0088,0.0933
1084,Effects of situational constraints on students' game-play development over three consecutive Sport Education seasons of invasion games,2019,WoS,Education & Educational Research,1,cognitive;decision-making;engagement,0.3528,0.0114,0.0278,0.0225,0.0173,0.2437,0.0167,0.3078
1085,Application of Decision Tree in PE Teaching Analysis and Management under the Background of Big Data,2022,WoS,Mathematical & Computational Biology; Neurosciences & Neurology,8,decision,0.2072,0.1165,0.0217,0.0295,0.0315,0.0909,0.0349,0.4678
1086,"Pervasively Offside: An Examination of Sexism, Stereotypes, and Sportscaster Credibility",2017,WoS,Communication; Social Sciences - Other Topics,2,attitudes,0.1061,0.3005,0.0385,0.2057,0.0143,0.1803,0.0127,0.142
1087,NOTICING OF UNEXPECTED EVENTS BY ADULTS WITH AND WITHOUT MENTAL-RETARDATION,1993,WoS,Education & Educational Research; Rehabilitation,8,attention;mental,0.301,0.0304,0.0425,0.207,0.0152,0.0725,0.0129,0.3185
1088,MOTIVATIONAL CLIMATE CREATED BY OTHER SIGNIFICANT ACTORS AND ANTISOCIAL BEHAVIORS IN YOUTH SPORT,2015,WoS,Rehabilitation; Sport Sciences,6,motivational;perception,0.2101,0.0422,0.0336,0.0923,0.0147,0.382,0.0124,0.2126
1089,"Roles of the Declive, Folium, and Tuber Cerebellar Vermian Lobules in Sportspeople",2018,WoS,Neurosciences & Neurology,1,motor,0.6683,0.0552,0.0313,0.1097,0.0132,0.0636,0.0111,0.0476
1090,Quantifying implicit biases in refereeing using NBA referees as a testbed,2023,WoS,Science & Technology - Other Topics,3,decision;decisions,0.2537,0.1248,0.2699,0.2546,0.0121,0.0565,0.0102,0.0182
1091,Selective Efficacy of Static and Dynamic Imagery in Different States of Physical Fatigue,2016,WoS,Science & Technology - Other Topics,2,imagery,0.2465,0.2645,0.1213,0.1592,0.0615,0.1211,0.0094,0.0165
1092,A QUALITATIVE EXAMINATION OF WHEELCHAIR CONFIGURATION FOR OPTIMAL MOBILITY PERFORMANCE IN WHEELCHAIR SPORTS: A PILOT STUDY,2010,WoS,Rehabilitation; Sport Sciences,4,decisions,0.2373,0.0753,0.0335,0.3186,0.0135,0.2311,0.0421,0.0487
1093,"The Sporting Paratext, Reception, and the Male Domain in CBS's One Shining Moment",2014,WoS,Communication; Social Sciences - Other Topics,2,anxieties,0.1879,0.3156,0.1009,0.1104,0.1433,0.0753,0.0132,0.0534
1094,Differences in the Content Knowledge of Those Taught to Teach and Those Taught to Play,2018,WoS,Education & Educational Research; Sport Sciences,1,engagement,0.3232,0.1428,0.0404,0.0242,0.0425,0.2187,0.0108,0.1973
1095,"Testosterone, cortisol, and mood in a sports team competition",1999,WoS,Behavioral Sciences; Endocrinology & Metabolism,1,mood,0.2725,0.0996,0.1839,0.2139,0.0168,0.0464,0.0133,0.1536
1096,Morality- and Norm-Based Subgroups of Disability-Sport Athletes Differ on Their Anticipated Guilt and Intentions Toward Doping,2023,WoS,Rehabilitation; Sport Sciences,8,cognitions,0.1102,0.0345,0.1335,0.2597,0.0175,0.0456,0.0148,0.3841
1097,No Longer 'Sick': Visualizing 'Victorious' Athletes in 1950s Chinese Films,2018,WoS,History; Social Sciences - Other Topics; Business & Economics,6,leadership,0.1721,0.0306,0.1091,0.1443,0.0152,0.2786,0.2281,0.022
1098,Wooden's pyramid: Building a hierarchy of skills for successful communication,2011,WoS,Education & Educational Research; Health Care Sciences & Services,6,leadership,0.1154,0.0223,0.2228,0.0488,0.0345,0.3471,0.0823,0.1268
1099,Recovery practices in Division 1 collegiate athletes in North America,2018,WoS,Rehabilitation; Sport Sciences,1,attitudes;perception,0.2498,0.2195,0.0886,0.1736,0.0152,0.0975,0.011,0.1447
1100,The Face of Mental Health: Kevin Love and Hegemonic Masculinity in the NBA,2021,WoS,Communication; Social Sciences - Other Topics,6,anxiety;depression;identity;mental,0.1616,0.1546,0.1417,0.1114,0.0555,0.3033,0.0313,0.0406
1101,Exploring Game Performance and Game Involvement: Effects of a Sport Education Season and a Combined Sport Education-Teaching Games for Understanding Unit,2022,WoS,Education & Educational Research; Sport Sciences,8,decision,0.2326,0.0527,0.0265,0.0671,0.0391,0.1701,0.0382,0.3737
1102,"Towards Understanding the Analysis, Models, and Future Directions of Sports Social Networks",2022,WoS,Mathematics; Science & Technology - Other Topics,7,attention,0.1978,0.0808,0.0847,0.1032,0.0115,0.1211,0.3838,0.017
1103,"Visual predictions, neural oscillations and naive physics",2021,WoS,Science & Technology - Other Topics,1,attention,0.5112,0.0179,0.0768,0.1658,0.0437,0.125,0.0431,0.0164
1104,Positive youth development and observed athlete behavior in recreational sport,2018,WoS,Science & Technology - Other Topics,6,confidence,0.0612,0.0241,0.1367,0.0262,0.0121,0.6105,0.0102,0.119
1105,A qualitative study of parental modeling and social support for physical activity in underserved adolescents,2010,WoS,"Education & Educational Research; Public, Environmental & Occupational Health",8,emotional;engagement,0.3699,0.0206,0.0472,0.0207,0.0099,0.0753,0.0082,0.4482
1106,The influence of exercise-induced oxidative stress on binding and degradation of 125I-insulin by the receptors on erythrocytes,1998,WoS,Physiology,1,stress,0.3688,0.1798,0.0337,0.0911,0.1938,0.1004,0.012,0.0205
1107,Coach and player attitudes to injury in youth sport,2018,WoS,Rehabilitation; Sport Sciences,6,attitudes,0.0797,0.0521,0.0714,0.1857,0.036,0.3562,0.009,0.2099
1108,How adolescents perceive that community-based exercise improves their well-being,2017,WoS,Psychiatry,8,mental;well-being,0.275,0.0642,0.2078,0.0593,0.0139,0.0411,0.013,0.3258
1109,"Race, Hegemonic Masculinity, and the Linpossible!'': An Analysis of Media Representations of Jeremy Lin",2015,WoS,Communication; Social Sciences - Other Topics,2,attention,0.1063,0.4982,0.0607,0.1181,0.0087,0.0344,0.1424,0.0312
1110,The knowledge-based reasoning of physical education teachers: A comparison between groups with different expertise,2017,WoS,Education & Educational Research,1,attention;expertise,0.3155,0.116,0.0983,0.0413,0.0337,0.221,0.009,0.1651
1111,Eating behavior and reasons for exercise among competitive collegiate male athletes,2021,WoS,Psychiatry,1,attitudes,0.3441,0.0838,0.102,0.1303,0.0332,0.2249,0.0096,0.0721
1112,Clinical Assessment of Ankle Injury Outcomes: Case Scenario Using the Foot and Ankle Ability Measure,2011,WoS,Rehabilitation; Sport Sciences,1,decision;decisions,0.3533,0.0963,0.0388,0.1704,0.0127,0.0632,0.2047,0.0605
1113,The Basketball Boys: young men from refugee backgrounds and the symbolic value of swagger in an Australian state high school,2021,WoS,Education & Educational Research,8,identity,0.1168,0.118,0.1493,0.0781,0.0104,0.1687,0.0088,0.3499
1114,L2 motivational self system and willingness to communicate in the classroom and extramural digital contexts,2023,WoS,Education & Educational Research; Linguistics,8,motivational,0.1795,0.0467,0.0239,0.0244,0.0546,0.3088,0.0327,0.3295
1115,Chasing the zone: Reduced beta power predicts baseball batting performance,2018,WoS,Neurosciences & Neurology,1,mental,0.3268,0.1762,0.2226,0.0804,0.0098,0.1155,0.009,0.0597
1116,Considering cluster analysis in sport medicine and injury prevention research,2007,WoS,Orthopedics; Physiology; Sport Sciences,1,expertise,0.351,0.0559,0.1054,0.0236,0.0121,0.1991,0.0088,0.244
1117,"Mental Health, College Athletics, and the Media Framing of D. J. Carton's Announcement to Step Away From his Team",2023,WoS,Communication; Social Sciences - Other Topics,6,decision;mental,0.1826,0.1413,0.0507,0.0577,0.0093,0.3813,0.0855,0.0917
1118,Updated Integrated Framework for Making Clinical Decisions Across the Lifespan and Health Conditions,2022,WoS,Orthopedics; Rehabilitation,1,decision;decision-making;decisions,0.3586,0.0855,0.0492,0.1867,0.0074,0.131,0.0926,0.0891
1119,Conservative management of subtle lisfranc joint injury: A case report,2005,WoS,Orthopedics; Rehabilitation; Sport Sciences,4,cognition,0.1834,0.0808,0.0208,0.4268,0.0923,0.0656,0.1165,0.0139
1120,Spirulina platensis prevents oxidative stress and inflammation promoted by strength training in rats: dose-response relation study,2020,WoS,Science & Technology - Other Topics,5,stress,0.2132,0.0998,0.2121,0.0741,0.3356,0.0443,0.0078,0.0131
1121,The Effects of Social Processing and Role Type on Attention Networks: Insights from Team Ball Athletes,2023,WoS,Neurosciences & Neurology,1,attention;attentional,0.635,0.0322,0.14,0.031,0.0158,0.0759,0.0473,0.0227
1122,How Do You Categorize Yourself as a Sports Fan? A New Scale of Sports Fan Social-Personal Identity Salience (FSPIS) and Its Consequences,2023,WoS,Communication; Social Sciences - Other Topics,4,identity;satisfaction,0.0565,0.0492,0.2194,0.354,0.0662,0.1283,0.0657,0.0606
1123,Impact of Patellar Tendinopathy on Knee Proprioception: A Cross-Sectional Study,2017,WoS,Orthopedics; Physiology; Sport Sciences,2,perception,0.1252,0.2181,0.0616,0.1401,0.0598,0.1334,0.1559,0.1059
1124,The Use of Upper-Body Intermittent Sequential Pneumatic Compression Arm Sleeves on Recovery From Exercise in Wheelchair Athletes,2021,WoS,Rehabilitation; Sport Sciences,2,perceptual,0.2171,0.2743,0.1279,0.1986,0.1124,0.0483,0.0076,0.0138
1125,A Framework for the Standardization of Game Analysis in Ice Hockey,2023,WoS,Physiology; Sport Sciences,1,attention,0.2825,0.0867,0.1297,0.2527,0.0716,0.1276,0.0318,0.0174
1126,Sleep and mental health in athletes during COVID-19 lockdown,2021,WoS,Neurosciences & Neurology,6,engagement;mental,0.1425,0.0989,0.2735,0.1361,0.0494,0.2754,0.0078,0.0164
1127,What Black Women Know and Want to Know About Counseling and Testing for BRCA1/2,2015,WoS,"Oncology; Education & Educational Research; Public, Environmental & Occupational Health",4,emotional;motivators,0.1901,0.0697,0.0449,0.3875,0.0102,0.2505,0.0315,0.0157
1128,Love and basketball: Audience response to a professional athlete's mental health proclamation,2021,WoS,"Education & Educational Research; Public, Environmental & Occupational Health",3,emotional;emotions;mental,0.1241,0.129,0.3988,0.0218,0.0098,0.2727,0.0297,0.0141
1129,Construction and Application of Virtual Reality-Based Sports Rehabilitation Training Program,2022,WoS,Rehabilitation,1,cognition,0.308,0.0419,0.2145,0.1576,0.0061,0.0614,0.2011,0.0094
1130,"Transcranial direct current stimulation leads to faster acquisition of motor skills, but effects are not maintained at retention",2022,WoS,Science & Technology - Other Topics,1,motor,0.3951,0.0853,0.2876,0.0474,0.0109,0.0598,0.0334,0.0804
1131,A technical concept of a computer game for patients with Parkinson's disease - a new form of PC-based physiotherapy,2019,WoS,Neurosciences & Neurology,1,cognition,0.4017,0.0857,0.091,0.0836,0.0251,0.1062,0.1781,0.0286
1132,SHOULDER PAIN IN IRANIAN ELITE ATHLETES: THE PREVALENCE AND RISK FACTORS,2012,WoS,Health Care Sciences & Services; Integrative & Complementary Medicine; Rehabilitation,4,satisfaction,0.1146,0.0846,0.0776,0.5977,0.0271,0.0413,0.0449,0.0123
1133,Irrelevant events affect voters' evaluations of government performance,2010,WoS,Science & Technology - Other Topics,6,decision;decisions;well-being,0.1934,0.1787,0.1698,0.1902,0.0097,0.2122,0.0298,0.0162
1134,An overview of Human Action Recognition in sports based on Computer Vision,2022,WoS,Science & Technology - Other Topics,1,cognition,0.5407,0.0896,0.1471,0.0637,0.0094,0.0827,0.0525,0.0143
1135,Whom Should I Pass To?'' The More Options the More Attentional Guidance from Working Memory,2013,WoS,Science & Technology - Other Topics,1,attention;attentional;decision;decisions,0.4624,0.0829,0.0209,0.1438,0.1154,0.1302,0.0293,0.0152
1136,Elite sport hubs during COVID-19: The job demands and resources that exist for athletes,2022,WoS,Science & Technology - Other Topics,6,motivation;stress;wellbeing,0.174,0.1972,0.1326,0.1066,0.0103,0.3018,0.0088,0.0686
1137,Relative and absolute within-session reliability of the modified Star Excursion Balance Test in healthy elite athletes,2019,WoS,Science & Technology - Other Topics,3,confidence,0.136,0.0848,0.348,0.0838,0.2229,0.0355,0.0404,0.0484
1138,Attention deficit hyperactivity syndrome and the capacity to practice sports,2004,WoS,Neurosciences & Neurology,1,attention;attitude;motivation,0.2791,0.0385,0.059,0.2033,0.0479,0.0446,0.1634,0.1642
1139,Self-Selecting the Number of Repetitions in Potentiation Protocols: Enhancement Effects on Jumping Performance,2021,WoS,Physiology; Sport Sciences,1,motivational,0.3348,0.2233,0.2604,0.0171,0.0807,0.0238,0.0465,0.0134
1140,Promoting social inclusion through Unified Sports for youth with intellectual disabilities: a five-nation study,2013,WoS,Education & Educational Research; Genetics & Heredity; Neurosciences & Neurology; Psychiatry; Rehabilitation,6,attention,0.1639,0.0666,0.0266,0.2478,0.0075,0.2893,0.0713,0.1269
1141,"Hot Hand on Strike: Bowling Data Indicates Correlation to Recent Past Results, Not Causality",2012,WoS,Science & Technology - Other Topics,2,perception,0.2239,0.2249,0.2232,0.1617,0.0102,0.1013,0.0087,0.0461
1142,Injury Risk Is Increased by Changes in Perceived Recovery of Team Sport Players,2017,WoS,Orthopedics; Physiology; Sport Sciences,2,stress;well-being,0.0521,0.4129,0.0905,0.3411,0.0084,0.0221,0.007,0.0659
1143,"Physical activity levels, exercise preferences, and exercise barriers in Korean children and adolescents after cancer treatment",2022,WoS,Oncology; Health Care Sciences & Services; Rehabilitation,1,attitudes,0.5423,0.0555,0.0192,0.1234,0.0088,0.2019,0.0265,0.0224
1144,Biomechanics in Paralympics: Implications for Performance,2017,WoS,Physiology; Sport Sciences,1,attention,0.3906,0.0621,0.1085,0.1013,0.0096,0.1703,0.1437,0.0138
1145,Experience modulates motor imagery-based brain activity,2018,WoS,Neurosciences & Neurology,1,expertise;imagery;mental,0.4827,0.023,0.0726,0.0448,0.0111,0.3125,0.0328,0.0206
1146,Navigational strategies during fast walking:: A comparison between trained athletes and non-athletes,2007,WoS,Neurosciences & Neurology; Orthopedics; Sport Sciences,1,decisions,0.3186,0.0915,0.0665,0.0639,0.1186,0.2441,0.0315,0.0653
1147,Could sport specialization influence fitness and health of adults with mental retardation?,2010,WoS,Education & Educational Research; Rehabilitation,1,mental;well-being,0.3371,0.0445,0.2478,0.115,0.0936,0.1431,0.0067,0.0122
1148,Scaffolding student-coaches' instructional leadership toward student-centred peer interactions: A yearlong action-research intervention in sport education,2018,WoS,Education & Educational Research,6,engagement;leadership,0.2227,0.0988,0.0262,0.0151,0.0079,0.3647,0.007,0.2576
1149,Criterion Validity of a Field-Based Assessment of Aerobic Capacity in Wheelchair Rugby Athletes,2021,WoS,Physiology; Sport Sciences,2,confidence,0.1247,0.265,0.0887,0.1786,0.1883,0.0345,0.0104,0.1097
1150,Limited perception of video images by domestic hens,1997,WoS,Behavioral Sciences; Zoology,1,perception,0.4971,0.1238,0.0705,0.0356,0.0413,0.2128,0.007,0.0119
1151,Embodied refusals and choreographic criticalities Seventh grade boys of color writing Mute,2019,WoS,Education & Educational Research; Linguistics,1,attention,0.27,0.1958,0.0612,0.0974,0.0295,0.2138,0.0079,0.1243
1152,Leading from the Centre: A Comprehensive Examination of the Relationship between Central Playing Positions and Leadership in Sport,2016,WoS,Science & Technology - Other Topics,6,leadership;motivational,0.2954,0.0171,0.0509,0.2082,0.0081,0.4012,0.007,0.0122
1153,A cluster analysis of high-performance female team players' perceived motivational climate: Implications on perceived motor competence and autonomous behaviour,2022,WoS,Science & Technology - Other Topics,3,motivational;perception,0.1992,0.0201,0.2865,0.0784,0.0201,0.1148,0.0559,0.225
1154,The importance of sport of university students during campus life,2012,WoS,Education & Educational Research,8,stress,0.0787,0.0398,0.0218,0.1631,0.0078,0.1432,0.0949,0.4507
1155,Horner Syndrome in Children: A Clinical Condition with Serious Underlying Disease,2016,WoS,Neurosciences & Neurology; Pediatrics,4,decision,0.2101,0.1276,0.0359,0.3707,0.0437,0.1543,0.0247,0.033
1156,Patellar Tendon Strain Associates to Tendon Structural Abnormalities in Adolescent Athletes,2019,WoS,Physiology,7,stress,0.0652,0.2245,0.0355,0.138,0.0246,0.0643,0.417,0.0309
1157,Young people's recall and perceptions of gambling advertising and intentions to gamble on sport,2018,WoS,Psychiatry,4,attitudes,0.1825,0.1182,0.0502,0.2798,0.0091,0.1391,0.0077,0.2133
1158,Real-Time Regulation Model of Physical Fitness Training Intensity Based on Wavelet Recursive Fuzzy Neural Network,2022,WoS,Mathematical & Computational Biology; Neurosciences & Neurology,1,cognition,0.4009,0.0785,0.1123,0.0908,0.0185,0.1417,0.0934,0.0638
1159,Towards a more equitable and inclusive learning environment in Sport Education: results of an action research-based intervention,2017,WoS,Education & Educational Research; Social Sciences - Other Topics; Sport Sciences,8,leadership,0.1747,0.0411,0.0581,0.0878,0.0202,0.2564,0.0607,0.3011
1160,Goal perspectives and sport participation motivation of Special Olympians and typically developing athletes,2013,WoS,Education & Educational Research; Rehabilitation,1,motivation;motivational,0.2487,0.0822,0.116,0.2288,0.0129,0.1542,0.0421,0.115
1161,"Basketball shorts, plantation food, and ponytail weaves: Black teachers' experiences of becoming and being a Physical Education teacher",2023,WoS,Education & Educational Research,6,attention,0.2495,0.0449,0.0461,0.0978,0.0071,0.3347,0.0518,0.1681
1162,Perceptual and decisional attenuation of tactile perception during the preparation of self- versus externally-generated movements,2012,WoS,Neurosciences & Neurology,1,decision;perception;perceptual,0.6738,0.0284,0.0419,0.1461,0.0341,0.0602,0.006,0.0094
1163,"The Advantage of Playing Home in NBA: Microscopic, Team-Specific and Evolving Features",2016,WoS,Science & Technology - Other Topics,2,attention,0.1765,0.3065,0.0988,0.2063,0.0362,0.039,0.0601,0.0766
1164,The Corporate Social Responsibility Sport Model: Grounded Theory Approach,2023,WoS,Social Sciences - Other Topics,6,attention,0.1927,0.1023,0.0979,0.1541,0.0413,0.2114,0.0664,0.1339
1165,The King-Devick test and sports-related concussion: Study of a rapid visual screening tool in a collegiate cohort,2011,WoS,Neurosciences & Neurology,5,attention,0.2325,0.103,0.0473,0.1461,0.3006,0.0431,0.0481,0.0793
1166,Examining the ability to track multiple moving targets as a function of postural stability: a comparison between team sports players and sedentary individuals,2022,WoS,Science & Technology - Other Topics,1,expertise,0.4604,0.1135,0.0994,0.0876,0.0092,0.0498,0.1666,0.0133
1167,The effect of physical activity on sleep disturbance in various populations: a scoping review of randomized clinical trials,2023,WoS,Nutrition & Dietetics; Physiology,1,mental,0.4221,0.0472,0.1448,0.175,0.1252,0.0475,0.0247,0.0134
1168,Exposure In and Out of School: A Black Bermudian Male's Successful Educational Journey,2016,WoS,Education & Educational Research,6,identity,0.0848,0.1135,0.0398,0.1996,0.0062,0.4023,0.0184,0.1353
1169,A novel lower extremity non-contact injury risk prediction model based on multimodal fusion and interpretable machine learning,2022,WoS,Physiology,4,decision;well-being,0.2058,0.0785,0.1337,0.2885,0.035,0.0749,0.1174,0.0661
1170,The role of the referee in physical education lessons: student experience and motivation,2018,WoS,Education & Educational Research,8,motivation;motor,0.1656,0.0757,0.1336,0.0188,0.0183,0.1864,0.0049,0.3966
1171,Coeducational and single-sex physical education: students' situational interest in learning tasks centred on technical skills,2019,WoS,Education & Educational Research,8,attention;engagement;motivation;perception,0.2301,0.0441,0.1152,0.011,0.0275,0.1385,0.0174,0.4162
1172,Effects of plyometric training on technical skill performance among athletes: A systematic review and meta-analysis,2023,WoS,Science & Technology - Other Topics,1,confidence,0.2559,0.0982,0.1371,0.1416,0.0667,0.1269,0.0498,0.1238
1173,"Relationships among aggressiveness, fearfulness and finisher pigs response to humans in finisher pigs",2018,WoS,Agriculture; Behavioral Sciences; Veterinary Sciences,4,stress,0.2042,0.1588,0.0174,0.4033,0.0326,0.1239,0.0247,0.0351
1174,What makes teenagers continue? A salutogenic approach to understanding youth participation in Swedish club sports,2014,WoS,Education & Educational Research,6,engagement,0.3142,0.0305,0.0792,0.1351,0.0223,0.3161,0.0217,0.0809
1175,"Sport Education and social goals in physical education: relationships with enjoyment, relatedness, and leisure-time physical activity",2013,WoS,Education & Educational Research,8,cognition;decision;decisions,0.2258,0.0738,0.0226,0.0376,0.0044,0.1907,0.1025,0.3426
1176,The voice of youth: atmosphere in positive youth development program,2013,WoS,Education & Educational Research,6,engagement,0.2132,0.0228,0.1147,0.0872,0.0047,0.3099,0.0348,0.2128
1177,Poor teaching by the coach: a phenomenological description from athletes' experience of poor coaching,2012,WoS,Education & Educational Research,6,satisfaction,0.1697,0.0653,0.0282,0.0722,0.0054,0.5971,0.0047,0.0574
1178,3D-CNN-based Action Recognition Algorithm for Basketball Players,2024,PubMed/Crossref,,7,cognition;confidence,0.3022,0.0793,0.0882,0.0647,0.0168,0.1099,0.3091,0.0298
1179,A Comparative Analysis of Object Identification Labelling Platforms: Basketball Perspective,2024,PubMed/Crossref,,1,decision-making,0.3232,0.0195,0.081,0.105,0.0489,0.1885,0.2187,0.0152
1180,A comparative study of the mindfulness of the rulers of the teams games (handball - basketball - futsal football) for the sports season 2019-2020,2024,PubMed/Crossref,,1,decisions;mental;mindfulness;psychological,0.4044,0.0309,0.1066,0.0657,0.0158,0.2708,0.083,0.0227
1181,"A longitudinal analysis of psychological, physiological, and rehabilitation outcomes in basketball players following acute sports injuries",2024,PubMed/Crossref,,5,anxiety;depression;fear;mental;psychological;stress,0.1724,0.1403,0.0282,0.1853,0.2022,0.1252,0.1273,0.019
1182,A Professional Basketball Player Who Suffered an Open Ankle Dislocation Without an Associated Fracture Achieves His Prior Performance Level Three Months Later.,2024,PubMed/Crossref,,7,stress,0.1793,0.1273,0.0284,0.0847,0.0138,0.0665,0.4791,0.0209
1183,A Protocol for Basketball as Inclusive Sport to Boost Motor and Social Skills in Autistic Preschoolers,2024,PubMed/Crossref,,1,emotional,0.3729,0.2237,0.1006,0.0539,0.0448,0.1714,0.0113,0.0214
1184,A real-time basketball referee gesture recognition system based on multi-scale spatio-temporal features,2024,PubMed/Crossref,,1,attention;cognition,0.5115,0.063,0.0187,0.117,0.0075,0.1272,0.1112,0.0438
1185,A self-powered triboelectric sensor for basketball monitoring,2024,PubMed/Crossref,,1,attention,0.2608,0.1922,0.1152,0.0543,0.0127,0.0613,0.2238,0.0796
1186,A Study on Synergistic Improvement of Physical Fitness and Skills of Basketball Players Based on Big Data,2024,PubMed/Crossref,,1,decision-making,0.2775,0.0907,0.1967,0.1304,0.0274,0.0483,0.136,0.093
1187,A study on the impact of systematic desensitization training on competitive anxiety among Latin dance athletes.,2024,PubMed/Crossref,,5,anxiety;cognitive;confidence;imagery;mental;psychological;resilience,0.0916,0.0355,0.2119,0.0599,0.2633,0.1926,0.09,0.0552
1188,Absence of Monotony and Strain Effects on Referees’ Physical Performance During International Basketball Federation World Cup Basketball Competition,2024,PubMed/Crossref,,1,decision-making;stressors,0.2514,0.2202,0.1144,0.118,0.0112,0.1219,0.1445,0.0184
1189,Acquiring basketball plays through varied speeds of video demonstration: Effect of time of day.,2024,PubMed/Crossref,,3,anxiety;arousal;mood,0.3056,0.0913,0.364,0.019,0.0803,0.0735,0.0088,0.0575
1190,Action inhibition in a sport-specific paradigm: examining the limits of action control in basketball,2024,PubMed/Crossref,,1,expertise,0.4733,0.0505,0.231,0.0226,0.0838,0.0863,0.0356,0.0169
1191,Acute effect of complexity in basketball on cognitive capacity,2024,PubMed/Crossref,,1,cognitive;decision-making,0.2924,0.0326,0.2816,0.0226,0.0562,0.1887,0.0094,0.1164
1192,Adolescent Athletes with Stronger Athletic Identity Perceptions Have Weaker Fear Avoidance Perceptions During Musculoskeletal Injury Rehabilitation Return to Sports Preparation.,2024,PubMed/Crossref,,4,decisions;fear;identity;perception,0.0903,0.0879,0.0263,0.3243,0.0611,0.0864,0.2155,0.108
1193,Advanced MRI Approaches for Evaluating Common Lower Extremity Injuries in Basketball Players: Current and Emerging Techniques.,2024,PubMed/Crossref,,4,stress,0.1094,0.1388,0.0252,0.3959,0.048,0.142,0.129,0.0118
1194,Advocating individual-based profiles of elite athletes to capture the multifactorial nature of elite sports performance.,2024,PubMed/Crossref,,1,cognitive;expertise;mental,0.3397,0.0474,0.2248,0.0537,0.01,0.1515,0.0915,0.0814
1195,AI-Powered Basketball Action Recognition: Enhancing C3D with Dynamic Residual Attention,2024,PubMed/Crossref,,1,attention;cognition,0.3965,0.0529,0.0279,0.1932,0.0127,0.0908,0.2074,0.0185
1196,An expertise reversal effect of imagination in learning from basketball tactics.,2024,PubMed/Crossref,,1,cognition;cognitive;expertise;mental;motivational;self-efficacy,0.5334,0.1303,0.0363,0.1322,0.0158,0.0437,0.0133,0.0951
1197,"Analysis and comparison of psychological, physical, and personality traits of athletes of weightlifting, swimming, boxing, athletics, soccer, volleyball, and basketball",2024,PubMed/Crossref,,2,personality;psychological,0.1247,0.2337,0.1684,0.0539,0.1802,0.0387,0.0716,0.1287
1198,Análisis de las autopercepciones conductuales de liderazgo y cambios en el cargo en entrenadores de baloncesto de la Liga (ACB) (Analysis of the self-perceptions of leadership behavior and changes in the position in basketball coaches of the League (ACB)),2024,PubMed/Crossref,,8,leadership;perception,0.0617,0.0555,0.1346,0.2187,0.0088,0.214,0.0074,0.2993
1199,Application and Implications of Artificial Intelligence Technology in Basketball Coaching Decision Making,2024,PubMed/Crossref,,1,decision;decision-making;decisions,0.3159,0.1767,0.0949,0.0264,0.1175,0.1727,0.0451,0.0508
1200,Arthroscopic Bursal Acromial Reconstruction for Paraplegic Basketball Player: A Case Report,2024,PubMed/Crossref,,4,stress,0.1871,0.0991,0.0346,0.3129,0.0839,0.041,0.2177,0.0238
1201,Assessing Motivational Factors in Young Serbian Athletes: A Validation Study of the Sport Motivation Scale-II.,2024,PubMed/Crossref,,8,motivation;motivational;psychological;psychologist;well-being,0.0855,0.0546,0.0529,0.1274,0.0082,0.1411,0.007,0.5233
1202,Assessing Refereeing Proficiency in Chinese University Basketball Leagues,2024,PubMed/Crossref,,1,decisions,0.2937,0.1511,0.1143,0.0741,0.0124,0.2639,0.0105,0.0799
1203,Assessment on the Basketball Teaching Approach: Basis for the Development of Basketball Curriculum in College Department,2024,PubMed/Crossref,,1,mental,0.2841,0.0289,0.1148,0.0455,0.0147,0.2155,0.0138,0.2826
1204,Association Between Involvement in Basketball and Cognitive Functioning of Elite Male and Female Basketball Leagues Players in Nigeria,2024,PubMed/Crossref,,3,cognitive;mental,0.1919,0.057,0.2624,0.0705,0.0149,0.2138,0.0154,0.1739
1205,Association of Sport Helmet Status on Concussion Presentation and Recovery in Male Collegiate Student-Athletes.,2024,PubMed/Crossref,,2,cognition;cognitive,0.1153,0.3052,0.022,0.2453,0.0814,0.0696,0.1451,0.0161
1206,"Athlete Monitoring Systems in Elite Men's Basketball: Challenges, Recommendations, and Future Perspectives.",2024,PubMed/Crossref,,6,decision;decision-making;decisions;stress,0.2186,0.2047,0.0545,0.0749,0.0255,0.2339,0.0838,0.1042
1207,Attention and Multi-Scale Fusion for Shadow Removal of Embedded Basketball Players,2024,PubMed/Crossref,,1,attention;cognition,0.5108,0.1247,0.0395,0.1264,0.0241,0.0552,0.0791,0.0401
1208,Balancing between Team and Organisation: The Relationship between Stakeholders’ Influence and Trust and Cohesion in Post-transitional South-East European Basketball Teams,2024,PubMed/Crossref,,6,attention;cohesion,0.2343,0.0622,0.1353,0.1106,0.0309,0.2873,0.0943,0.0451
1209,Basketball detection and trajectory prediction using IoT for assisting physical training,2024,PubMed/Crossref,,1,attention;confidence,0.3219,0.0187,0.0417,0.1184,0.029,0.1088,0.2518,0.1097
1210,Basketball robot object detection and distance measurement based on ROS and IBN-YOLOv5s algorithms.,2024,PubMed/Crossref,,1,cognition;decision-making;perception,0.5091,0.0623,0.0356,0.0308,0.0395,0.0238,0.2883,0.0106
1211,Basketball self-evaluation matrix: discrepancy between self-confidence and decision-making performance on psychological profiling of players,2024,PubMed/Crossref,,3,attitude;confidence;decision-making;perception;psychological,0.1762,0.0449,0.3926,0.0322,0.0482,0.1531,0.0308,0.1221
1212,Basketball Sports Posture Recognition Technology Based on Improved Graph Convolutional Neural Network,2024,PubMed/Crossref,,1,cognition,0.391,0.0687,0.0466,0.2096,0.0345,0.1044,0.1273,0.0178
1213,Basketball Tactics Analysis Based on Improved Openpose Algorithm and Its Application,2024,PubMed/Crossref,,1,cognition;expertise,0.5089,0.0183,0.0831,0.2297,0.0547,0.0443,0.0489,0.0121
1214,Basketball technique action recognition using 3D convolutional neural networks,2024,PubMed/Crossref,,1,cognition,0.4336,0.0167,0.0589,0.1033,0.0255,0.1362,0.196,0.0297
1215,Bone marrow aspirate concentrate for the treatment of fifth metatarsal head stress fracture: a case report.,2024,PubMed/Crossref,,2,decisions,0.0945,0.2734,0.0343,0.1305,0.114,0.1045,0.1939,0.0548
1216,Building a measure of legal knowledge for selecting talented people and its relationship with some basketball shooting skills,2024,PubMed/Crossref,,6,cognitive,0.1903,0.0349,0.0813,0.0783,0.0084,0.5334,0.0601,0.0134
1217,Building Confidence and Well-being: The Power of Coach Communication and Personal Connections in College Basketball,2024,PubMed/Crossref,,6,confidence;emotional;emotionally;motivated;satisfaction;well-being,0.0629,0.0526,0.2099,0.0343,0.0085,0.5493,0.0071,0.0754
1218,Business Processes for Basketball Court Rental and Ready Stock Sales Through Accounting Information System: a Case Study of Hok-Kiat Malang Basketball Club,2024,PubMed/Crossref,,1,decision-making,0.4082,0.0228,0.0291,0.1134,0.0345,0.2953,0.0276,0.0692
1219,Caffeine supplementation during official basketball games: a randomized crossover study on the effects on game-related statistics and perceptual responses of adult male players.,2024,PubMed/Crossref,,2,perceptual,0.0945,0.3618,0.1975,0.0838,0.0717,0.1232,0.0475,0.02
1220,Can Complex Training Improve Acute and Long-Lasting Performance in Basketball Players? A Systematic Review,2024,PubMed/Crossref,,1,psychological,0.366,0.1276,0.2534,0.0164,0.1264,0.0279,0.0076,0.0747
1221,Cannabinoid Therapy in Athletics: A Review of Current Cannabis Research to Evaluate Potential Real-World Cannabinoid Applications in Sport.,2024,PubMed/Crossref,,1,anxiety;attitudes,0.2764,0.0663,0.196,0.0918,0.0821,0.1505,0.0076,0.1294
1222,Characteristics of mental toughness in young basketball players of different age groups,2024,PubMed/Crossref,,7,cognition;confidence;emotional;mental;psychologists;stressors,0.2039,0.0171,0.1296,0.0179,0.0086,0.2592,0.2659,0.0978
1223,Coaching Leadership on Team Culture of Basketball Coaches,2024,PubMed/Crossref,,6,identity;leadership;psychological,0.0325,0.0242,0.0581,0.0546,0.0064,0.5486,0.0795,0.1963
1224,Cognitive Development and Decision Making in Basketball: A Comparison between Male Players with and without Intellectual Impairment and across Different Age-Groups.,2024,PubMed/Crossref,,1,cognitive;decision;decision-making;decisions,0.6695,0.0243,0.0297,0.0503,0.0391,0.099,0.0372,0.0508
1225,Combining the SSD Target Identification Algorithm with the 3d-Cnn Architecture for Transfer Learning Research in Basketball Training,2024,PubMed/Crossref,,1,cognition,0.4656,0.0736,0.0248,0.0218,0.0115,0.1063,0.2787,0.0176
1226,Comparative Analysis of Attack and Defense Technical Indexes Between Chinese Men's Basketball Team and Japanese Team In 2025 Asian Cup Qualifier,2024,PubMed/Crossref,,1,attention,0.3194,0.1255,0.2643,0.1095,0.0169,0.1258,0.0144,0.0244
1227,Comparison of Adaptations in the Gastrocnemius Muscle from an Exercise Program with and without Low-Intensity Blood Flow Restriction Banding in 18 Male Amateur Basketball Players Aged 16-45 Years.,2024,PubMed/Crossref,,1,perception,0.3593,0.1133,0.3122,0.0186,0.0418,0.1032,0.0372,0.0143
1228,Comparison of State Anxiety Levels of Strong and Weak Competitors in the Iraqi First League Basketball,2024,PubMed/Crossref,,5,anxiety;cognitive,0.2085,0.0404,0.1259,0.0377,0.2327,0.224,0.0167,0.1142
1229,Comparison of Temperament and Cognitive Function Between Basketball and Baseball Players,2024,PubMed/Crossref,,1,cognitive;emotional;perception;personality,0.3542,0.025,0.0538,0.0236,0.116,0.1262,0.1793,0.1219
1230,Comparison of vertical jump and sprint performances between 3 × 3 and 5 × 5 elite professional male basketball players.,2024,PubMed/Crossref,,1,attention,0.4378,0.237,0.1178,0.0253,0.0565,0.0524,0.0598,0.0135
1231,Concussion in Parasport: A Narrative Review of Research Published since the Concussion in Para Sport (CIPS) Group Statement (2021).,2024,PubMed/Crossref,,4,cognitive,0.1583,0.1086,0.0203,0.2898,0.2119,0.1249,0.0287,0.0574
1232,Constructing a New Framework for Sport and Development: Investigating the Media Portrayal of Village Basketball Association in China,2024,PubMed/Crossref,,6,attention,0.1725,0.1219,0.0865,0.085,0.0143,0.389,0.0429,0.0879
1233,Construction of measurement index system of basketball players’ specific physical fitness training based on AI intelligence and neural network,2024,PubMed/Crossref,,3,attention,0.2004,0.1456,0.3177,0.0179,0.0417,0.1696,0.0591,0.048
1234,Contribution of ankle motion pattern during landing to reduce the knee-related injury risk.,2024,PubMed/Crossref,,7,stress,0.1252,0.1053,0.036,0.2183,0.0601,0.1167,0.3272,0.0112
1235,Cushioning mechanism of the metatarsals during landing for the skateboarding ollie maneuver.,2024,PubMed/Crossref,,7,stress,0.1487,0.1996,0.0149,0.2092,0.0522,0.0485,0.2839,0.043
1236,Determining the Typologies of Basketball Fans,2024,PubMed/Crossref,,3,motivations,0.1675,0.0579,0.441,0.0814,0.0131,0.1506,0.0111,0.0773
1237,Development of Mental Toughness among Basketball Sports School Students.,2024,PubMed/Crossref,,6,confidence;emotional;mental,0.0593,0.0409,0.2052,0.0191,0.0101,0.3318,0.1379,0.1957
1238,Diagnostic complex and method of circuit training as a means of increasing the level of sports and technical preparedness of students in basketball training classes at civil aviation universities,2024,PubMed/Crossref,,8,mental;motivated;motivation;stress,0.1902,0.0807,0.1125,0.091,0.0079,0.19,0.0695,0.2582
1239,Differences in Physical Demands and Player's Individual Performance Between Winning and Losing Quarters on U-18 Basketball Players During Competition.,2024,PubMed/Crossref,,2,stress,0.1376,0.6287,0.0638,0.0242,0.0127,0.0765,0.0107,0.0458
1240,Differences in Short-Term Sport-Specific Functional Recovery After Primary ACL Reconstruction in the Adolescent Athlete.,2024,PubMed/Crossref,,4,psychological,0.0671,0.1077,0.0702,0.2645,0.0516,0.2197,0.1901,0.029
1241,Do stress tests reflect the intensity reached during competition in amateur men’s basketball?,2024,PubMed/Crossref,,2,stress,0.2657,0.3534,0.0418,0.0426,0.0626,0.1238,0.0167,0.0934
1242,"Do you even exercise, ref? Exploring habits of Spanish basketball referees during practice and matches.",2024,PubMed/Crossref,,3,attention,0.3135,0.0487,0.4422,0.0944,0.0073,0.0722,0.0066,0.0149
1243,Dynamic decision-making in basketball jump shots: exploring parallel processing of shooting and passing,2024,PubMed/Crossref,,1,cognition;cognitive;decision;decision-making;decisions,0.5799,0.0354,0.0813,0.062,0.0398,0.0855,0.089,0.0272
1244,Effect of 2 weeks rest-pause on oxidative stress and inflammation in female basketball players,2024,PubMed/Crossref,,1,stress,0.4834,0.1607,0.0401,0.0427,0.1971,0.0289,0.0318,0.0153
1245,Effect of repeated sessions of transcranial direct current stimulation on subjective and objective measures of recovery and performance in soccer players following a soccer match simulation.,2024,PubMed/Crossref,,2,cognitive;well-being,0.2503,0.348,0.1397,0.095,0.0354,0.076,0.0094,0.0462
1246,Effect of Unanticipated Tasks on Side-Cutting Stability of Lower Extremity with Patellofemoral Pain Syndrome.,2024,PubMed/Crossref,,7,stress,0.3115,0.0641,0.0743,0.1326,0.0103,0.0525,0.3394,0.0155
1247,Effects of blended learning in physical education on university students' exercise attitudes and basketball skills: a cluster randomized controlled trial.,2024,PubMed/Crossref,,8,attitude;attitudes;cognition;emotional,0.219,0.0308,0.1024,0.0281,0.0175,0.1284,0.0055,0.4682
1248,Effects of brief mindfulness intervention on mental fatigue and recovery in basketball tactical performance.,2024,PubMed/Crossref,,1,mental;mindfulness;well-being,0.4892,0.2258,0.0728,0.0737,0.0135,0.0748,0.0092,0.041
1249,Effects of coach-delivered verbal encouragement on the physiological and psychological responses of adolescent players in small-sided basketball games.,2024,PubMed/Crossref,,1,mental;mood;psychological;resilience,0.4311,0.0969,0.1585,0.0314,0.0489,0.1598,0.0493,0.0241
1250,Effects of Deep Learning Network Optimized by Introducing Attention Mechanism on Basketball Players' Action Recognition,2024,PubMed/Crossref,,1,attention;cognition,0.4161,0.0162,0.0397,0.1237,0.0603,0.0908,0.2419,0.0115
1251,Effects of different exercise interventions on executive function in children with autism spectrum disorder: a network meta-analysis.,2024,PubMed/Crossref,,1,cognitive,0.5648,0.0822,0.0727,0.0201,0.2218,0.0203,0.0067,0.0115
1252,Effects of flossing technique on ankle mobility and vertical jump performance.,2024,PubMed/Crossref,,1,decisions,0.2656,0.1475,0.0743,0.026,0.1511,0.0676,0.248,0.0199
1253,Effects of self-controlled practice and focus of attention on free throw accuracy: Exploring optimal theory among skilled basketball players.,2024,PubMed/Crossref,,1,attention;attentional;motivational;motor,0.509,0.0431,0.143,0.1425,0.0237,0.0845,0.0076,0.0465
1254,Ego-depletion and motor skill performance under pressure-experimental effects of a short term virtual-reality based mindfulness breathing meditation with integrated biofeedback.,2024,PubMed/Crossref,,1,mindfulness,0.4504,0.1107,0.1314,0.0788,0.1368,0.0354,0.0383,0.0182
1255,ELF-EFFICACY OF COACHES OF CHILDREN'S AND YOUTH BASKETBALL TEAMS,2024,PubMed/Crossref,,6,attention;confidence;mental;self-efficacy,0.2432,0.0475,0.1285,0.0631,0.0167,0.2589,0.0273,0.2147
1256,Emerging athletes' career transitions in professional sport: an existential multi-case perspective.,2024,PubMed/Crossref,,6,coping;self-efficacy,0.1629,0.0875,0.0961,0.0978,0.0113,0.4679,0.0336,0.0428
1257,Emotional Intelligence and Burnout among Adolescent Basketball Players: The Mediating Effect of Emotional Labor.,2024,PubMed/Crossref,,8,burnout;emotion;emotional;emotions;well-being,0.1921,0.0826,0.0376,0.0471,0.0623,0.1913,0.0149,0.3721
1258,Enhancing the Performance of Female Basketball Athletes: A Comprehensive Examination of Factors and Strategies,2024,PubMed/Crossref,,6,psychological,0.1472,0.0808,0.2326,0.1869,0.0466,0.2635,0.0124,0.0299
1259,Enhancing University Students' Motivation in Basketball Courses through Tactical Games Model.,2024,PubMed/Crossref,,8,engagement;motivation;motivational,0.0635,0.0188,0.1604,0.0183,0.0098,0.1678,0.0701,0.4913
1260,Epidemiology of Anterior Cruciate Ligament Tears in National Collegiate Athletic Association Athletes: 2014/2015-2018/2019.,2024,PubMed/Crossref,,4,attention,0.0941,0.0842,0.0688,0.5267,0.0969,0.0922,0.0068,0.0303
1261,Ethical Leadership of Basketball Coaches and Moral Development of Athletes: A Feasible Program for the Development of Sports Ethics,2024,PubMed/Crossref,,1,leadership,0.2989,0.0322,0.2065,0.0766,0.0152,0.2859,0.0128,0.0718
1262,Evaluating Performance Among National Basketball Association Players After Jones Fractures: A Retrospective Cohort Study.,2024,PubMed/Crossref,,2,stress,0.113,0.1987,0.0804,0.1811,0.1235,0.1526,0.1214,0.0293
1263,Evaluating the operational efficiency of NBA teams on franchise value: An assessment of data envelopment analysis.,2024,PubMed/Crossref,,1,decision-making,0.2635,0.207,0.045,0.122,0.0466,0.1734,0.0124,0.13
1264,"Evaluation of Depression and Its Correlates in Terms of Demographics, Eating Habits, and Exercises Among University Students: A Multicenter Cross-Sectional Analysis.",2024,PubMed/Crossref,,5,anxiety;depression;mental;psychological;stress,0.1857,0.1464,0.0277,0.0773,0.2716,0.1229,0.0395,0.1289
1265,Evaluation of offensive and defensive agility depending on the type of visual cue and personal decision-making styles in basketball,2024,PubMed/Crossref,,1,decision;decision-making;decisions;psychological,0.5046,0.0189,0.1234,0.1216,0.0968,0.0479,0.029,0.0577
1266,EXAMINING OF THE PSYCHOLOGICAL RESILIENCE LEVELS AND DECISION-MAKING STRATEGIES OF BASKETBALL REFEREES IN DIFFERENT CLASSIFICATIONS,2024,PubMed/Crossref,,6,decision;decision-making;psychological;resilience,0.2858,0.0497,0.2103,0.0714,0.0137,0.3004,0.0103,0.0585
1267,Examining the relationship between the decision-making styles of basketball referees and their mental well-being,2024,PubMed/Crossref,,3,decision;decision-making;mental;well-being,0.1778,0.0629,0.4003,0.0205,0.01,0.1247,0.0085,0.1953
1268,Exploring the dynamics of governance: An examination of traditional governance and governance innovation in the United States professional sports leagues.,2024,PubMed/Crossref,,3,decision-making;engagement,0.1753,0.177,0.2078,0.1975,0.0391,0.1261,0.0614,0.0158
1269,EXPLORING THE PSYCHOLOGICAL BENEFITS OF YOGIC ASANAS FOR NATIONAL LEVEL BASKETBALL PLAYERS,2024,PubMed/Crossref,,2,anxiety;attention;mental;psychological;psychology;stress;well,0.1832,0.2452,0.1709,0.0328,0.1221,0.1318,0.0843,0.0296
1270,Extracting Features from Foul Actions of Basketball Players in Real Time Using Machine Vision,2024,PubMed/Crossref,,3,emotional;satisfaction,0.2588,0.0592,0.3445,0.0735,0.0546,0.1588,0.0057,0.0449
1271,Eye-Tracking Analyses of a Coach's Pointing Gestures Timed With Speech: Implications for Players' Recall of Basketball Tactical Instructions.,2024,PubMed/Crossref,,1,attention;expertise;mental,0.5669,0.0347,0.019,0.0948,0.0817,0.1613,0.0074,0.0341
1272,FEATURES OF THE DYNAMICS OF YOUNG BASKETBALL PLAYERS SPECIAL TRAINING,2024,PubMed/Crossref,,6,attention,0.3133,0.0436,0.1238,0.0632,0.0103,0.3547,0.045,0.0461
1273,FITNESS TOOLS IN THE REHABILITATION ACTIVITIES OF BASKETBALL PLAYERS AT THE TRAINING STAGE OF PREPARATION,2024,PubMed/Crossref,,1,mental;psychological,0.2817,0.1194,0.0809,0.1847,0.0263,0.2406,0.007,0.0593
1274,Forecasts some of functional indicators nervous system for dribbling skills in young basketball players from Baghdad Governorate,2024,PubMed/Crossref,,6,attention,0.3972,0.028,0.0458,0.0142,0.0064,0.3987,0.033,0.0767
1275,FORMATION OF THE MOTIVATIONAL COMPONENT OF VALUE ORIENTATIONS IN CHILDREN 6-7 YEARS OLD DURING MINI-BASKETBALL CLASSES,2024,PubMed/Crossref,,1,motivated;motivational;personality,0.2885,0.0653,0.1009,0.1097,0.0093,0.1114,0.0864,0.2285
1276,Gender characteristics of the manifestation of cognitive and sensorimotor functions in young basketball players aged 13-14,2024,PubMed/Crossref,,1,cognitive;perceptual,0.4357,0.0103,0.0939,0.1116,0.0271,0.278,0.0042,0.0392
1277,Girls play basketball too? A study of the mechanisms of traditional social gender consciousness on female participation in contact leisure sports.,2024,PubMed/Crossref,,4,attention,0.0631,0.0252,0.0156,0.4088,0.0059,0.3131,0.0048,0.1634
1278,Green Consumer Behavior of Sports Enthusiasts on TikTok-An Analysis of the Moderating Effect of Green Concern.,2024,PubMed/Crossref,,1,attention;engagement,0.3039,0.1082,0.1138,0.1264,0.0102,0.1005,0.0631,0.1739
1279,HIIT serves as an efficient training strategy for basketball players by improving blood fluidity and decreasing oxidative stress.,2024,PubMed/Crossref,,1,stress,0.2541,0.2202,0.2004,0.0606,0.0738,0.1268,0.043,0.021
1280,HoopTransformer: Advancing NBA Offensive Play Recognition with Self-Supervised Learning from Player Trajectories.,2024,PubMed/Crossref,,1,attention;cognition,0.4839,0.1883,0.0227,0.0192,0.0642,0.0459,0.1593,0.0165
1281,Hormonal Influences on Mood: Examining Testosterone and Cortisol in University Male Basketball Teams,2024,PubMed/Crossref,,3,anxiety;mood;psychological;resilience;stress,0.1681,0.2075,0.228,0.0547,0.1816,0.0674,0.011,0.0817
1282,How the perfectionistic climate of a sports team predicts the athletic performance of elite athletes: a case study of the CUBAL women's basketball team.,2024,PubMed/Crossref,,8,attention;cognitive;coping;stress;stressors,0.156,0.1201,0.1247,0.0525,0.0637,0.124,0.0272,0.3319
1283,Identifying links between athletic identity and risk factors related to youth sport participation.,2024,PubMed/Crossref,,6,identity;psychological,0.0807,0.0476,0.0753,0.2899,0.0087,0.4028,0.026,0.0691
1284,Identifying the Qualities of Attention and the Attentional Style in Indoor Team Sports: A Gender Comparison.,2024,PubMed/Crossref,,1,attention;attentional;psychological,0.2485,0.1552,0.0843,0.1248,0.0287,0.0995,0.0432,0.216
1285,Immediate and sustained effects of left‐hand dynamic handgrip on choking in men's basketball free‐throw performance,2024,PubMed/Crossref,,5,anxiety;choking;cognitive,0.2596,0.038,0.0503,0.1505,0.3124,0.1117,0.0438,0.0336
1286,Implementing a scoping review to explore sport officials' mental health.,2024,PubMed/Crossref,,3,anxiety;burnout;depression;mental,0.0643,0.1342,0.2634,0.0359,0.1395,0.2289,0.0062,0.1275
1287,Improving sensory integration in Chinese children with moderate sensory integration challenges through engaging basketball training.,2024,PubMed/Crossref,,3,perception,0.3255,0.1088,0.3317,0.0162,0.0085,0.1888,0.008,0.0125
1288,Increased Visual Attentional Demands Alter Lower Extremity Sidestep Cutting Kinematics in Male Basketball Players.,2024,PubMed/Crossref,,1,attention;attentional;cognitive,0.3125,0.1237,0.0758,0.113,0.0594,0.0615,0.2439,0.0102
1289,Increasing the distance of attentional focus improves free throw accuracy in male basketball players,2024,PubMed/Crossref,,1,attentional,0.668,0.0346,0.2057,0.0159,0.0084,0.0476,0.0075,0.0122
1290,Indonesia Basketball League: Spectators's Perception of CSE Satisfaction,2024,PubMed/Crossref,,6,perception;satisfaction,0.0647,0.1982,0.0545,0.1471,0.0131,0.4391,0.0106,0.0727
1291,Influence of AMY1 gene copy number on salivary amylase activity changes induced by exercise in young adults.,2024,PubMed/Crossref,,1,stress,0.4241,0.1435,0.1229,0.067,0.0143,0.0372,0.0429,0.1482
1292,"Influence of Personal and Reactive Anxiety on Personality Characteristics, Cognitive Abilities and Performance of Basketball Actions",2024,PubMed/Crossref,,1,anxiety;cognitive;personality,0.3547,0.0301,0.0367,0.0318,0.147,0.1645,0.0787,0.1564
1293,Influence of problem-solving ability and personality variables on the improvement and creativity of tactical decisions in basketball.,2024,PubMed/Crossref,,1,decision-making;decisions;perception;perceptual;personality,0.4434,0.1339,0.07,0.0236,0.0124,0.1252,0.1347,0.057
1294,Innovations in the PEDAGOGY Model in Basketball Education - Incorporating Cognitive Science and Educational Psychology,2024,PubMed/Crossref,,8,cognition;cognitive;psychological;psychology,0.1967,0.1095,0.0237,0.1414,0.0109,0.0391,0.0328,0.4459
1295,Integrating life skills through basketball training program,2024,PubMed/Crossref,,6,decision;emotional;leadership,0.1088,0.0185,0.1482,0.0203,0.0094,0.5046,0.0494,0.1408
1296,Integration of cognitive-motor dual-task training in physical sessions of highly-skilled basketball players.,2024,PubMed/Crossref,,1,cognitive;decision-making,0.4397,0.0629,0.3379,0.0242,0.0128,0.0927,0.0107,0.0192
1297,Integrative neuromuscular training and detraining in pre-adolescent basketball players,2024,PubMed/Crossref,,1,burnout,0.3932,0.1132,0.1096,0.1074,0.1109,0.0832,0.0088,0.0736
1298,Intelligent Dance Motion Evaluation: An Evaluation Method Based on Keyframe Acquisition According to Musical Beat Features.,2024,PubMed/Crossref,,1,perception;perceptual,0.2739,0.0645,0.1058,0.0628,0.0352,0.215,0.203,0.0398
1299,Interactions between Stress Levels and Hormonal Responses Related to Sports Performance in Pro Women's Basketball Team.,2024,PubMed/Crossref,,2,stress,0.2433,0.279,0.2127,0.0246,0.1018,0.0788,0.0273,0.0324
1300,Interactive learning media development in Purwokerto city: cognitive aspects of school basketball,2024,PubMed/Crossref,,8,cognitive,0.1451,0.1289,0.0987,0.0229,0.0121,0.2494,0.0102,0.3328
1301,Investigating Humor and Team Cohesion in Sports Environments,2024,PubMed/Crossref,,6,cohesion,0.1,0.0449,0.2111,0.1736,0.0337,0.2343,0.0551,0.1473
1302,Investigating the eye movement characteristics of basketball players executing 3-point shot at varied intensities and their correlation with shot accuracy.,2024,PubMed/Crossref,,1,attention,0.522,0.0123,0.2412,0.0107,0.1266,0.0745,0.0046,0.0081
1303,Investigation and analysis of ankle injuries among students in basketball sports,2024,PubMed/Crossref,,1,emotional;emotions;psychological,0.2312,0.1399,0.0575,0.2294,0.0717,0.0412,0.0784,0.1506
1304,Investigation of Basketball Players' Mental Training and Courage Levels and Their Perception of Struggle and Threat in Sports,2024,PubMed/Crossref,,3,emotionally;mental;perception;psychologically;resilient,0.109,0.1309,0.2364,0.1436,0.0108,0.1599,0.0083,0.2012
1305,"Investigation of the effects of an 8-week cross-country skiing exercise program on various reaction time parameters, selective attention and academic achievement in adolescents.",2024,PubMed/Crossref,,1,attention;cognitive,0.4417,0.1107,0.0342,0.0623,0.1256,0.0767,0.103,0.0458
1306,Learning Model of Basketball Dribbling Skills for Grades of 4-6 Elementary School,2024,PubMed/Crossref,,8,motivated,0.1281,0.1287,0.0321,0.029,0.0152,0.0921,0.0128,0.5619
1307,"Levels of physical activity, psychological wellbeing, and health related quality of life among Pakistani female Basketball players",2024,PubMed/Crossref,,1,anxiety;depression;psychological;stress;well-being;wellbeing,0.2747,0.121,0.0953,0.1765,0.2307,0.0739,0.0088,0.019
1308,Longitudinal Monitoring of Biomechanical and Psychological State in Collegiate Female Basketball Athletes Using Principal Component Analysis,2024,PubMed/Crossref,,6,psychological;well-being,0.1532,0.1482,0.1975,0.1289,0.0098,0.2124,0.0622,0.0879
1309,Management of medial tibial stress syndrome with osteopathic manipulative treatment in a basketball player: Case report.,2024,PubMed/Crossref,,2,stress,0.1967,0.3187,0.0905,0.2399,0.0322,0.0761,0.0306,0.0153
1310,Match-related fatigue in basketball: A systematic review.,2024,PubMed/Crossref,,5,mood;well-being,0.1014,0.0676,0.1421,0.1724,0.3647,0.0438,0.0137,0.0943
1311,"Mental arrangement in cognitive processes, processing information accurately, and performing the skill of shooting from both sides in basketball",2024,PubMed/Crossref,,1,cognitive;mental,0.6135,0.0174,0.058,0.0361,0.0085,0.195,0.0442,0.0272
1312,Mental toughness and empathy as match performance predictors of high-level female basketball players,2024,PubMed/Crossref,,3,mental,0.1684,0.1301,0.1908,0.144,0.0133,0.1356,0.1559,0.0619
1313,Methodological approaches to expert assessment of the level of training of basketball players at the stage of preliminary basic training,2024,PubMed/Crossref,,1,psychological,0.3889,0.0259,0.1794,0.0111,0.0058,0.3371,0.0049,0.0471
1314,Mindfulness in Basketball Athletes: A Psychological Approach to Self-Management Skills in Student Athletes,2024,PubMed/Crossref,,1,emotional;mental;mindfulness;psychological;resilience;resilient;stress,0.3084,0.2526,0.1109,0.0322,0.0926,0.128,0.0508,0.0245
1315,Modelo de mejora para la percepción y toma de las decisiones tácticas en el baloncesto (A model for the improvement of the perception and tactical decision-making in basketball),2024,PubMed/Crossref,,8,decision;decision-making;decisions;perception;perceptual,0.2105,0.0381,0.0941,0.1221,0.0106,0.2155,0.009,0.3001
1316,Monitoring training load and perceived recovery indicators during the preseason and in-season phases in professional female basketball players.,2024,PubMed/Crossref,,2,stress,0.0893,0.4462,0.154,0.016,0.0084,0.1395,0.134,0.0127
1317,Multi-timescale neural dynamics for multisensory integration.,2024,PubMed/Crossref,,1,cognitive,0.3035,0.0243,0.0529,0.1665,0.0124,0.175,0.1633,0.1021
1318,Multimodal audio-visual robot fusing 3D CNN and CRNN for player behavior recognition and prediction in basketball matches.,2024,PubMed/Crossref,,1,cognition;decisions;perception,0.2927,0.0856,0.1101,0.0987,0.0233,0.206,0.0444,0.1393
1319,My sweetheart has a basketball match: The relationship between love-hate and identification of individuals attending a euroleague match for recreational purposes.,2024,PubMed/Crossref,,6,emotional;identity;psychology,0.1923,0.1585,0.1785,0.1128,0.0098,0.2471,0.0308,0.0702
1320,Napping and heart rate variability in elite athletes.,2024,PubMed/Crossref,,2,stress,0.2238,0.4364,0.1212,0.0208,0.0992,0.0741,0.0086,0.0159
1321,Neural activation patterns in open-skilled and closed-skilled athletes during motor response tasks: insights from ERP analysis.,2024,PubMed/Crossref,,1,cognitive,0.4309,0.1011,0.1384,0.1291,0.0524,0.0731,0.048,0.027
1322,"Neurofeedback Training Protocols in Sports: A Systematic Review of Recent Advances in Performance, Anxiety, and Emotional Regulation.",2024,PubMed/Crossref,,1,anxiety;attention;cognitive;emotional,0.264,0.1257,0.1022,0.1118,0.1991,0.0793,0.008,0.11
1323,Noisy condition and three-point shot performance in skilled basketball players: the limited effect of self-talk,2024,PubMed/Crossref,,3,motivational;psychological;self-talk,0.2617,0.0648,0.5085,0.029,0.0491,0.0502,0.0129,0.0238
1324,nvestigating the effect of 8 weeks of aerobic training on basketball players' blood pressure,2024,PubMed/Crossref,,1,mental;stress,0.4094,0.1148,0.0226,0.1739,0.1357,0.02,0.0063,0.1174
1325,On court wingwave® coaching improves accuracy and confidence in basketball athletes,2024,PubMed/Crossref,,1,anxiety;confidence;emotional;perception;stress,0.3251,0.1806,0.1667,0.022,0.1363,0.1177,0.0097,0.0419
1326,"On research into the relationship between personality traits and the sporting level of competitive, professional and elite athletes.",2024,PubMed/Crossref,,1,personality,0.2977,0.0634,0.1718,0.1369,0.013,0.1231,0.1483,0.0458
1327,Optimizing athletic engagement and performance of obese students: an adaptive approach through basketball in physical education.,2024,PubMed/Crossref,,8,engagement;motivation,0.147,0.0463,0.231,0.0704,0.0112,0.1743,0.0095,0.3102
1328,Organizational Commitment among the Top-Level College Basketball Players in Japan: Focused on Bases of Power and School Stages at High School and University,2024,PubMed/Crossref,,8,attitude;expertise;motivation;motivational,0.0837,0.0323,0.2317,0.0124,0.0066,0.2567,0.006,0.3707
1329,Orthopedic Team Surgeons in Major Professional Sports: An Analysis of Affiliation With the Top 10 Sports Medicine Fellowship Programs and Implications for Leadership and Diversity.,2024,PubMed/Crossref,,6,leadership,0.1705,0.1123,0.1283,0.0686,0.0421,0.4199,0.0362,0.0221
1330,Patterns of Hemispheric Dominance Accompanied by Mental Training and its Relationship to the Performance the Dribbling of the Basketball Skill of Female Students of Physical Education and Sports Sciences,2024,PubMed/Crossref,,1,attention;mental,0.5096,0.0158,0.0946,0.0709,0.0078,0.0906,0.0067,0.2039
1331,Pengaruh Mental Toughness dan Kecerdasan Emosi terhadap Kecemasan Olahraga pada Atlet Basket SMA Cita Hati Surabaya dalam Menghadapi Event DBL,2024,PubMed/Crossref,,2,anxiety;emotional;mental,0.1596,0.2101,0.0839,0.0377,0.1911,0.0582,0.188,0.0714
1332,"Perceptions of the mouthguard in basketball, rugby, and soccer players. Qualitative study at a public university in Colombia.",2024,PubMed/Crossref,,1,confidence;perception,0.2405,0.026,0.2197,0.2142,0.0124,0.1693,0.0718,0.0462
1333,Perceptual-Cognitive Skills of Basketball Referees: On-The-Court Visual Search Behavior,2024,PubMed/Crossref,,6,cognitive;decision-making;perceptual,0.2059,0.0564,0.1651,0.019,0.1648,0.314,0.0623,0.0125
1334,"PERFORMANCE LEVEL VARIATIONS IN MALE BASKETBALL PLAYERS: AN ANALYSIS OF PHYSICAL, PHYSIOLOGICAL, AND PSYCHOLOGICAL PROFILES",2024,PubMed/Crossref,,6,anxiety;cognitive;emotional;mental;psychological;resilience;stress,0.1861,0.1402,0.1732,0.0412,0.1553,0.2665,0.011,0.0265
1335,Physical and cognitive anxiety in school sports competitions and their impact on the performance of female basketball players in school teams at the middle school. A field study of some middle schools in Chlef,2024,PubMed/Crossref,,1,anxiety;cognitive;psychological,0.2617,0.1086,0.1029,0.0479,0.1342,0.0691,0.0212,0.2543
1336,Physical demands of collegiate basketball practice: a preliminary report on novel methods and metrics.,2024,PubMed/Crossref,,6,decision,0.2411,0.2185,0.071,0.0781,0.0588,0.2504,0.0492,0.0328
1337,Physical Literacy Levels and its Influence on Performance and Injury Prevention Strategies among Basketball Players,2024,PubMed/Crossref,,8,motivation;psychology,0.1644,0.0681,0.2709,0.0389,0.0325,0.1351,0.0084,0.2817
1338,Physiotherapy Rehabilitation of Scapholunate Ligament Instability Following Ganglion Cyst in a Recreational Basketball Player: A Case Report.,2024,PubMed/Crossref,,4,stress,0.1967,0.0881,0.0623,0.2959,0.0765,0.0411,0.2275,0.0119
1339,Pilot randomized controlled trial of a game-based intervention for teaching basketball in Chinese primary school physical education.,2024,PubMed/Crossref,,8,confidence;motivation;well-being,0.0734,0.0192,0.1234,0.0397,0.0099,0.1779,0.0083,0.5483
1340,PRANAYAMA AND ITS ROLE IN MANAGING COMPETITIVE ANXIETY: A STUDY ON FEMALE BASKETBALL PLAYERS,2024,PubMed/Crossref,,6,anxiety;cognitive;confidence;psychological;psychology;resilience,0.2154,0.0309,0.1175,0.0283,0.1287,0.4013,0.0513,0.0267
1341,Predicting adolescents' continuation in club sports: A prospective cohort study of the importance of personal and contextual motivational factors in five sports in Denmark.,2024,PubMed/Crossref,,8,motivation;motivational;psychological;satisfaction,0.1283,0.0168,0.1007,0.1416,0.0088,0.2239,0.0074,0.3725
1342,Prediction model of basketball players' playing time based on neural network,2024,PubMed/Crossref,,6,decision-making;decisions,0.1402,0.1683,0.0936,0.1304,0.0121,0.4,0.0367,0.0186
1343,Prediction of mental toughness based on goal orientations of basketball players,2024,PubMed/Crossref,,5,confidence;mental,0.1202,0.0299,0.1217,0.1684,0.2107,0.099,0.1975,0.0526
1344,Prevalence of urinary incontinence in nulliparous Indian sportswomen.,2024,PubMed/Crossref,,4,stress,0.2119,0.0868,0.0899,0.4466,0.0103,0.0876,0.0127,0.0542
1345,Profound First-Degree Atrioventricular Block in a High-Level Basketball Athlete.,2024,PubMed/Crossref,,3,stress,0.1228,0.1673,0.337,0.1707,0.0198,0.0943,0.0595,0.0285
1346,Psychological narcissism and its contribution to the feeling of psychological loneliness among young basketball players,2024,PubMed/Crossref,,6,confidence;psychological;stress,0.2504,0.1157,0.0679,0.0433,0.011,0.3098,0.0682,0.1337
1347,Psychological Skill of University Basketball Athletes in Each Playing Position in Indonesia,2024,PubMed/Crossref,,6,psychological;psychology,0.0985,0.0227,0.0963,0.0225,0.0115,0.6213,0.0097,0.1176
1348,Psychometric properties of the Chinese version of the sport success scale: a confirmatory study on Chinese adolescents.,2024,PubMed/Crossref,,6,psychological,0.0617,0.1782,0.0589,0.0256,0.0428,0.3957,0.0114,0.2258
1349,Pupillometry as a new window to player fatigue? A glimpse inside the eyes of a Euro Cup Women's Basketball team.,2024,PubMed/Crossref,,1,cognitive,0.2698,0.2635,0.0648,0.1451,0.061,0.0666,0.0103,0.119
1350,Quarterly fluctuations in external and internal loads among professional basketball players.,2024,PubMed/Crossref,,2,perception;wellbeing,0.2082,0.3471,0.0863,0.0346,0.0674,0.2158,0.0072,0.0334
1351,Rationing the achievement motivation scale for basketball school championship participants in the distinguished secondary – Education of Karkh 3,2024,PubMed/Crossref,,8,motivation,0.2601,0.0503,0.0668,0.0334,0.0175,0.1383,0.0535,0.38
1352,Recreational ball games are effective in improving social communication impairments among preschoolers diagnosed with autism spectrum disorder: a multi-arm controlled study.,2024,PubMed/Crossref,,1,cognition;motivation,0.4003,0.0366,0.1868,0.0349,0.0851,0.1318,0.094,0.0305
1353,Research on the Application of Behavioral Image Feature Capture in Basketball Game Video,2024,PubMed/Crossref,,1,cognition,0.3239,0.0216,0.1411,0.1638,0.0345,0.212,0.0874,0.0159
1354,Research on the Current Situation of Primary School Basketball in Anshan City under the Background of the Small Basketball Development Plan,2024,PubMed/Crossref,,6,decision-making,0.189,0.1657,0.1667,0.03,0.0498,0.2922,0.0133,0.0933
1355,Return to play after head injury in adolescent sports: evaluating football versus other sports.,2024,PubMed/Crossref,,4,attention;attitudes,0.1315,0.1321,0.0502,0.2926,0.2396,0.0661,0.0069,0.0811
1356,Review of research on emotional intelligence of basketball players,2024,PubMed/Crossref,,6,emotional;psychological,0.1077,0.1882,0.1469,0.0507,0.0843,0.2338,0.1486,0.0398
1357,RISK-BEHAVIOR OF GERMAN BASKETBALL COACHES: COMPARING THE WILLINGNESS TO TAKE RISKS ON DIFFERENT COACHING LICENSE LEVELS WITH THE GENERAL POPULATION AND DIFFERENT PROFESSIONAL SUBGROUPS,2024,PubMed/Crossref,,6,personality;psychological,0.0927,0.0299,0.033,0.2935,0.0152,0.3328,0.1756,0.0272
1358,Saccades and Microsaccades Coupling During Free-Throw Shots in Basketball Players.,2024,PubMed/Crossref,,1,decisions,0.2971,0.0289,0.063,0.1557,0.2062,0.1837,0.0124,0.053
1359,Scientific and Systematic Research on Technical and Tactical Training of Basketball Players,2024,PubMed/Crossref,,1,psychological,0.3528,0.0632,0.1511,0.0619,0.0152,0.1959,0.0638,0.0961
1360,Selected Determinants of Diet Health Quality among Female Athletes Practising Team Sports.,2024,PubMed/Crossref,,6,personality;self-efficacy,0.0807,0.2291,0.1399,0.1497,0.0122,0.2485,0.0884,0.0516
1361,Self-Confidence and Peak Performance: A Descriptive Study on Young Basketball Athletes,2024,PubMed/Crossref,,6,confidence;psychological,0.0748,0.0265,0.2846,0.0701,0.1079,0.2924,0.0114,0.1323
1362,SPORT PSYCHOLOGY HELP BASKETBALL PLAYERS PERFORMANCE BY INCREASING MENTAL TOUGHNESS THROUGH DECREASING ANXIETY,2024,PubMed/Crossref,,1,anxiety;mental;motivation;psychology;stress,0.2334,0.213,0.034,0.1469,0.1164,0.1412,0.0633,0.0519
1363,Sport training of axial rotation affects spatial ability: Evidence from behavior and fNIRS.,2024,PubMed/Crossref,,1,cognition;cognitive;expertise;mental,0.4809,0.0724,0.037,0.0335,0.0175,0.1534,0.0907,0.1147
1364,Sport-Specific AMCaMP: New Modular Tools for Measuring Adolescent Self-Confidence In Sport-Specific Movement.,2024,PubMed/Crossref,,7,confidence;psychological;self-efficacy,0.1826,0.0855,0.0872,0.1009,0.008,0.1159,0.3002,0.1196
1365,SPORTS NUTRITION FEATURES FOR STUDENT BASKETBALL PLAYERS,2024,PubMed/Crossref,,8,decision-making,0.1162,0.0685,0.0604,0.1798,0.022,0.2208,0.0197,0.3126
1366,Study of the influence of psychological mood on the performance and mental health of athletes in VR-aided basketball training.,2024,PubMed/Crossref,,6,attitude;mental;mood;psychological;well-being,0.1422,0.0337,0.2623,0.0706,0.0172,0.2923,0.0842,0.0974
1367,Study on the promoting effect of basketball training on adolescent physical and mental development,2024,PubMed/Crossref,,3,confidence;mental;psychological;stress,0.1052,0.0717,0.2969,0.0246,0.039,0.2573,0.0444,0.1608
1368,Study on the relationship between fixation characteristics and hit rate in psychological procedure training of free throw.,2024,PubMed/Crossref,,1,attention;psychological,0.4704,0.0873,0.1713,0.0157,0.176,0.0231,0.0071,0.0492
1369,Talent Selection Under Uncertainty: Exploring Cognitive Biases Through the Lens of a Professional Basketball Entry Draft,2024,PubMed/Crossref,,6,cognitive;decision-making,0.2178,0.0309,0.0785,0.1551,0.0498,0.3268,0.0473,0.0938
1370,Temperamental and Neurocognitive predictors in Korean basketball league draft selection,2024,PubMed/Crossref,,6,anxiety;cognitive;depression;emotional;mental;perception;personality;psychological;stress,0.1506,0.0465,0.1423,0.0298,0.0724,0.3806,0.0736,0.1043
1371,The Application of Moston Reciprocal Teaching Method in College Basketball Skills Teaching,2024,PubMed/Crossref,,8,motivation,0.1921,0.0826,0.0916,0.0184,0.0311,0.0351,0.0081,0.5409
1372,The contribution of students' psychological conditions in achieving basketball learning outcomes,2024,PubMed/Crossref,,1,anxiety;cognitive;confidence;psychological,0.26,0.0364,0.1988,0.072,0.2109,0.1228,0.0072,0.0919
1373,The Development of Basketball Learning Activities and Basketball Abilities Using Gamification Teaching Model for Advanced Vocational Student,2024,PubMed/Crossref,,8,attention;engagement;motivation;satisfaction,0.1284,0.0163,0.1359,0.0788,0.0076,0.1253,0.0433,0.4645
1374,The effect of a cognitive-behavioral program in raising the level of mental health among young basketball players Gasag Taher,2024,PubMed/Crossref,,6,attention;cognitive;mental,0.3434,0.0406,0.0588,0.0406,0.0097,0.464,0.0287,0.0143
1375,The effect of an educational curriculum with cognitive exercises (sense - movement) proposed in developing special motor agility ability and the skill of striking by changing direction in basketball for juniors,2024,PubMed/Crossref,,1,cognitive,0.5776,0.0375,0.1098,0.0191,0.0106,0.1224,0.0073,0.1157
1376,The Effect of Basketball Activity on Developing the Mental Health of University Students in Shenzhen,2024,PubMed/Crossref,,6,anxiety;attention;confidence;depression;mental;psychological;stress;well-being,0.1231,0.0459,0.0894,0.0325,0.0898,0.3508,0.0321,0.2366
1377,"The Effect of Daily Heart Rate Workloads on Preseason, Midseason, and Postseason Oxygen Consumption in Division I Basketball.",2024,PubMed/Crossref,,2,psychological,0.1599,0.3725,0.1084,0.0221,0.0698,0.1698,0.0666,0.031
1378,The effect of exercises in the third intensity zone of the strength characteristic of the speed of the two legs on the adequacy of the circulatory and respiratory systems and the performance of some basketball skills among young players,2024,PubMed/Crossref,,1,attention,0.6755,0.0506,0.1043,0.0333,0.0089,0.1065,0.008,0.0129
1379,The Effect of Karen's Model with Educational Tools on Female Students' Basketball Scoring Skills,2024,PubMed/Crossref,,1,attention,0.4398,0.0328,0.0877,0.0527,0.0124,0.084,0.0111,0.2795
1380,The effect of playing basketball on the psychological state of a cadet of the national academy of the state border service of Ukraine,2024,PubMed/Crossref,,6,attention;attitude;emotional;mental;psychological;stress;well-being,0.1947,0.123,0.1094,0.0171,0.008,0.408,0.0726,0.0673
1381,The effect of repeated concussions on clinical and neurocognitive symptom severity in different contact sports.,2024,PubMed/Crossref,,5,attention;cognitive,0.2546,0.0158,0.0612,0.2134,0.345,0.0918,0.0067,0.0115
1382,The effect of service quality and coach competency on the motivation and achievement of Riau basketball student-athletes,2024,PubMed/Crossref,,6,attention;motivation,0.062,0.2095,0.0158,0.1319,0.0076,0.2955,0.0067,0.2711
1383,The Effect of Temporary Group Identity on Adolescent Social Mindfulness Decisions: An Empirical Study Using Team Sports Contexts.,2024,PubMed/Crossref,,4,decision-making;decisions;identity;mindfulness,0.1164,0.21,0.1157,0.2755,0.0425,0.0932,0.0113,0.1353
1384,The Effectiveness of Guided Imagery Training on Anxiety of Competing Basketball Students at University,2024,PubMed/Crossref,,8,anxiety;confidence;imagery;motivated;psychological,0.0815,0.0501,0.2539,0.0229,0.2345,0.0477,0.0097,0.2997
1385,The Effects of High-Intensity Interval Training on Cognitive and Physical Skills in Basketball and Soccer Players.,2024,PubMed/Crossref,,1,attention;cognitive;mental;perceptual,0.3889,0.101,0.2404,0.0531,0.0588,0.0431,0.0654,0.0494
1386,"The Effects of Music on Activity Rates, Time in Activity, and Levels of Enjoyment in Junior High School Basketball",2024,PubMed/Crossref,,8,motivate,0.1543,0.0285,0.0294,0.0289,0.2139,0.0804,0.0115,0.4531
1387,The impact of adapted exercises in basketball on the perception of the difficulty and physical enjoyment of students with overweight.,2024,PubMed/Crossref,,1,motivational;perception,0.6366,0.0359,0.0437,0.0347,0.0185,0.0474,0.0154,0.1679
1388,"The Impact of Coaching Style on Basketball Players’ Performance Satisfaction in Hunan, China",2024,PubMed/Crossref,,8,cohesion;leadership;mental;motivation;psychological;satisfaction;stress;well-being,0.0498,0.0136,0.1239,0.197,0.0067,0.2462,0.0665,0.2963
1389,The impact of internal and external loads on player performance in Chinese basketball association.,2024,PubMed/Crossref,,2,psychological,0.0665,0.5884,0.1484,0.0194,0.0102,0.1168,0.0354,0.0148
1390,The Impact of Knee and Ankle Injuries on National Basketball Association Player Performance Post-injury.,2024,PubMed/Crossref,,4,stress,0.1483,0.1941,0.0587,0.375,0.0767,0.0466,0.0874,0.0132
1391,The Impact of Loads of College Basketball Players on Their Competitive Performance,2024,PubMed/Crossref,,3,psychological,0.1624,0.0425,0.4763,0.0361,0.019,0.2162,0.0169,0.0306
1392,"The impact of renovation on the air quality in the stadium, and prevention of indoor air pollution.",2024,PubMed/Crossref,,2,resilience,0.1382,0.3965,0.0712,0.0307,0.0181,0.2319,0.0782,0.0353
1393,The Impact of Skill Level on the Integration of Information and Post-Error Adjustment during Action Anticipation in Basketball.,2024,PubMed/Crossref,,1,cognitive,0.4261,0.0196,0.179,0.1513,0.062,0.1226,0.0268,0.0127
1394,The impact of team cohesion on athlete engagement in collegiate basketball leagues: the moderating role of paternalistic leadership.,2024,PubMed/Crossref,,6,cohesion;engagement;leadership,0.0341,0.0172,0.059,0.034,0.0096,0.6179,0.1516,0.0766
1395,The Influence of Learning Methods and Learning Motivation on the Learning Outcomes of Basketball,2024,PubMed/Crossref,,8,motivation,0.056,0.0283,0.0926,0.042,0.0129,0.282,0.0105,0.4758
1396,THE INFLUENCE OF LEARNING STRATEGIES AND CONFIDENCE ON BASKETBALL DRIBBLE LEARNING OUTCOMES,2024,PubMed/Crossref,,8,confidence;coping;motivation;perception;psychological,0.2036,0.086,0.0363,0.0547,0.0135,0.1127,0.0433,0.45
1397,The influence of mental health and a-riseba shooting practice on the performance of basketball shooting results in 16-18 years age group,2024,PubMed/Crossref,,3,anxiety;attention;burnout;mental;stress,0.1785,0.1227,0.3625,0.0534,0.0354,0.1698,0.0095,0.0684
1398,"The influence of physical fitness qualities, individual characteristics and contextual factors on youth basketball players' perceived exertion and recovery responses to official games.",2024,PubMed/Crossref,,2,perceptual,0.1524,0.3823,0.1414,0.0414,0.0347,0.2245,0.0086,0.0147
1399,The Influence of Self-Regulated Learning Model In Basketball Games on Learning Motivation of SMP Negeri 1 Telagasari Students,2024,PubMed/Crossref,,8,motivation,0.1932,0.0314,0.0703,0.069,0.0117,0.1077,0.0364,0.4802
1400,The influence of “momentum” on the game outcome while controlling for game types in basketball,2024,PubMed/Crossref,,1,cognition;decision;emotions,0.2858,0.1956,0.1686,0.1668,0.0147,0.1337,0.0125,0.0223
1401,The interrelation of mental processes with technical preparedness of basketball players aged 14–15,2024,PubMed/Crossref,,1,attention;mental;perception;perceptual,0.3923,0.0752,0.0647,0.0841,0.021,0.2994,0.0443,0.0189
1402,The knowledge and attitude concerning sport-related concussion among coaches: A survey study.,2024,PubMed/Crossref,,3,attitude;attitudes,0.1158,0.0766,0.2915,0.0871,0.0267,0.2111,0.007,0.1843
1403,The Mitigating Effects of Youth Basketball Participation on Intergenerational Stress,2024,PubMed/Crossref,,1,mental;psychological;stress,0.432,0.0563,0.0325,0.0604,0.0145,0.1699,0.0116,0.2229
1404,The Perception and Application of Psychological Training by Coaches of Youth Basketball Players,2024,PubMed/Crossref,,6,attention;perception;psychological,0.332,0.075,0.0834,0.0333,0.0177,0.3811,0.053,0.0244
1405,The power of human touch: Physical contact improves performance in basketball free throws.,2024,PubMed/Crossref,,1,stress;stressful,0.3224,0.2201,0.0713,0.1227,0.0135,0.2147,0.012,0.0235
1406,The relationship between emotional intelligence and mental skills of basketball players,2024,PubMed/Crossref,,6,emotional;mental;psychological,0.2198,0.1443,0.1416,0.0687,0.0169,0.3251,0.0554,0.0283
1407,The Relationship Between Mental Fatigue and Shooting Performance Over the Course of a National Collegiate Athletic Association Division I Basketball Season.,2024,PubMed/Crossref,,2,emotional;mental;stress;stressors,0.1474,0.4127,0.1574,0.0256,0.1263,0.0789,0.0067,0.045
1408,"The reliability and discriminant validity of physical, technical, and perceptual-physiological measures during a game-specific basketball activity simulation protocol",2024,PubMed/Crossref,,2,perceptual,0.3607,0.4417,0.0377,0.0255,0.0874,0.0317,0.0053,0.0098
1409,The Role of Emotional Intelligence of Coaches and its Impact on Coaching Skills in Basketball,2024,PubMed/Crossref,,6,emotional;leadership;motivator;personalities;stressed,0.2265,0.1128,0.078,0.0172,0.0088,0.3161,0.0721,0.1686
1410,The role of perspective in refereeing: Insights from a video-based decision-making experiment.,2024,PubMed/Crossref,,1,decision;decision-making;decisions,0.4177,0.0175,0.2173,0.1265,0.0088,0.1532,0.0462,0.0127
1411,The Role Of Self-Confidence In Achieving Peak Performance : A Descriptive Quantitative Study Of Youth Basketball Athletes In Sukabumi,2024,PubMed/Crossref,,6,confidence;psychological,0.0643,0.0949,0.2077,0.0819,0.0808,0.329,0.0485,0.0929
1412,The Role of Sports Psychology in Enhancing Motivation and Performance of Beginner Basketball Athletes: A Sports Science Approach,2024,PubMed/Crossref,,3,confidence;mental;motivation;psychological;psychology,0.2528,0.0305,0.2924,0.0316,0.0482,0.0753,0.0129,0.2564
1413,The role of the six factors model of athletic mental energy in mediating athletes' well-being in competitive sports.,2024,PubMed/Crossref,,1,cognitive;emotions;mental;psychological;psychology;well-being,0.3288,0.0897,0.1949,0.1965,0.0131,0.1443,0.011,0.0218
1414,The study of the attitude of the basketball subjects in the sverdlovsk region to the implementation of the reginal professional sport award project,2024,PubMed/Crossref,,6,attitude;cognition;motivation,0.1495,0.0332,0.1819,0.0794,0.0169,0.3226,0.0508,0.1658
1415,The timing of vision in basketball three-point shots.,2024,PubMed/Crossref,,1,attention;decision-making,0.2734,0.1276,0.2328,0.161,0.1099,0.0768,0.0066,0.0118
1416,THE USE OF REAL-TIME FEEDBACK TECHNOLOGIES IN 3X3 WOMEN'S BASKETBALL TRAINING,2024,PubMed/Crossref,,1,decision-making,0.3411,0.0666,0.2108,0.0301,0.0166,0.2638,0.0473,0.0236
1417,Timing of Caffeine Ingestion Does Not Improve Three-Point Shooting Accuracy in College Basketball Players.,2024,PubMed/Crossref,,1,psychological,0.2597,0.1867,0.1758,0.1007,0.0096,0.2488,0.0067,0.0119
1418,Training on Basic Dribbling Techniques for Basketball Players at the JBC Club,2024,PubMed/Crossref,,1,motivation,0.2928,0.067,0.1812,0.1139,0.0107,0.2052,0.009,0.1202
1419,"Untangling the relationships between age, gender, type of sport, perfectionistic self-presentation and motivation on body satisfaction: a cross-sectional study on aesthetic and non-aesthetic female and male athletes aged 10 to 22 years.",2024,PubMed/Crossref,,4,motivation;motivational;satisfaction,0.1168,0.2626,0.0243,0.362,0.0102,0.0485,0.0093,0.1664
1420,Unveiling Players' Perceptions of Mother- and Father-Initiated Motivational Climates and Fear of Failure in Youth Male Team Sports.,2024,PubMed/Crossref,,8,fear;motivational;psychological;well-being,0.1606,0.2445,0.0845,0.0405,0.0788,0.1193,0.0085,0.2633
1421,"Using subjective emotion, facial expression, and gaze direction to evaluate user affective experience and predict preference when playing single-player games.",2024,PubMed/Crossref,,1,arousal;attitude;emotion;emotions,0.5006,0.0525,0.0555,0.0299,0.0137,0.1431,0.0773,0.1273
1422,Viable strategies for enhancing performance in ball sports by mitigating mental fatigue: A systematic review.,2024,PubMed/Crossref,,1,cognitive;mental;mindfulness;self-talk,0.3616,0.2451,0.0219,0.0279,0.1143,0.0488,0.0083,0.1721
1423,"Viewing angle, skill level and task representativeness affect response times in basketball defence",2024,PubMed/Crossref,,1,expertise;perception;perceptual,0.4934,0.0824,0.0842,0.0563,0.0697,0.088,0.0764,0.0496
1424,Visual Awareness and Its Impact on Sports Performance of Basketball Players in The Maldives,2024,PubMed/Crossref,,1,perception,0.4098,0.0761,0.133,0.111,0.0611,0.1407,0.0124,0.0559
1425,What is the Physical Fitness Level of Basketball Extracurricular Participants? Investigation of Bengkulu State Middle School 14 Students,2024,PubMed/Crossref,,1,attention,0.3216,0.0268,0.2216,0.1145,0.0131,0.1314,0.011,0.1601
1426,40-min nap opportunity attenuates heart rate and perceived exertion and improves physical specific abilities in elite basketball players.,2023,PubMed/Crossref,,2,stress,0.1671,0.4931,0.1835,0.0405,0.0154,0.0626,0.0128,0.025
1427,A flexible triboelectric nanogenerator based on wave structure PDMS for joint monitoring in basketball training,2023,PubMed/Crossref,,1,attention,0.3976,0.056,0.0796,0.0856,0.1299,0.0745,0.1278,0.0489
1428,A Flexible Triboelectric Nanogenerator for Bio-Mechanical Energy Harvesting and Basketball Self-Powered Sensing,2023,PubMed/Crossref,,1,attention,0.5779,0.0489,0.1892,0.0351,0.0191,0.0528,0.0153,0.0617
1429,A multi-scale analysis of basketball throw in virtual reality for tracking perceptual-motor expertise.,2023,PubMed/Crossref,,1,expertise;perceptual;psychological,0.5748,0.1441,0.0668,0.0269,0.0109,0.1058,0.0094,0.0614
1430,A post-exercise infrared sauna session improves recovery of neuromuscular performance and muscle soreness after resistance exercise training.,2023,PubMed/Crossref,,2,mood,0.1889,0.4066,0.2033,0.055,0.0646,0.0233,0.0265,0.0318
1431,A scientometrics analysis of physical activity and transcranial stimulation research.,2023,PubMed/Crossref,,1,decisions,0.4613,0.0968,0.0631,0.1255,0.0374,0.1315,0.0456,0.0386
1432,A study of the effects of different sports programs on psychological stress and mental toughness of college students in the Internet era,2023,PubMed/Crossref,,8,mental;psychological;resilience;stress,0.0669,0.2285,0.0292,0.064,0.0438,0.1892,0.1016,0.2766
1433,"A Systematic Review on the Physical, Physiological, Perceptual, and Technical-Tactical Demands of Official 3 × 3 Basketball Games.",2023,PubMed/Crossref,,2,perceptual,0.235,0.3072,0.0799,0.0165,0.1137,0.1713,0.0451,0.0312
1434,Accounting team climate in the formation of play of high league basketball players,2023,PubMed/Crossref,,6,psychological,0.1961,0.0296,0.1807,0.0807,0.0132,0.2862,0.0845,0.1291
1435,Acute Effects of Fitlight Training on Cognitive-Motor Processes in Young Basketball Players.,2023,PubMed/Crossref,,3,cognitive,0.2727,0.1276,0.3712,0.0229,0.0121,0.0834,0.0623,0.0479
1436,An 18-Year-Old Female Athlete Presenting with Knee Pain Following a Basketball Game and Diagnosed with Bilateral Patellar Stress Fractures.,2023,PubMed/Crossref,,4,stress,0.143,0.1372,0.0403,0.2706,0.0886,0.0824,0.2064,0.0316
1437,Analysis of Basketball Coach Competency: A Case Study of Student Level Basketball Coaches in Yogyakarta,2023,PubMed/Crossref,,8,motivation,0.0441,0.1706,0.0262,0.019,0.01,0.2441,0.0084,0.4777
1438,Analysis of the current situation of Heze City Youth Basketball Club,2023,PubMed/Crossref,,6,attention,0.1721,0.1213,0.0384,0.0962,0.0143,0.3532,0.0336,0.1707
1439,Analytical Study of the Relationship Between Emotional Arousal and Skillful Self of Basketball Players in UAE Universities,2023,PubMed/Crossref,,8,arousal;emotional,0.2309,0.2387,0.1115,0.031,0.0165,0.0787,0.014,0.2788
1440,Approaches That Use Domain-Specific Expertise: Behavioral-Cloning-Based Advantage Actor-Critic in Basketball Games,2023,PubMed/Crossref,,1,expertise;satisfaction,0.3605,0.1546,0.0454,0.1242,0.0482,0.1282,0.1167,0.0222
1441,Assessment of return to play after an acute shoulder injury: protocol for an explorative prospective observational German multicentre study.,2023,PubMed/Crossref,,4,decisions;psychological,0.1263,0.1538,0.1453,0.2596,0.0776,0.0583,0.1233,0.0557
1442,Assessment of the psychophysiological and functional state of basketball students in the pre-competition period,2023,PubMed/Crossref,,2,attention;psychological,0.1942,0.2639,0.1251,0.0599,0.0382,0.1294,0.0263,0.1628
1443,Athletic Burnout and Its Association with Diet in Children and Adolescents.,2023,PubMed/Crossref,,8,burnout;emotional;mental;stress,0.1683,0.1755,0.0642,0.1778,0.0131,0.0972,0.0418,0.262
1444,Basketball referee's gaze behavior and stimulus selection in relation to visual angle perspective and officiating mechanics and expertise,2023,PubMed/Crossref,,1,expertise,0.2377,0.0231,0.1264,0.0489,0.206,0.2168,0.0635,0.0776
1445,"Body Image, Social Physique Anxiety Levels and Self-Esteem among Adults Participating in Physical Activity Programs.",2023,PubMed/Crossref,,1,anxiety;engagement;mental;well-being,0.3342,0.1672,0.0429,0.0509,0.2223,0.1374,0.0082,0.0369
1446,Can participative coach behaviour be perceived as controlling? The role of athletes' expectations.,2023,PubMed/Crossref,,6,leadership;stress,0.0706,0.0172,0.037,0.2844,0.0091,0.5325,0.032,0.0172
1447,Cardiological Functional Assessment of National Olympic Team of Kazakhstan.,2023,PubMed/Crossref,,2,stress,0.2781,0.3199,0.0583,0.1515,0.0322,0.0927,0.0086,0.0588
1448,Changes in Perceived Mental Load and Motor Performance during Practice-to-Learn and Practice-to-Maintain in Basketball.,2023,PubMed/Crossref,,3,attentional;cognition;mental,0.2441,0.1119,0.2644,0.0423,0.0724,0.1938,0.0088,0.0623
1449,Coach Leadership and Achievement Motivation on Women Basketball Athletes Performance,2023,PubMed/Crossref,,6,leadership;motivated;motivation,0.0885,0.0346,0.0621,0.1248,0.0102,0.4249,0.0395,0.2155
1450,Cognitive function and heart rate variability in open and closed skill sports.,2023,PubMed/Crossref,,1,cognition;cognitive,0.3211,0.2354,0.0756,0.0529,0.079,0.2085,0.0099,0.0177
1451,"CORRELATIONS BETWEEN COACHING BEHAVIOR, MOTIVATIONAL CLIMATE AND INTRINSIC MOTIVATION IN CADET BASKETBALL PLAYERS",2023,PubMed/Crossref,,8,leadership;motivation;motivational,0.2198,0.0219,0.2115,0.0295,0.0112,0.1886,0.0094,0.3081
1452,Decision making for basketball clutch shots: A data driven approach,2023,PubMed/Crossref,,1,decision;decisions,0.3031,0.148,0.2577,0.0574,0.0135,0.1895,0.0113,0.0196
1453,Deep Transfer Learning-Based Foot No-Ball Detection in Live Cricket Match.,2023,PubMed/Crossref,,1,decision-making,0.4474,0.0563,0.1378,0.1043,0.0582,0.1056,0.0689,0.0215
1454,Determination of basketball interference ball violation based on visual recognition technology electronic referee artificial intelligence algorithm,2023,PubMed/Crossref,,1,cognition,0.463,0.08,0.0819,0.1617,0.0127,0.0881,0.0393,0.0733
1455,Determining Positive Behavioral Skills in Different Age Groups of Young Basketball Players during the Pandemic.,2023,PubMed/Crossref,,6,emotions;personality;psychological,0.2004,0.0272,0.1341,0.0264,0.0186,0.4201,0.0417,0.1316
1456,Diferencias en la percepción del clima motivacional de los jugadores de minibasket atendiendo a los resul-tados de los partidos. Estudio piloto en iniciación deportiva (Differences in the perception of mini-basketball players’ motivational climate according to the games’ re-sults. A pilot study in youth sport),2023,PubMed/Crossref,,8,motivation;motivational;perception,0.0593,0.0542,0.0766,0.0852,0.0084,0.0634,0.0277,0.6251
1457,Does Emotional Intelligence Affect Mental Toughness in Physically Disabled Athletes?,2023,PubMed/Crossref,,1,emotion;emotional;emotions;mental,0.3895,0.1479,0.1493,0.0564,0.0143,0.1043,0.0717,0.0667
1458,Dribble Accuracy and Arm Coordination Pattern According to Motor Expertise and Tempo.,2023,PubMed/Crossref,,1,expertise;motor,0.511,0.0778,0.0176,0.0701,0.0274,0.0578,0.1516,0.0867
1459,Editorial Commentary: Early Anterior Cruciate Ligament Reconstruction Decreases the Risk of Developing Irreparable Meniscus Tears in Female Athletes.,2023,PubMed/Crossref,,4,attention,0.1053,0.0477,0.046,0.4731,0.1643,0.0762,0.0688,0.0186
1460,Effect of (S.A.Q) exercises to development the motor response time and the group fast break of basketball players,2023,PubMed/Crossref,,1,attention,0.3808,0.0221,0.1506,0.0299,0.0115,0.3792,0.0094,0.0164
1461,Effect of Grit on High School Basketball Player’s Achievement Goal Orientation and Performance,2023,PubMed/Crossref,,5,confidence,0.1033,0.1244,0.142,0.0468,0.2961,0.0483,0.0128,0.2262
1462,Effect of Imagery Training on College Students’ Basketball Shooting Accuracy,2023,PubMed/Crossref,,3,confidence;imagery,0.2011,0.065,0.3637,0.0171,0.0089,0.1269,0.0076,0.2098
1463,Effectiveness of Psychological Skills Training on Resilience and Grit Among Basketball Players,2023,PubMed/Crossref,,6,imagery;mental;psychological;resilience;self-talk,0.1315,0.0591,0.3129,0.0573,0.0301,0.3264,0.0254,0.0573
1464,Effects of applying a multivariate training program on physical fitness and tactical performance in a team sport taught during physical education classes.,2023,PubMed/Crossref,,3,decision,0.219,0.0895,0.3324,0.0132,0.007,0.0498,0.0058,0.2833
1465,Effects of coach extraversion and educational environment on transformational leadership and athlete outcomes: A moderated mediation model.,2023,PubMed/Crossref,,6,cohesion;leadership;perception;personality;satisfaction,0.0682,0.018,0.0916,0.0599,0.029,0.4777,0.0939,0.1616
1466,Effects of SARS-CoV-2 on psychological well-being of Portuguese and Czech basketball athletes,2023,PubMed/Crossref,,1,coping;emotions;psychological;well-being,0.3253,0.1004,0.2083,0.0983,0.0158,0.1681,0.0133,0.0704
1467,Effects of shoelace tightness on lower limb biomechanics and subjective perception during lateral shuffle in basketball.,2023,PubMed/Crossref,,7,perception,0.2471,0.131,0.0551,0.0645,0.0574,0.0443,0.2951,0.1056
1468,Effects of Soluble Dietary Fibre on Exercise Performance and Perception of Fatigue in Young Basketball Players.,2023,PubMed/Crossref,,2,perception,0.0555,0.2975,0.2421,0.0904,0.1324,0.1538,0.0086,0.0197
1469,Efficient Image Segmentation of Cardiac Conditions after Basketball Using a Deep Neural Network,2023,PubMed/Crossref,,1,attention,0.3435,0.173,0.0219,0.0204,0.0543,0.1385,0.2331,0.0152
1470,Emotional Intelligence in Spanish Elite Athletes: Is There a Differential Factor between Sports?,2023,PubMed/Crossref,,2,emotion;emotional;emotions;psychological,0.2443,0.3048,0.045,0.0531,0.1141,0.049,0.0166,0.173
1471,ENSURING EFFICIENT INTERACTION OF BASKETBALL PLAYERS DURING TRANSITION INTO THE STUDENT TEAM,2023,PubMed/Crossref,,6,perception,0.2252,0.0675,0.1642,0.0671,0.0098,0.3719,0.0087,0.0856
1472,Evolution of Young Female Athletes’ Reasons for Participating in Judo and Basketball,2023,PubMed/Crossref,,6,attention;motivation;motivational;psychological,0.1978,0.0921,0.0424,0.0912,0.1151,0.2103,0.0827,0.1684
1473,Examinatıon of basketball players' team cohesion levels according to some variables,2023,PubMed/Crossref,,7,cohesion,0.1712,0.1081,0.1417,0.0458,0.0431,0.0861,0.2114,0.1926
1474,Facial Injuries in the National Basketball Association.,2023,PubMed/Crossref,,4,psychological,0.087,0.1358,0.14,0.2982,0.0826,0.1619,0.0841,0.0104
1475,Formation of physical qualities by means of basketball in physical education classes,2023,PubMed/Crossref,,1,motivation,0.3081,0.034,0.109,0.0203,0.0108,0.2415,0.0782,0.1981
1476,From Natural Towards Representative Decision Making in Sports: A Framework for Decision Making in Virtual and Augmented Environments.,2023,PubMed/Crossref,,1,decision;decision-making;decisions,0.456,0.0364,0.1035,0.0943,0.0783,0.2111,0.0076,0.0128
1477,Game and Intrinsic Motivation: Basketball Teaching for Pupil,2023,PubMed/Crossref,,8,attention;mental;motivation;motivational,0.2089,0.0485,0.1215,0.0585,0.0362,0.1826,0.0441,0.2998
1478,Game indicators as a basis for optimizing the training process and the preparation of the basketball club team,2023,PubMed/Crossref,,6,attention,0.2054,0.0271,0.2221,0.046,0.0102,0.4236,0.0514,0.0143
1479,General lifestyle factors explain young athletes' mental health more than perceived coach autonomy support: a cross-sectional study on basketball players and gymnasts aged 10-22.,2023,PubMed/Crossref,,6,mental;well-being,0.2559,0.0373,0.1328,0.0171,0.0661,0.394,0.0809,0.0158
1480,Hand Selection in Dribbling Phases: An Analysis of Non-Dominant Hand Usage and Dribble Change in Basketball.,2023,PubMed/Crossref,,1,decision,0.2392,0.2279,0.1484,0.1312,0.0076,0.161,0.023,0.0617
1481,Hot hand or choking under pressure – Evidence from professional basketball,2023,PubMed/Crossref,,4,choking;psychological,0.0673,0.1096,0.2491,0.274,0.0891,0.1134,0.0393,0.0582
1482,"How Fear, Exogeneous Shocks and Leadership Impact Change: The Case of Economic Models of the French Men’s Professional Basketball Clubs",2023,PubMed/Crossref,,6,fear;leadership,0.0942,0.0917,0.0809,0.1141,0.0143,0.5404,0.012,0.0523
1483,Impacts of mental fatigue and sport specific film sessions on basketball shooting tasks.,2023,PubMed/Crossref,,2,cognitively;mental;motivation,0.1607,0.2235,0.1624,0.1239,0.0133,0.1751,0.1013,0.0399
1484,Improve Basketball Shoothing Skills With The Target Method,2023,PubMed/Crossref,,1,motivation,0.3412,0.025,0.2108,0.0242,0.0127,0.082,0.0657,0.2384
1485,Influence of Menstrual Cycle on Internal and External Load in Professional Women Basketball Players.,2023,PubMed/Crossref,,1,psychological,0.3383,0.1504,0.1615,0.145,0.0654,0.1155,0.0088,0.0151
1486,"Influences of Physical, Environment, Task, Timing, Learning, Emotion, Perspective (PETTLEP) Intervention on Psychological Resilience, Psychological Skills, Anxiety and Depression of Athletes.",2023,PubMed/Crossref,,6,anxiety;attention;cognitive;depression;emotion;imagery;psychological;resilience,0.2603,0.0607,0.1866,0.0273,0.1638,0.269,0.0117,0.0207
1487,Infrastructure of Basketball Players Examination of Ethical Decision-Making Attitudes,2023,PubMed/Crossref,,8,attitudes;decision-making,0.1669,0.0696,0.0238,0.1282,0.0116,0.1703,0.083,0.3467
1488,Integral development of coordination and cognitive abilities of young basketball players 6-7 years old,2023,PubMed/Crossref,,1,cognitive,0.4051,0.0714,0.0681,0.1363,0.0209,0.2501,0.0174,0.0306
1489,Intervention study of tai chi training on the intestinal flora of college student basketball players.,2023,PubMed/Crossref,,1,attention,0.4281,0.1008,0.1474,0.094,0.105,0.0598,0.0075,0.0574
1490,Investigating the effects of athlete-reported pre-training well-being and recovery on subsequent training loads in basketball players.,2023,PubMed/Crossref,,2,mood;stress;well-being,0.0933,0.5643,0.1689,0.0152,0.0079,0.098,0.0067,0.0456
1491,"Investigation of Changes in Blood Lactate, Attention and Reaction Times during Competition in Wheelchair Basketball Players",2023,PubMed/Crossref,,1,attention,0.3277,0.191,0.1118,0.0551,0.0894,0.1604,0.0238,0.0407
1492,Is coaches' perceived team performance associated with their intentions to persist in coaching? The mediating role of coaches' psychological needs and motivation.,2023,PubMed/Crossref,,8,motivation;motivational;psychological;satisfaction,0.0939,0.0706,0.0694,0.0888,0.0102,0.2963,0.0086,0.3621
1493,Modifying a Rubber Ball (Pentul) as an Auxiliary Media for Children's Learning Motivation in Playing Basketball in Corner Learning in Class VI of SD Negeri 79 South Bengkulu for the 2020/2021 Academic Year,2023,PubMed/Crossref,,1,motivation,0.5073,0.02,0.0254,0.0414,0.0102,0.0926,0.0086,0.2944
1494,Motion capture method for college basketball training based on AR/VR technology,2023,PubMed/Crossref,,1,cognition,0.4017,0.0164,0.0848,0.1062,0.0263,0.0906,0.26,0.0138
1495,Nap improved game-related technical performance and physiological response during small-sided basketball game in professional players.,2023,PubMed/Crossref,,2,anxiety;mood,0.1709,0.3039,0.1432,0.0203,0.2005,0.0695,0.0566,0.0352
1496,Perceptions of Physical Therapy and The Role of Physical Therapists In Injury Prevention Among Professional Basketball Players: A Qualitative Study.,2023,PubMed/Crossref,,1,expertise,0.2913,0.0652,0.2024,0.1867,0.0131,0.1481,0.0722,0.021
1497,Physical Attributes and Psychological Characteristics of Basketball Players Towards Creation of a Wellness Program,2023,PubMed/Crossref,,6,anxiety;attentional;confidence;motivation;psychological;well-being,0.1898,0.0235,0.1593,0.1058,0.0188,0.393,0.0216,0.088
1498,Predicting scoring trends in basketball games based on multivariate time series analysis,2023,PubMed/Crossref,,1,attention,0.4002,0.0394,0.23,0.1294,0.0096,0.0662,0.1115,0.0138
1499,Predictor of Tripartite Efficacy Perception in Basketball Players: Perfectionism,2023,PubMed/Crossref,,2,perception;self-efficacy,0.0602,0.2906,0.0919,0.1338,0.0426,0.2294,0.0115,0.14
1500,Prevalence and risk factors of chronic low back pain in university athletes: a cross-sectional study.,2023,PubMed/Crossref,,4,anxiety;depression,0.2208,0.0951,0.0389,0.2869,0.1642,0.0869,0.0099,0.0972
1501,Primary repair of complete Achilles tear augmented with amnion allograft wrap in college basketball player with a history of contralateral Achilles rupture: a case report.,2023,PubMed/Crossref,,7,stress,0.1175,0.2123,0.0384,0.1742,0.2029,0.025,0.2166,0.0131
1502,Progressing On-Court Rehabilitation After Injury: The Control-Chaos Continuum Adapted to Basketball.,2023,PubMed/Crossref,,1,decision,0.2961,0.0346,0.1482,0.203,0.008,0.0946,0.2006,0.0149
1503,Recovery Methods in Basketball: A Systematic Review.,2023,PubMed/Crossref,,2,mindfulness;psychological,0.2033,0.3469,0.0455,0.1199,0.0728,0.1254,0.0067,0.0795
1504,"Recreational 3 × 3 basketball elicits higher heart rate, enjoyment, and physical activity intensities but lower blood lactate and perceived exertion compared to HIIT in active young adults.",2023,PubMed/Crossref,,1,psychological,0.3619,0.3512,0.0684,0.0218,0.1106,0.0587,0.0097,0.0177
1505,Relevance and Effectiveness of Combined Resistance and Balance Training to Improve Balance and Muscular Fitness in Healthy Youth and Youth Athletes: A Scoping Review.,2023,PubMed/Crossref,,3,expertise,0.298,0.0226,0.3244,0.0474,0.1092,0.1523,0.0029,0.0432
1506,Research on the design and application of “MOOC + flipped classroom” for basketball courses in colleges and universities from the perspective of education modernization,2023,PubMed/Crossref,,8,attention;engagement,0.0838,0.0126,0.0147,0.0147,0.0064,0.0333,0.0054,0.8291
1507,Salivary Testosterone and Cortisol Changes During a Game in Professional Male Basketball Players.,2023,PubMed/Crossref,,2,stress,0.1632,0.4515,0.1142,0.0348,0.0985,0.0505,0.0619,0.0253
1508,SELF TALK DAN IMAGERY: PENGARUHNYA TERHADAP KONSENTRASI DAN KEMAMPUAN SHOOTING FREE THROW,2023,PubMed/Crossref,,1,imagery;self,0.4288,0.0494,0.2711,0.0479,0.0797,0.0655,0.0212,0.0363
1509,SELF-TALK ON SPORT PERFORMANCE AND SELECTED PSYCHOLOGICAL VARIABLES: A SYSTEMATIC REVIEW,2023,PubMed/Crossref,,1,attention;motivational;psychological;psychology;self-talk,0.5143,0.1031,0.065,0.0275,0.1428,0.0859,0.0102,0.0511
1510,Sonification of Motor Imagery in the Basketball Jump Shot: Effect on Muscle Activity Amplitude,2023,PubMed/Crossref,,1,imagery;mental,0.4214,0.0261,0.1789,0.0602,0.1545,0.0371,0.0399,0.0818
1511,"Sport Fan Motivation: A Comparison of Local, Nonlocal, and Distant National Basketball Association Fans in the United States and China",2023,PubMed/Crossref,,3,motivation;motivational;motivations;psychological,0.1921,0.0351,0.3846,0.0706,0.0175,0.0995,0.0166,0.184
1512,Sports competition tactical analysis model of cross-modal transfer learning intelligent robot based on Swin Transformer and CLIP.,2023,PubMed/Crossref,,1,perception,0.4562,0.0519,0.1535,0.063,0.0064,0.1106,0.1487,0.0098
1513,Sports injury early warning of basketball players based on RBF neural network algorithm,2023,PubMed/Crossref,,4,decision,0.2313,0.0424,0.0277,0.3039,0.0075,0.1521,0.2241,0.0109
1514,Sports participation in chronic immune thrombocytopenia: Safer than you thought?,2023,PubMed/Crossref,,4,decision-making,0.1757,0.0931,0.0215,0.3943,0.0581,0.1723,0.0537,0.0314
1515,Studi Deskriptif mengenai Mental Toughness pada Atlet Bola Basket Porda 2022,2023,PubMed/Crossref,,7,mental;stress,0.1292,0.1194,0.0299,0.1477,0.0578,0.116,0.3707,0.0293
1516,STUDY OF MUSCLE SYSTEM TENSION OF WHEELCHAIR BASKETBALL PLAYERS,2023,PubMed/Crossref,,1,attention,0.2461,0.1454,0.0843,0.0524,0.2266,0.136,0.0379,0.0713
1517,Substantiation of strategies for individual psychological support of basketball players,2023,PubMed/Crossref,,1,perception;psychological,0.3375,0.0677,0.1143,0.0355,0.0091,0.2602,0.03,0.1456
1518,Survey of Interest and Motivation in Playing Basketball in Students of SMK Negeri 1 Indralaya Selatan,2023,PubMed/Crossref,,8,attitude;motivation,0.1184,0.0627,0.2064,0.0246,0.0096,0.0797,0.0085,0.4901
1519,Talent Identification in Youth Basketball: Talent Scouts’ Perceptions of the Key Attributes for Athlete Development,2023,PubMed/Crossref,,6,decision-making;psychological,0.0723,0.0219,0.0772,0.0316,0.0315,0.577,0.1741,0.0144
1520,"Teamwork and Decision Making among Basketball Referees: The 3PO Principle, Refereeing Level, and Experience.",2023,PubMed/Crossref,,1,decision;decision-making;decisions,0.3394,0.0661,0.0842,0.1101,0.0413,0.1593,0.0676,0.132
1521,"The ""Bubble"": What Can Be Learned from the National Basketball Association (NBA)'s 2019-20 Season Restart in Orlando during the COVID-19 Pandemic.",2023,PubMed/Crossref,,4,decision-making;mental,0.2094,0.2005,0.0628,0.2609,0.009,0.1726,0.027,0.0577
1522,The Application of Artificial Intelligence and Big Data Technology in Basketball Sports Training,2023,PubMed/Crossref,,1,attention;cognition,0.399,0.0732,0.1872,0.0688,0.0258,0.0904,0.1436,0.0121
1523,The benefits of nature exposure: The need for research that better informs implementation.,2023,PubMed/Crossref,,6,emotional;psychological;well-being,0.203,0.1909,0.0867,0.1094,0.0088,0.3426,0.0456,0.0129
1524,The Communication Approach Employed By The Coach and Students In Training and Developing The Potential of Student Basketball Athletes at DBL Academy Basketball,2023,PubMed/Crossref,,6,emotional,0.2834,0.0404,0.0531,0.103,0.0098,0.3308,0.0086,0.1709
1525,The effect of a basketball game on balance ability: A study using a dual task paradigm.,2023,PubMed/Crossref,,1,cognitive,0.5416,0.2076,0.0626,0.0826,0.01,0.0261,0.0306,0.0389
1526,The Effect of a Counseling Program Based on Psychological Flow in Learning Some Basic Skills in Basketball for Students of the Faculty of Physical Education and Sports Sciences,2023,PubMed/Crossref,,8,attention;psychological;psychology,0.2363,0.0178,0.1486,0.042,0.0054,0.2101,0.0047,0.3351
1527,The Effect of a Strength and Conditioning Protocol on NCAA Division 1 Women's Basketball Players' Mental Toughness.,2023,PubMed/Crossref,,6,mental;perception,0.1843,0.0528,0.2304,0.0324,0.0131,0.3677,0.0693,0.05
1528,The Effect of Anxiety of Catching Coronavirus on Diet and Sleep Quality in Female National Basketball Players of Different Age Groups,2023,PubMed/Crossref,,2,anxiety,0.0889,0.3146,0.0436,0.1189,0.227,0.1567,0.0187,0.0316
1529,"The Effect of Classical Music on Two Sports Skills, Agility and Quick Penalty Shot, in Female Basketball Players",2023,PubMed/Crossref,,5,psychological,0.2167,0.0752,0.2236,0.0549,0.227,0.1597,0.0154,0.0275
1530,The Effect of Imagery Training and Kinesthetic Perception on Zero-step Lay Up Shoot and Free-throw in Basketball Skills in Extracurricular Students of SMAN 2 Nganjuk,2023,PubMed/Crossref,,3,imagery;perception,0.1014,0.1827,0.387,0.0272,0.0144,0.2541,0.0123,0.0208
1531,The Effect Of Imagery Training On The Accuracy Of Free Throws In Basketball Players In Terms Of Concentration,2023,PubMed/Crossref,,3,imagery,0.3452,0.0114,0.3984,0.0257,0.1778,0.0197,0.0048,0.017
1532,The Effect of Mindfulness Intervention on the Psychological Skills and Shooting Performances in Male Collegiate Basketball Athletes in Macau: A Quasi-Experimental Study.,2023,PubMed/Crossref,,3,anxiety;attention;coping;mindfulness;psychological,0.2014,0.2317,0.3156,0.0959,0.0431,0.0403,0.0115,0.0605
1533,The Effectiveness of Computer Aided Video Modeling in Teaching Basic Basketball Movements to Individuals with Down Syndrome.,2023,PubMed/Crossref,,8,confidence,0.177,0.1056,0.0607,0.1008,0.0509,0.2065,0.0083,0.2901
1534,The Influence of Acute Sprint Interval Training on the Cognitive Performance of Male Basketball Players: An Investigation of Expertise-Related Differences.,2023,PubMed/Crossref,,1,cognitive;expertise,0.2461,0.2453,0.1616,0.0347,0.0182,0.1712,0.0966,0.0263
1535,"The Influence Of Hand Reaction Speed, Agility And Motivation on The Ability To Drible The Ball In Basketball Games For Students SMK Telkom Makassar",2023,PubMed/Crossref,,1,motivation,0.2771,0.1843,0.1908,0.085,0.0447,0.1162,0.0376,0.0644
1536,The Moderating Effect of Athletes’ Personal Values on the Relationship between Coaches’ Leadership Behaviors and the Personal and Social Skills of Young Basketball Players,2023,PubMed/Crossref,,6,leadership;motivation,0.1527,0.0215,0.0507,0.134,0.0109,0.4567,0.0092,0.1643
1537,The Psychological Endurance and its Relationship to some Components of Compound Physical Fitness for Female Players Iraqi Basketball League,2023,PubMed/Crossref,,3,attention;psychological,0.2456,0.0454,0.3972,0.0435,0.0104,0.2305,0.0088,0.0185
1538,The relationship between response speed and peaceful shooting skills among female basketball players,2023,PubMed/Crossref,,1,decision;motor,0.5474,0.0276,0.0627,0.0252,0.1266,0.0898,0.011,0.1097
1539,The Relevance of General Spatial Anticipation Skills for Basketball Referees,2023,PubMed/Crossref,,3,cognitive;expertise;perceptual,0.3443,0.025,0.4113,0.0242,0.0585,0.0453,0.0382,0.0532
1540,The Role of Passion in Self-Oriented Versus Team-Oriented Decision-Making in Team Sports.,2023,PubMed/Crossref,,7,decision;decision-making;decisions,0.2623,0.0373,0.0421,0.1224,0.019,0.0546,0.3276,0.1347
1541,The role of peripheral vision during decision-making in dynamic viewing sequences.,2023,PubMed/Crossref,,1,anxiety;decision-making;mental,0.3863,0.0464,0.1445,0.1422,0.1164,0.1098,0.0095,0.0449
1542,Topical cannabidiol is well tolerated in individuals with a history of elite physical performance and chronic lower extremity pain.,2023,PubMed/Crossref,,4,attention,0.212,0.1604,0.0924,0.3219,0.0429,0.0979,0.0068,0.0657
1543,Translation and cross-cultural adaptation of the modified Short QUestionnaire to Assess Health-enhancing physical activity (mSQUASH) into Turkish.,2023,PubMed/Crossref,,7,cognitive,0.197,0.1565,0.0946,0.0996,0.018,0.0527,0.1977,0.184
1544,Travel related changes in performance and physiological markers: the effects of eastward travel on female basketball players.,2023,PubMed/Crossref,,3,stress,0.115,0.1436,0.2024,0.1064,0.162,0.0992,0.0959,0.0754
1545,Understanding volunteer motivations and concerns in coaching and officiating basketball: implications for sport policy,2023,PubMed/Crossref,,2,decision;motivations,0.2665,0.3183,0.0627,0.0171,0.0223,0.1306,0.0094,0.1731
1546,Upper-body isometric horizontal strength in game sport athletes.,2023,PubMed/Crossref,,3,expertise,0.2541,0.1154,0.3408,0.0546,0.0581,0.1519,0.0093,0.0159
1547,Using Rational Emotive Behavior Therapy to Improve Psychological Adaptation among Future Coaches in the Post-Pandemic Era.,2023,PubMed/Crossref,,1,emotional;psychological,0.3018,0.0691,0.0958,0.2206,0.0345,0.1223,0.0092,0.1468
1548,Virtual reality and motor imagery for early post-stroke rehabilitation.,2023,PubMed/Crossref,,1,imagery,0.3678,0.0869,0.175,0.1439,0.0059,0.0807,0.1158,0.024
1549,Visual Information in Basketball Jump-Shots: Differences between Youth and Adult Athletes.,2023,PubMed/Crossref,,1,attention,0.4717,0.0419,0.1179,0.0193,0.1258,0.2016,0.0084,0.0133
1550,West Sumatra Basketball Coaches Capacity Improvement In Making Physical and Mental Training Programs for Athletes,2023,PubMed/Crossref,,1,attention;imagery;mental,0.3412,0.114,0.1085,0.0577,0.0116,0.2936,0.0322,0.0411
1551,"Wheelchair basketball, health, competitive analysis, and performance advantage: a review of theory and evidence.",2023,PubMed/Crossref,,3,anxiety;depression;emotional;motivate;psychological,0.1354,0.0817,0.2579,0.2018,0.1079,0.1856,0.0113,0.0183
1552,Youth Basketball Athlete’s Anxiety When Competing Based on Gender,2023,PubMed/Crossref,,6,anxiety,0.1379,0.151,0.1038,0.0507,0.1055,0.2721,0.0649,0.1141
1553,Zone defense exercises to develop agility and balance and their impact on the offensive skills of wheelchair basketball players,2023,PubMed/Crossref,,1,attention,0.3877,0.0617,0.1465,0.0632,0.0112,0.2578,0.0085,0.0634
1554,"""We were always doing something outside. … I had a wonderful, wonderful life"": U.S. Indigenous peoples' subsistence, physical activity, and the natural world.",2022,PubMed/Crossref,,1,mental;resilience,0.2437,0.0231,0.1086,0.2291,0.0117,0.2157,0.0353,0.1329
1555,A comparison between ecological-dynamic and cognitive approach to improve accuracy in basketball shot,2022,PubMed/Crossref,,8,cognitive,0.3244,0.0784,0.1257,0.0558,0.0135,0.0512,0.0142,0.3369
1556,A Comparison of 5v5 and 3x3 Men's Basketball Regarding Shot Selection and Efficiency.,2022,PubMed/Crossref,,3,decision-making;decisions,0.166,0.1123,0.3207,0.1589,0.0104,0.1624,0.0543,0.0151
1557,A Moderated Mediation Analysis of the Effects of the COVID-19 Pandemic on Well-Being and Sport Readiness of Italian Team Sports Players: The Role of Perceived Safety of the Training Environment.,2022,PubMed/Crossref,,6,fear;psychological;well-being,0.0424,0.0201,0.2447,0.1278,0.0596,0.3376,0.1501,0.0176
1558,A randomized controlled trial concerning the implementation of the postural Mézières treatment in elite athletes with low back pain.,2022,PubMed/Crossref,,4,attention;emotional,0.1784,0.1856,0.1555,0.2025,0.1096,0.0681,0.0848,0.0155
1559,Absence of Injury Is Not Absence of Pain: Prevalence of Preseason Musculoskeletal Pain and Associated Factors in Collegiate Soccer and Basketball Student Athletes.,2022,PubMed/Crossref,,4,perception,0.0815,0.0831,0.0615,0.4112,0.0099,0.253,0.0643,0.0355
1560,Adaptive Sports in Spinal Cord Injury: a Systematic Review.,2022,PubMed/Crossref,,1,psychological,0.2989,0.039,0.2063,0.1343,0.0886,0.2068,0.0078,0.0183
1561,"Age of Early Specialization, Competitive Volume, Injury, and Sleep Habits in Youth Sport: A Preliminary Study of US Youth Basketball.",2022,PubMed/Crossref,,6,attention;burnout;mental;psychological;well-being,0.0456,0.1149,0.1051,0.1717,0.0487,0.4108,0.0074,0.0959
1562,Alcohol-related Visual Attention Disorders on Hand-Eye Coordination Failure in Basketball Players,2022,PubMed/Crossref,,1,attention,0.5536,0.1737,0.1005,0.0342,0.0163,0.0797,0.0137,0.0283
1563,Analysis of Progressive Muscle Relaxation on Psychophysiological Variables in Basketball Athletes.,2022,PubMed/Crossref,,3,anxiety;burnout;cognitive;mood;psychological;stress;stressed,0.0975,0.1745,0.2981,0.0514,0.2029,0.1216,0.0332,0.0209
1564,Analysis of the Effect of the Stability of Athletes' Psychological Quality on Sports Basketball Games.,2022,PubMed/Crossref,,1,mental;psychological;psychology,0.258,0.2479,0.0477,0.0333,0.0534,0.1709,0.0508,0.1381
1565,Analysis of the psychophysiological state of Ukrainian basketball players,2022,PubMed/Crossref,,6,confidence;emotional;psychological,0.1541,0.0323,0.2982,0.0664,0.0158,0.328,0.0473,0.0579
1566,Application of motor learning and neuroscience knowledge in basketball training: case report of an under-13 winner team of the Brazilian and Sulamerican championships,2022,PubMed/Crossref,,1,motor,0.368,0.0798,0.2981,0.026,0.014,0.1056,0.0403,0.0681
1567,Basketball self training shooting posture recognition and trajectory estimation using computer vision and Kalman filter,2022,PubMed/Crossref,,1,cognition,0.2982,0.076,0.1426,0.0541,0.0862,0.0982,0.2323,0.0125
1568,Case Report: Training Monitoring and Performance Development of a Triathlete With Spinal Cord Injury and Chronic Myeloid Leukemia During a Paralympic Cycle.,2022,PubMed/Crossref,,1,stress,0.2877,0.2125,0.1236,0.2276,0.0065,0.0835,0.0056,0.0532
1569,"Coach-athlete relationship, team cohesion and motivation in Brazilian youth athletes: a cluster analysis",2022,PubMed/Crossref,,6,cohesion;motivating;motivation,0.1098,0.1385,0.0705,0.0249,0.0131,0.289,0.1525,0.2018
1570,Cognitions That Support Concussion Reporting in Collegiate Athletes: An Analysis of a Worksheet Activity.,2022,PubMed/Crossref,,6,cognitions,0.2091,0.0395,0.0539,0.1755,0.1827,0.2386,0.0301,0.0706
1571,Comparing the effect of a simulated defender and dual-task on lower limb coordination and variability during a side-cut in basketball players with and without anterior cruciate ligament injury.,2022,PubMed/Crossref,,1,attention,0.5297,0.0779,0.0525,0.1826,0.011,0.0646,0.0672,0.0145
1572,"Comparing the Effects of Differential Learning, Self-Controlled Feedback, and External Focus of Attention Training on Biomechanical Risk Factors of Anterior Cruciate Ligament (ACL) in Athletes: A Randomized Controlled Trial.",2022,PubMed/Crossref,,1,attention,0.353,0.06,0.1313,0.2692,0.0141,0.0361,0.1072,0.0291
1573,COMPARISON OF MENTAL ROTATION AND REACTION TIME PERFORMANCES IN DEAF ATHLETES AND NON-ATHLETES,2022,PubMed/Crossref,,1,cognitive;mental;perceptual,0.419,0.057,0.0242,0.1023,0.2841,0.0413,0.0097,0.0625
1574,Conceptual Study regarding the Effect of Cognitive Anxiety and Self-confidence on the Performance of Basketball and Volleyball Players,2022,PubMed/Crossref,,6,anxiety;cognitive;confidence;coping,0.1571,0.0411,0.1835,0.0922,0.1211,0.3334,0.0449,0.0267
1575,"Confidence, Motivation, and Anxiety; Does it Affect the Performance of Basketball Athletes?",2022,PubMed/Crossref,,8,anxiety;confidence;motivation;motivational,0.0699,0.2131,0.1754,0.0914,0.0869,0.0451,0.0137,0.3045
1576,"Context of injury prevention strategies in Swiss basketball: survey of athletes, medical staff and coaches.",2022,PubMed/Crossref,,6,attitude;attitudes;motivation,0.1365,0.0611,0.1228,0.1415,0.0088,0.3211,0.0265,0.1816
1577,Current Sport Organization Guidelines From the AMSSM 2019 Youth Early Sport Specialization Research Summit.,2022,PubMed/Crossref,,6,psychological;well-being,0.1392,0.2676,0.0695,0.105,0.0496,0.2781,0.0054,0.0855
1578,Design of Basketball Player Training Action Error Correction System Based on Convolutional Neural Network Algorithm,2022,PubMed/Crossref,,1,cognition,0.4499,0.0387,0.1031,0.0916,0.0243,0.0912,0.1578,0.0433
1579,Design of Intelligent Perception Module Based on Wireless Sensor Network and Basketball Sports Attitude,2022,PubMed/Crossref,,1,attention;attitude;cognition;perception,0.4124,0.0501,0.0206,0.0924,0.0074,0.0673,0.3131,0.0368
1580,Determinant Factors of Achievement Motivation in School Physical Education.,2022,PubMed/Crossref,,8,anxiety;motivation;motivational;stress,0.2867,0.0315,0.036,0.0135,0.0214,0.1042,0.0208,0.4859
1581,Development of coordination and cognitive abilities during training of primary school age basketball players,2022,PubMed/Crossref,,1,cognitive,0.339,0.0499,0.0626,0.0493,0.0252,0.2655,0.0212,0.1874
1582,"Differences in Weekly Training Load, Well-Being, and Hormonal Responses between European- and National-Level Professional Male Basketball Players during the Pre-Season Phase.",2022,PubMed/Crossref,,2,mood;stress;well-being,0.1244,0.3576,0.2976,0.029,0.114,0.0427,0.0128,0.022
1583,Dynamic Interactive Model of Sport Motivation.,2022,PubMed/Crossref,,8,cognitive;motivation;motivational;satisfaction;self-efficacy,0.1133,0.0575,0.0255,0.2111,0.0894,0.0379,0.0094,0.4558
1584,Efecto de la práctica de actividad física gamificada en el estado de ánimo de jugadoras de baloncesto en etapa de confinamiento (Effect of gamified physical activity practice on the mood of female basketball players in confinement stage),2022,PubMed/Crossref,,3,emotional;mental;mood,0.1273,0.1378,0.3749,0.0522,0.0127,0.1261,0.0107,0.1583
1585,Efectos de la práctica en variabilidad sobre la autoeficacia y el rendimiento en el lanzamiento en baloncesto (Effects of variability of practice on self-efficacy and performance in basketball throwing),2022,PubMed/Crossref,,1,motor;perception;perceptual;psychological;self-efficacy,0.3639,0.1367,0.1875,0.0415,0.0059,0.0885,0.0047,0.1713
1586,"Effect of Beta-Alanine Supplementation on Exercise-Induced Cell Damage and Lactate Accumulation in Female Basketball Players: A Randomized, Double-Blind Study.",2022,PubMed/Crossref,,1,attention,0.4135,0.1464,0.0985,0.0721,0.1106,0.0794,0.0097,0.0698
1587,"Effect of combined exercises on mental, physical, and dribbling skills in young wheelchair basketball players",2022,PubMed/Crossref,,1,attention;mental;perceptual,0.4757,0.0275,0.1012,0.0975,0.014,0.1317,0.0422,0.11
1588,effect of compound exercises on the performance of some offensive skills for junior basketball,2022,PubMed/Crossref,,1,attention,0.5055,0.0322,0.1195,0.0399,0.0163,0.2096,0.0138,0.0632
1589,Effect of Exercise Intervention on Internet Addiction and Autonomic Nervous Function in College Students.,2022,PubMed/Crossref,,1,depression;mood,0.3635,0.1884,0.0662,0.022,0.0613,0.0741,0.0097,0.2148
1590,Effects of Combined Plyometric and Shooting Training on the Biomechanical Characteristics during the Made Jump Shot in Young Male Basketball Players.,2022,PubMed/Crossref,,3,attention,0.2985,0.02,0.5291,0.0776,0.0102,0.0417,0.0095,0.0134
1591,Effects of Interactive Music Tempo with Heart Rate Feedback on Physio-Psychological Responses of Basketball Players.,2022,PubMed/Crossref,,2,psychological,0.1893,0.2521,0.0809,0.1228,0.1951,0.0482,0.0432,0.0684
1592,Effects of Mindfulness for Performance Programme on Actual Performance in Ecological Sport Context: Two Studies in Basketball and Table Tennis.,2022,PubMed/Crossref,,1,attention;attentional;mindfulness;stress,0.2521,0.2276,0.1446,0.0949,0.0323,0.1126,0.0078,0.1282
1593,"Enhanced Bone Size, Microarchitecture, and Strength in Female Runners with a History of Playing Multidirectional Sports.",2022,PubMed/Crossref,,7,stress,0.1887,0.2009,0.0545,0.099,0.0502,0.0621,0.3043,0.0404
1594,Epidemiological Characteristics of Patients Operated for Achilles Tendon Rupture in Shanghai.,2022,PubMed/Crossref,,1,attention,0.3303,0.1022,0.0263,0.3206,0.0483,0.1,0.0586,0.0136
1595,Epidemiology of Concussions in National Collegiate Athletic Association (NCAA) Sports: 2014/15-2018/19.,2022,PubMed/Crossref,,4,attention,0.1481,0.0651,0.0604,0.4988,0.0401,0.1106,0.0661,0.0108
1596,Evaluation of Competitive Performance Ability of Basketball Players Based on Hybrid Model,2022,PubMed/Crossref,,2,psychological,0.2093,0.2736,0.0656,0.1016,0.0163,0.2611,0.0137,0.0588
1597,Evaluation of differences in the performance strategies of top and bottom basketball teams utilizing rank-sum ratio comprehensive.,2022,PubMed/Crossref,,6,attention;confidence,0.1239,0.0269,0.1973,0.0933,0.006,0.5124,0.0183,0.0219
1598,Experiences of athletes with arrhythmogenic cardiac conditions in returning to play.,2022,PubMed/Crossref,,1,decision-making,0.2981,0.1308,0.0831,0.1339,0.0345,0.2153,0.0369,0.0673
1599,Feasibility Study on Virtual Reality Based Basketball Tactic Training.,2022,PubMed/Crossref,,1,imagery,0.5748,0.0528,0.1675,0.0293,0.0353,0.0552,0.0444,0.0406
1600,Fighting with their back to the wall: An analysis of one-sided elimination games in National Basketball Association (NBA) playoffs.,2022,PubMed/Crossref,,5,choking,0.1531,0.153,0.0925,0.0412,0.2558,0.2541,0.0182,0.032
1601,Fine-Grained Video Captioning via Graph-based Multi-Granularity Interaction Learning.,2022,PubMed/Crossref,,1,attention,0.3573,0.0198,0.0748,0.1463,0.0084,0.1052,0.2744,0.0138
1602,"High Dose of Acute Normobaric Hypoxia Does Not Adversely Affect Sprint Interval Training, Cognitive Performance and Heart Rate Variability in Males and Females.",2022,PubMed/Crossref,,2,cognitive,0.2136,0.5215,0.0621,0.0703,0.0793,0.0284,0.0092,0.0157
1603,"Home-based training program during the SARS-CoV-2 quarantine: training load, motivation, and wellbeing in professional elite female basketball players.",2022,PubMed/Crossref,,2,emotional;motivation;wellbeing,0.1153,0.3865,0.2413,0.0242,0.0127,0.0331,0.031,0.1559
1604,How Self-Perception and Parental Involvement Correlate to Enjoyment in Playing Basketball,2022,PubMed/Crossref,,6,perception;psychological,0.2119,0.0533,0.2238,0.0655,0.0124,0.3501,0.0114,0.0717
1605,Impact of Basketball Match on the Pre-Competitive Anxiety and HRV of Youth Female Players.,2022,PubMed/Crossref,,5,anxiety;cognitive,0.1295,0.2235,0.0603,0.028,0.3591,0.167,0.0127,0.02
1606,Improving creativy and learning motivation in basketball through tactical approach,2022,PubMed/Crossref,,8,motivation,0.0724,0.0733,0.1326,0.0701,0.0901,0.0493,0.0133,0.4989
1607,INDICATORS OF PHYSICAL ACTIVITY IN THE YOUTH.,2022,PubMed/Crossref,,8,confidence;motivation,0.1689,0.0406,0.1655,0.1235,0.0059,0.1502,0.0309,0.3145
1608,Influence Mechanisms of Community Sports Parks to Enhance Social Interaction: A Bayesian Belief Network Analysis.,2022,PubMed/Crossref,,2,attention;well-being,0.1027,0.3252,0.1665,0.1441,0.0082,0.1873,0.0317,0.0344
1609,"Influence of Ingestion of Eicosapentaenoic Acid-Rich Fish Oil on Oxidative Stress at the Menstrual Phase: A Randomized, Double-Blind, Placebo-Controlled, Parallel-Group Trial.",2022,PubMed/Crossref,,1,stress,0.2938,0.1725,0.0896,0.074,0.1871,0.0544,0.0293,0.0992
1610,"Influence of “Sneznik-1/79” Mineral Water on Anthropometric, Functional and Biochemical Parameters of Professional Basketball Players: Role of Oxidative Stress",2022,PubMed/Crossref,,2,stress,0.2642,0.3043,0.1431,0.0378,0.0118,0.1866,0.0099,0.0423
1611,Injuries in Wheelchair Basketball Players: A Systematic Review.,2022,PubMed/Crossref,,4,psychological,0.2041,0.2039,0.0401,0.2621,0.0715,0.1426,0.0121,0.0636
1612,Integral development of coordination and cognitive abilities of basketball players in groups of initial training,2022,PubMed/Crossref,,1,cognitive,0.5504,0.0663,0.1016,0.0305,0.1028,0.1116,0.0135,0.0234
1613,Inter-distance differences in aiming error and visual perception influence shooting performance in basketball,2022,PubMed/Crossref,,1,perception,0.4443,0.0237,0.1723,0.0847,0.0137,0.2059,0.011,0.0443
1614,Interscholastic Athletics and Bone Strength: The Iowa Bone Development Study.,2022,PubMed/Crossref,,7,stress,0.1596,0.1419,0.1817,0.0607,0.0337,0.104,0.2435,0.0749
1615,Investigating External and Internal Loads in Male Older Adult Basketball Players during Official Games.,2022,PubMed/Crossref,,2,motivation,0.2256,0.331,0.1059,0.0304,0.1503,0.0262,0.0084,0.1222
1616,Live Multiattribute Data Mining and Penalty Decision-Making in Basketball Games Based on the Apriori Algorithm.,2022,PubMed/Crossref,,1,decision;decision-making,0.3827,0.1102,0.0578,0.0713,0.0107,0.1759,0.152,0.0395
1617,Love in Basketball: Transforming Inappropriate Power in Men's College Basketball Coaching through a Servant-Led Response and Companionate Love,2022,PubMed/Crossref,,3,emotional;leadership,0.1314,0.0679,0.2299,0.1667,0.0053,0.2231,0.0308,0.145
1618,Machine Learning for Predicting Lower Extremity Muscle Strain in National Basketball Association Athletes.,2022,PubMed/Crossref,,4,decision;decision-making,0.0915,0.061,0.0282,0.3321,0.1446,0.1196,0.1712,0.0517
1619,Mapping Research Trends of Adapted Sport from 2001 to 2020: A Bibliometric Analysis.,2022,PubMed/Crossref,,1,psychology,0.3504,0.0257,0.0577,0.0582,0.0134,0.197,0.1617,0.1358
1620,Metatarsal Bone Marrow Edema on Magnetic Resonance Imaging and Its Correlation to Bone Stress Injuries in Male Collegiate Basketball Players,2022,PubMed/Crossref,,4,stress,0.0373,0.109,0.0243,0.4026,0.0202,0.1211,0.2158,0.0696
1621,Methods on Visual Positioning Based on Basketball Shooting Direction Standardisation,2022,PubMed/Crossref,,1,perception,0.3274,0.0323,0.1844,0.1085,0.0657,0.0224,0.2311,0.0282
1622,Mindfulness-Based Interventions for the Recovery of Mental Fatigue: A Systematic Review.,2022,PubMed/Crossref,,2,attention;mental;mindfulness;psychology,0.2308,0.2455,0.1537,0.0826,0.0568,0.0999,0.0093,0.1214
1623,Mortality Risk from Neurodegenerative Disease in Sports Associated with Repetitive Head Impacts: Preliminary Findings from a Systematic Review and Meta-Analysis.,2022,PubMed/Crossref,,4,psychological,0.1793,0.1001,0.0373,0.4272,0.0797,0.0501,0.0233,0.1028
1624,Multidirectional basketball activities load different regions of the tibia: A subject-specific muscle-driven finite element study.,2022,PubMed/Crossref,,1,stress,0.3333,0.1431,0.0259,0.1325,0.0244,0.0191,0.3113,0.0104
1625,Olive Oil and Basketball: On Collective Memory and America’s Troubled Alliances with the Philippines and Thailand,2022,PubMed/Crossref,,4,emotion;identity,0.1615,0.0298,0.0906,0.2363,0.1689,0.1389,0.1411,0.0329
1626,On-the-Spot Decision-Making System of Basketball Game Based on Data Mining Algorithm,2022,PubMed/Crossref,,1,decision;decision-making,0.5077,0.1425,0.052,0.0594,0.0083,0.1531,0.0325,0.0444
1627,"OXYGEN EXERCISES AND THEIR EFFECT ON PSYCHOLOGICAL COMPATIBILITY، SOME FUNCTIONAL INDICATORS, CONCENTRATION OF BETA-ENDORPHINS AND BASIC SKILLS OF AL-KARKH JUNIOR BASKETBALL TEAM PLAYERS",2022,PubMed/Crossref,,6,psychological,0.2523,0.1139,0.2182,0.0242,0.0129,0.292,0.0657,0.0208
1628,Parameter Optimization and State Evaluation of Basketball Teaching Based on BPNN,2022,PubMed/Crossref,,4,cognition,0.1657,0.155,0.0345,0.2386,0.0413,0.1068,0.1808,0.0773
1629,Pattern Recognition Characteristics and Neural Mechanism of Basketball Players’ Dribbling Tactics Based on Artificial Intelligence and Deep Learning,2022,PubMed/Crossref,,1,cognition,0.4691,0.0458,0.0353,0.0925,0.0109,0.2862,0.0421,0.018
1630,Performance After Concussion in National Basketball Association Players.,2022,PubMed/Crossref,,4,attention,0.1238,0.1945,0.0463,0.3601,0.1768,0.0791,0.0072,0.012
1631,Performance prediction of basketball players using automated personality mining with twitter data,2022,PubMed/Crossref,,7,cognitive;personality,0.1943,0.1384,0.2103,0.0625,0.0139,0.1059,0.2516,0.0231
1632,Physical fitness assessment in wheelchair basketball: A mini-review.,2022,PubMed/Crossref,,1,attention,0.2225,0.2193,0.2201,0.1102,0.0391,0.1555,0.0104,0.0228
1633,Player Profiling and Monitoring in Basketball: A Delphi Study of the Most Important Non-Game Performance Indicators from the Perspective of Elite Athlete Coaches.,2022,PubMed/Crossref,,6,psychological,0.1751,0.0801,0.1228,0.0268,0.0077,0.5304,0.019,0.0381
1634,Predictors of Reactive Agility in Early Puberty: A Multiple Regression Gender-Stratified Study.,2022,PubMed/Crossref,,1,cognitive;decision-making;perceptual,0.3486,0.2121,0.2963,0.0235,0.0306,0.0272,0.0066,0.0552
1635,Preparation Method of High Resilience Nonslip Basketball Sole Composite Material,2022,PubMed/Crossref,,1,resilience,0.3554,0.0827,0.0322,0.0476,0.0515,0.1204,0.137,0.1732
1636,Psychological Analysis of Athletes during Basketball Games from the Perspective of Deep Learning,2022,PubMed/Crossref,,1,emotion;psychological,0.2622,0.0378,0.2335,0.0842,0.0381,0.1415,0.0403,0.1625
1637,Psychological Factors in Training of Basketball Players to Improve Their Shooting Accuracy,2022,PubMed/Crossref,,1,attention;confidence;emotion;mental;motivation;psychological,0.4032,0.1085,0.2409,0.0258,0.0135,0.1484,0.0113,0.0485
1638,Psychological Femininity and Masculinity and Motivation in Team Sports.,2022,PubMed/Crossref,,8,engagement;motivation;perception;psychological,0.213,0.1704,0.029,0.1061,0.0138,0.1622,0.0109,0.2946
1639,Quality of Life of Children Engaged in Regular Physical Activities.,2022,PubMed/Crossref,,1,mood,0.5353,0.0264,0.1406,0.1233,0.0202,0.0641,0.0113,0.0787
1640,Real-Time Muscle Activity and Joint Range of Motion Monitor to Improve Shoulder Pain Rehabilitation in Wheelchair Basketball Players: A Non-Randomized Clinical Study.,2022,PubMed/Crossref,,4,stress,0.1658,0.0978,0.0992,0.2967,0.0093,0.0741,0.1977,0.0595
1641,Real-Time Recognition Method of Video Basketball Technical Action Based on Target Detection Algorithm,2022,PubMed/Crossref,,1,cognition,0.6002,0.0381,0.055,0.0821,0.0242,0.0365,0.1528,0.0111
1642,relationship of manifestations of attention in some basketball skills among female students of physical education and sports sciences,2022,PubMed/Crossref,,8,attention,0.2135,0.0257,0.059,0.0262,0.0414,0.1433,0.0675,0.4235
1643,Relationship of training load and wellness status with player’s in-game basketball performance: An automated exploratory data analysis case,2022,PubMed/Crossref,,2,decision-making;psychological;stress,0.1904,0.4456,0.1301,0.0198,0.0503,0.0948,0.0539,0.0151
1644,Relationships between Sex and Adaptation to Physical Exercise in Young Athletes: A Pilot Study.,2022,PubMed/Crossref,,1,stress,0.3981,0.113,0.191,0.051,0.0831,0.1296,0.0099,0.0243
1645,Research on the Recognition Algorithm of Basketball Technical Action Based on BP Neural System,2022,PubMed/Crossref,,1,cognition,0.5356,0.0147,0.0357,0.1013,0.0677,0.1952,0.0394,0.0105
1646,Sense of self-efficacy and the content of energy and nutrients in the diet of elite Polish basketball players,2022,PubMed/Crossref,,1,personality;self-efficacy,0.2362,0.1953,0.0407,0.056,0.0626,0.1696,0.0373,0.2024
1647,SERVANT LEADERSHIP AS AN IMPORTANT CHARACTERISTIC FOR BASKETBALL COACHES AND BUSINESS LEADERS,2022,PubMed/Crossref,,6,leadership,0.1686,0.0457,0.0344,0.2961,0.0259,0.384,0.033,0.0123
1648,Solutions for The Lack of Social Attention on The Chinese Women's Basketball Team,2022,PubMed/Crossref,,1,attention,0.2847,0.065,0.0479,0.2465,0.0337,0.2672,0.0394,0.0156
1649,Sports Medicine Image Modeling for Injury Prevention in Basketball Training.,2022,PubMed/Crossref,,1,attention;emotions,0.4234,0.082,0.1117,0.1407,0.0094,0.074,0.008,0.1507
1650,Sports-Related Brain Injury and Neurodegeneration in Athletes.,2022,PubMed/Crossref,,1,wellbeing,0.2981,0.0603,0.0583,0.1736,0.212,0.1034,0.0397,0.0547
1651,Strategic Self-Talk Assists Basketball Free Throw Performance Under Conditions of Physical Exertion.,2022,PubMed/Crossref,,1,self-talk,0.5067,0.1028,0.2263,0.0315,0.0522,0.0424,0.0137,0.0243
1652,STUDENTS' INTEREST AND MOTIVATION SURVEY ON BASKETBALL EXTRACURRICULAR ACTIVITIES AT SMP NEGERI 5 INDRALAYA UTARA,2022,PubMed/Crossref,,8,motivation,0.1077,0.0635,0.2506,0.0615,0.0098,0.0767,0.0336,0.3967
1653,"Tetanus Vaccination Status and Vaccine Hesitancy in Amateur Basketball Players (Italy, 2020).",2022,PubMed/Crossref,,6,attitudes;motivated;perception;stress,0.0638,0.1785,0.1805,0.2108,0.0296,0.2819,0.0082,0.0467
1654,THE ASSESSMENT OF AGGRESSION AND ANXIETY IN YOUNG BASKETBALL AND HANDBALL PLAYERS,2022,PubMed/Crossref,,6,anxiety;coping;stress,0.1734,0.0262,0.0288,0.2268,0.0697,0.3345,0.011,0.1296
1655,The Contribution Of Emotional Intelligence In Students' Basketball Playing Skills,2022,PubMed/Crossref,,8,emotional,0.207,0.1857,0.1093,0.0347,0.0182,0.1408,0.0154,0.2889
1656,The effect of a counselling program (behavioural-cognitive) in the emotive response and achievement motivation of basketball players,2022,PubMed/Crossref,,1,cognitive;coping;emotion;emotions;motivation;psychological;stress;stressful,0.3518,0.0845,0.0801,0.1096,0.0421,0.2446,0.0676,0.0198
1657,The effect of basketball matches on salivary markers: a systematic review.,2022,PubMed/Crossref,,5,stressful,0.1325,0.2002,0.0879,0.1529,0.2299,0.0936,0.0353,0.0677
1658,THE EFFECT OF EXPLOSIVE MUSCLE POWER IN THE ARMS AND LEGS ON FREE-THROW OUTCOMES IN BASKETBALL PLAYERS,2022,PubMed/Crossref,,1,mental;psychological,0.2947,0.0441,0.1623,0.0203,0.2142,0.0885,0.009,0.1669
1659,The Effect of Using Reactive Agility Exercises with the FITLIGHT Training System on the Speed of Visual Reaction Time and Dribbling Skill of Basketball Players.,2022,PubMed/Crossref,,1,attention,0.376,0.0454,0.3011,0.0479,0.1076,0.0462,0.0106,0.0651
1660,The effects of imagery training on free-throw accuracy among young basketball players,2022,PubMed/Crossref,,3,imagery;mental,0.1481,0.0505,0.6342,0.0304,0.016,0.0494,0.0133,0.058
1661,The Effects of Resistance Training on Physical Fitness and Neuromotor-Cognitive Functions in Adults With Down Syndrome.,2022,PubMed/Crossref,,3,cognitive;mood,0.2284,0.1377,0.3109,0.106,0.0297,0.1152,0.0057,0.0664
1662,The Framing of the National Men’s Basketball Team Defeats in the Eurobasket Championships (2007–2017) by the Greek Press,2022,PubMed/Crossref,,1,attention,0.2534,0.2243,0.0714,0.1356,0.0175,0.1818,0.0527,0.0632
1663,"The Impact of Implementing an Exergame Program on the Level of Reaction Time Optimization in Handball, Volleyball, and Basketball Players.",2022,PubMed/Crossref,,6,cognition;cognitive,0.2218,0.0571,0.0248,0.0437,0.2475,0.3785,0.0097,0.0169
1664,"The influence of ""small private online course + flipped classroom"" teaching on physical education students' learning motivation from the perspective of self-determination theory.",2022,PubMed/Crossref,,8,emotions;motivation;perception;psychological;satisfaction,0.2224,0.0539,0.0533,0.0355,0.0044,0.0355,0.0035,0.5914
1665,The Mediated Effect of Sports Confidence on Competitive State Anxiety and Perceived Performance of Basketball Game.,2022,PubMed/Crossref,,3,anxiety;cognitive;confidence;leadership,0.1195,0.0291,0.33,0.0571,0.0761,0.2628,0.012,0.1133
1666,"The Most Highly Cited Publications on Basketball Originate From English-Speaking Countries, Are Published After 2000, Are Focused on Medicine-Related Topics, and Are Level III Evidence.",2022,PubMed/Crossref,,1,psychology,0.4327,0.0397,0.141,0.186,0.0094,0.0344,0.0936,0.0633
1667,"The Osgood-Schlatter disease: a large clinical series with evaluation of risk factors, natural course, and outcomes.",2022,PubMed/Crossref,,1,stress,0.2137,0.1182,0.0172,0.2065,0.145,0.0877,0.1458,0.066
1668,The role of sport in coping and resilience amongst resettled South Sudanese youth in Australia.,2022,PubMed/Crossref,,6,anxiety;coping;depression;mental;resilience;stressors;wellbeing,0.2024,0.0398,0.0408,0.1688,0.1177,0.3522,0.031,0.0473
1669,The underpinning factors of NBA game-play performance: a systematic review (2001-2020).,2022,PubMed/Crossref,,1,attention,0.2789,0.1026,0.0554,0.1158,0.1655,0.1586,0.0396,0.0837
1670,Three-Dimensional Action Recognition for Basketball Teaching Coupled with Deep Neural Network,2022,PubMed/Crossref,,1,attitude;cognition,0.3765,0.0416,0.1222,0.019,0.0101,0.1176,0.181,0.132
1671,Traditional Chinese Sports under China's Health Strategy.,2022,PubMed/Crossref,,6,cognition,0.1722,0.1236,0.1773,0.0478,0.0383,0.335,0.0861,0.0198
1672,"Training Load, Maturity Timing and Future National Team Selection in National Youth Basketball Players.",2022,PubMed/Crossref,,2,stress,0.1109,0.278,0.2505,0.1213,0.0113,0.1743,0.0336,0.02
1673,"Translation, Linguistic Validation, and Readability of the Spanish Version of the VISA-H Scale in Elite Athletes.",2022,PubMed/Crossref,,1,cognitive,0.2544,0.1959,0.0301,0.144,0.0115,0.1907,0.0344,0.1391
1674,Visual Image Recognition of Basketball Turning and Dribbling Based on Feature Extraction,2022,PubMed/Crossref,,1,cognition,0.3738,0.0586,0.0411,0.2053,0.0491,0.0684,0.174,0.0296
1675,Wearable knee joint fatigue estimating system based on curvature and pressure sensing.,2022,PubMed/Crossref,,1,attention;perception,0.3113,0.1631,0.0235,0.1437,0.0207,0.0791,0.2474,0.0112
1676,“I Didn’t Talk to Anybody”: An Ethnography of Basketball as a Communicative Act of Resilience,2022,PubMed/Crossref,,6,identity;resilience,0.0774,0.0225,0.0246,0.1421,0.0115,0.5223,0.1831,0.0166
1677,"""The Competitive Season and Off-Season"": Preliminary Research concerning the Sport-Specific Performance, Stress, and Sleep in Elite Male Adolescent Basketball Athletes.",2021,PubMed/Crossref,,3,mental;mood;stress,0.1057,0.2204,0.2656,0.0235,0.1668,0.1326,0.0082,0.0772
1678,[Retracted] Real‐Time Analysis of Basketball Sports Data Based on Deep Learning,2021,PubMed/Crossref,,1,cognition,0.5223,0.0671,0.0375,0.0966,0.0437,0.1714,0.0489,0.0125
1679,Ain't Just Imagination! Effects of Motor Imagery Training on Strength and Power Performance of Athletes during Detraining.,2021,PubMed/Crossref,,3,cognitive;imagery,0.3071,0.2076,0.369,0.0355,0.0112,0.0291,0.0077,0.0327
1680,An Immersive Motor Imagery Training System for Post-Stroke Rehabilitation Combining VR and EMG-based Real-Time Feedback.,2021,PubMed/Crossref,,1,engagement;imagery,0.3686,0.0166,0.2508,0.1248,0.0296,0.0651,0.098,0.0465
1681,ANALYSING THE PRE-COMPETITION ANXIETY AMONG BASKETBALL PLAYERS UNDER EIGHTEEN BASED ON THEIR POSITIONS,2021,PubMed/Crossref,,5,anxiety;cognitive;confidence;psychological,0.077,0.1243,0.1353,0.0791,0.2654,0.213,0.0167,0.0891
1682,"ANTHROPOMETRIC, PHYSICAL FITNESS, AND PSYCHOLOGICAL PARAMETERS IN INTERNATIONAL WOMEN BASKETBALL PLAYERS",2021,PubMed/Crossref,,1,anxiety;mental;psychological,0.3344,0.2637,0.16,0.0569,0.0364,0.0723,0.0592,0.0172
1683,Application of Artificial Intelligence in Basketball Sport,2021,PubMed/Crossref,,1,attention,0.46,0.0767,0.1114,0.1427,0.0903,0.0581,0.0112,0.0496
1684,Application of Basketball Training System Based on Dynamic Intelligent Fog Computing Network,2021,PubMed/Crossref,,1,attention,0.331,0.0451,0.0612,0.1506,0.0974,0.1587,0.0984,0.0574
1685,Application of Motion Sensor Based on Neural Network in Basketball Technology and Physical Fitness Evaluation System,2021,PubMed/Crossref,,1,cognition,0.3865,0.0894,0.2014,0.0529,0.0778,0.0658,0.1135,0.0126
1686,Association of Psychological Stress and Mood in Ankle Injuries Among Basketball Players during Conditional Movement Control Order,2021,PubMed/Crossref,,4,mood;psychological;stress,0.2141,0.1833,0.1867,0.251,0.0107,0.033,0.0712,0.0499
1687,Automation of Basketball Match Data Management,2021,PubMed/Crossref,,1,attention,0.2175,0.0894,0.1523,0.1959,0.0123,0.1536,0.0871,0.092
1688,Baloncesto y valores para menores hospitalizados. Percepción de las familias y personal sanitario (Basketball and values for hospitalized minors. Family perception and Health care personnel),2021,PubMed/Crossref,,8,motivation;perception;satisfaction;well-being,0.136,0.0749,0.0971,0.1372,0.0063,0.2308,0.0049,0.3128
1689,"Basketball, Books, and Brotherhood: Dewitt Clinton High School as Scholastic Model of Postwar Racial Progression and African American Leadership",2021,PubMed/Crossref,,8,leadership,0.0768,0.1923,0.0825,0.0259,0.0107,0.1849,0.032,0.3949
1690,Call to Action: Recommendations to Improve the Methodological Reporting of Games-Based Drills in Basketball Research.,2021,PubMed/Crossref,,1,attention;perceptual,0.4444,0.1662,0.1102,0.0187,0.1998,0.0355,0.0083,0.0169
1691,Change of Direction Speed Tests in Basketball Players: A Brief Review of Test Varieties and Recent Trends.,2021,PubMed/Crossref,,1,attention,0.3805,0.1279,0.026,0.0234,0.221,0.0633,0.1145,0.0434
1692,Characteristics of Technical and Physical Fitness of Young Athletes in the Selection for Classes in the Basketball Section,2021,PubMed/Crossref,,6,psychological,0.3079,0.0553,0.1264,0.0476,0.0428,0.323,0.0362,0.0608
1693,Chronicle of a death foretold. It is time for echocardiographic screening in young athletes.,2021,PubMed/Crossref,,2,attention,0.1347,0.3199,0.1311,0.1976,0.0126,0.1004,0.0353,0.0683
1694,Comparative study of cardiorespiratory adaptations in elite basketball players of different age groups.,2021,PubMed/Crossref,,1,stress,0.33,0.2159,0.1145,0.079,0.073,0.0878,0.0124,0.0874
1695,COMPARATIVE STUDY OF LEVEL OF ANXIETY OF MALE BASKETBALL PLAYERS AT DIFFERENT LEVELS OF PARTICIPATION,2021,PubMed/Crossref,,8,anxiety;anxietybetween;anxietyof;motivation;psychologists;psychology,0.2187,0.0594,0.1339,0.0225,0.0625,0.1287,0.0105,0.3638
1696,Consider how a pickup basketball game might change public perception of your department,2021,PubMed/Crossref,,6,perception,0.178,0.0582,0.0659,0.1928,0.0266,0.2927,0.0224,0.1634
1697,Decision-Making Skills in Youth Basketball Players: Diagnostic and External Validation of a Video-Based Assessment.,2021,PubMed/Crossref,,6,decision-making,0.292,0.0854,0.1288,0.0633,0.0147,0.3073,0.0124,0.0961
1698,Determining and Measuring Key Psychological Characteristics: The Case of a National Basketball Federation,2021,PubMed/Crossref,,6,psychological;psychologists,0.19,0.1512,0.0282,0.1151,0.0121,0.4718,0.0103,0.0213
1699,Developing a STEM+M Identity in Underrepresented Minority Youth Through Biomechanics and Sports-Based Education.,2021,PubMed/Crossref,,6,engagement;identity;self-efficacy,0.1109,0.0212,0.0569,0.1773,0.0081,0.316,0.0418,0.2677
1700,"EFFECT OF AEROBIC TRAINING, RESISTANCE TRAINING AND CONCURRENT TRAINING ON MAXIMUM STRENGTH AMONG BASKETBALL PLAYERS",2021,PubMed/Crossref,,3,confidence,0.1128,0.0709,0.5884,0.0815,0.0132,0.0344,0.011,0.0878
1701,Effect of Different Sports Practice on Sleep Quality and Quality of Life in Children and Adolescents: Randomized Clinical Trial.,2021,PubMed/Crossref,,1,perception,0.3,0.0243,0.1857,0.0527,0.0922,0.2208,0.0064,0.1178
1702,Effect of mental toughness on sporting performance: review of studies,2021,PubMed/Crossref,,7,mental,0.0822,0.0588,0.1611,0.0487,0.0557,0.182,0.3528,0.0585
1703,Effect of Playing Venue on Pre-Competition Cortisol Level and Competitive State Anxiety in University Basketball Players,2021,PubMed/Crossref,,2,anxiety;psychological;stressful,0.1094,0.2052,0.0848,0.0531,0.1545,0.1889,0.1242,0.0798
1704,Effect of scaling basket height for young basketball players during the competition: seeking out positive sport experiences.,2021,PubMed/Crossref,,1,perception;self-efficacy,0.2985,0.1197,0.0809,0.0381,0.0122,0.257,0.0497,0.1439
1705,Effect Skillful Exercises by Playing Method to Developing The Short Anaerobic Ability and Team Attacking for Young Basketball Players,2021,PubMed/Crossref,,1,attention,0.491,0.021,0.0694,0.0674,0.0105,0.3159,0.0091,0.0157
1706,Effects of Basketball and Baduanjin Exercise Interventions on Problematic Smartphone Use and Mental Health among College Students: A Randomized Controlled Trial.,2021,PubMed/Crossref,,6,anxiety;mental;stress,0.1981,0.1666,0.0593,0.0206,0.1876,0.2501,0.009,0.1087
1707,Effects of competitive sports on temporomandibular dysfunction: a literature review.,2021,PubMed/Crossref,,1,stress,0.3672,0.1384,0.064,0.0913,0.2272,0.0697,0.0281,0.0142
1708,Effects of cyclic loading on the mechanical properties and failure of human patellar tendon.,2021,PubMed/Crossref,,7,stress,0.2435,0.1991,0.0703,0.089,0.066,0.0259,0.2511,0.0551
1709,Effects of Mini-Basketball Training Program on Social Communication Impairment and Executive Control Network in Preschool Children with Autism Spectrum Disorder.,2021,PubMed/Crossref,,1,cognition,0.4056,0.0966,0.1792,0.0532,0.074,0.1048,0.0676,0.0191
1710,"Effects of observing real, animated and combined model on learning cognitive and motor levels of basketball jump shot in children",2021,PubMed/Crossref,,1,cognitive;motor,0.4876,0.0957,0.2626,0.0619,0.0152,0.0403,0.0128,0.0238
1711,Effects of the Competitive Season and Off-Season on Knee Articular Cartilage in Collegiate Basketball Players Using Quantitative MRI: A Multicenter Study.,2021,PubMed/Crossref,,6,stress,0.2061,0.0795,0.1288,0.1967,0.0318,0.2687,0.075,0.0135
1712,Effects of visual search task on attentional bias and stress response under pressure.,2021,PubMed/Crossref,,1,attention;attentional;emotion;psychological;stress;stressful,0.435,0.1543,0.174,0.0162,0.1373,0.0532,0.0056,0.0244
1713,Efficacy of an Educational Intervention for Improving the Hydration Status of Female Collegiate Indoor-Sport Athletes.,2021,PubMed/Crossref,,2,attention,0.1175,0.3847,0.233,0.0815,0.0135,0.0919,0.0356,0.0423
1714,Enhancing the Mental Performance of Head Coaches in Professional Sports: A Case Study of Collaboration With the Head Coach of a Professional Basketball Team,2021,PubMed/Crossref,,6,emotional;mental;psychologist,0.1244,0.037,0.0352,0.1262,0.0084,0.5236,0.0725,0.073
1715,Evaluating the Spectrum of Cognitive-Motor Relationships During Dual-Task Jump Landing.,2021,PubMed/Crossref,,1,attention;attentional;cognitive,0.4562,0.0406,0.0272,0.0431,0.1713,0.04,0.2082,0.0134
1716,Examination of Mental Toughness and Emotional Intelligence to the Turkish and American Professional Basketball Players,2021,PubMed/Crossref,,1,emotional;emotions;mental,0.3199,0.1547,0.0952,0.0451,0.0136,0.2086,0.1029,0.0601
1717,Exercise Motivation Levels on Student Activity Unit (UKM Basketball) at Universitas Djuanda,2021,PubMed/Crossref,,8,mental;motivation;psychological,0.1745,0.1951,0.1855,0.1037,0.0107,0.0599,0.0093,0.2614
1718,Expression of Sport Experiences between Cadet and Junior Basketball Players,2021,PubMed/Crossref,,6,confidence;coping;resilience,0.0799,0.0487,0.1173,0.0466,0.0362,0.5403,0.0349,0.0959
1719,Gender Differences in Hungarian Basketball Coaches’ Views on Their Pedagogical and Professional Roles and Responsibilities,2021,PubMed/Crossref,,6,decision;motivation,0.1263,0.0488,0.0363,0.2847,0.0116,0.3661,0.0344,0.0918
1720,Gender disparity among NBA and WNBA team physicians.,2021,PubMed/Crossref,,6,leadership,0.1903,0.0434,0.0492,0.1168,0.0095,0.5288,0.045,0.017
1721,Global status of knowledge for prevention and emergency management of traumatic dental injuries in sports persons and coaches: A systematic review.,2021,PubMed/Crossref,,4,fear;psychological;well-being,0.1829,0.165,0.1312,0.2327,0.0867,0.1219,0.0067,0.0729
1722,High School Basketball Coach and Player Perspectives on Warm-Up Routines and Lower Extremity Injuries,2021,PubMed/Crossref,,6,engagement;motivated;perception,0.134,0.0772,0.1263,0.1671,0.0061,0.322,0.0331,0.1343
1723,Hip Arthroplasty with Increased Expectancy.,2021,PubMed/Crossref,,1,expertise,0.4004,0.0739,0.1058,0.1916,0.0581,0.055,0.0985,0.0167
1724,Injury-related fear in athletes returning to sports after anterior cruciate ligament reconstruction - A quantitative content analysis of an open-ended questionnaire.,2021,PubMed/Crossref,,1,fear;psychological,0.2959,0.0687,0.065,0.1244,0.162,0.0666,0.2012,0.0161
1725,"Investigation of the effect of training on serotonin, melatonin and hematologic parameters in adolescent basketball players.",2021,PubMed/Crossref,,1,mood,0.3984,0.1498,0.1859,0.029,0.0385,0.0901,0.0362,0.0721
1726,Investigation on Health Promotion by the Typical Sports for Teenagers with Self-Efficacy and Sports Commitment Questionnaires.,2021,PubMed/Crossref,,8,self-efficacy,0.0982,0.0243,0.0341,0.0249,0.013,0.2612,0.0104,0.5339
1727,KNEE INJURIES PREVALENCE IN BRAZILIAN JIU-JITSU: EPIDEMIOLOGICAL STUDY.,2021,PubMed/Crossref,,4,stress,0.1767,0.1279,0.1225,0.2963,0.0317,0.0711,0.1594,0.0144
1728,Latent label mining for group activity recognition in basketball videos,2021,PubMed/Crossref,,1,cognition,0.4469,0.0175,0.0682,0.1093,0.0085,0.0478,0.2885,0.0134
1729,Learning Basketball Using Direct Instruction and Tactical Game Approach Methodologies.,2021,PubMed/Crossref,,6,decision,0.2255,0.0475,0.0242,0.0218,0.0115,0.3984,0.0097,0.2616
1730,Measuring Physical Demands in Basketball: An Explorative Systematic Review of Practices.,2021,PubMed/Crossref,,2,decision,0.2797,0.3109,0.0971,0.0133,0.1405,0.0769,0.0131,0.0684
1731,Mental Imagery And Performance Improvement Of Basketball Athletes In The 16-18 Year Age Group,2021,PubMed/Crossref,,3,imagery;mental,0.1174,0.0358,0.581,0.0368,0.0576,0.0638,0.0154,0.0921
1732,Mental Toughness and Motivational Climate of Basketball Players According to Gender and Age Groups,2021,PubMed/Crossref,,8,mental;motivational;psychologists,0.0514,0.0307,0.0566,0.0564,0.0127,0.1078,0.2076,0.4769
1733,Minced Cartilage in Combination with Autologous Bone Grafting for One-Step Osteochondral Defect Reconstruction in an Athlete's Knee.,2021,PubMed/Crossref,,4,stress,0.1005,0.1429,0.0484,0.2226,0.0882,0.1248,0.1942,0.0783
1734,Modification of Diurnal Cortisol Secretion in Women's Professional Basketball. A Pilot Study.,2021,PubMed/Crossref,,3,stress,0.1654,0.1348,0.3278,0.1451,0.1161,0.0396,0.0128,0.0584
1735,Mortality from mental disorders and suicide in male professional American football and soccer players: A meta-analysis.,2021,PubMed/Crossref,,4,mental,0.0705,0.026,0.1712,0.4241,0.1048,0.125,0.0088,0.0696
1736,Negative Social Interaction and Psychological Well-Being on Female Basketball Athletes,2021,PubMed/Crossref,,1,motivation;psychological;well-being,0.2181,0.058,0.187,0.16,0.0131,0.1818,0.0102,0.1718
1737,Olympic Sports Science-Bibliometric Analysis of All Summer and Winter Olympic Sports Research.,2021,PubMed/Crossref,,1,psychology,0.2726,0.1173,0.141,0.1202,0.0389,0.2413,0.0069,0.062
1738,Perancangan Buku Ilustrasi Panduan Pertolongan Pertama Cedera Olahraga Bola Basket,2021,PubMed/Crossref,,4,stress,0.2095,0.1489,0.0603,0.2661,0.0123,0.2423,0.0077,0.0529
1739,"Perceived Time, Frequency, and Intensity of Engagement and Older Masters Athletes' Subjective Experiences.",2021,PubMed/Crossref,,8,engagement;psychological,0.2325,0.0464,0.0871,0.1004,0.0107,0.2332,0.009,0.2808
1740,Physiological stress of basketball referees during a national competition,2021,PubMed/Crossref,,2,stress,0.2558,0.3148,0.262,0.0619,0.0152,0.0539,0.0135,0.0229
1741,Power-Related Determinants of Modified Agility T-test Performance in Male Adolescent Basketball Players.,2021,PubMed/Crossref,,1,confidence;stresses,0.3866,0.0803,0.1549,0.0242,0.0953,0.0331,0.1758,0.0499
1742,Prevalence of Inflammatory Heart Disease Among Professional Athletes With Prior COVID-19 Infection Who Received Systematic Return-to-Play Cardiac Screening.,2021,PubMed/Crossref,,2,stress,0.1951,0.3334,0.1609,0.1655,0.0073,0.0961,0.0062,0.0356
1743,Providing pharmacy services in a basketball arena: Reflections on building a pharmacy in a COVID-19 surge facility.,2021,PubMed/Crossref,,6,decisions;leadership,0.2147,0.1358,0.074,0.2163,0.0444,0.259,0.0416,0.014
1744,PSYCHOLOGICAL ASPECTS OF BASKETBALL ATHLETES’ TEAM COMMUNICATION,2021,PubMed/Crossref,,1,attitude;psychological;psychology,0.3781,0.0227,0.1189,0.0788,0.0104,0.21,0.0373,0.1437
1745,Psychological climate and its relationship with achievement motivation among wheelchairs basketball players,2021,PubMed/Crossref,,8,attention;mental;motivation;psychological;psychology,0.14,0.2007,0.0536,0.0938,0.0143,0.0678,0.0123,0.4175
1746,Psychological Distress and Psychosocial Factors in the Non-Formal Context of Basketball Coaches in Times of the COVID-19 Pandemic.,2021,PubMed/Crossref,,6,emotional;mental;perception;psychological;stress,0.196,0.0999,0.0509,0.1929,0.0135,0.4152,0.0114,0.0202
1747,Psychological States and Training Habits during the COVID-19 Pandemic Lockdown in Spanish Basketball Athletes,2021,PubMed/Crossref,,3,emotional;psychological;psychology,0.1889,0.1698,0.2988,0.1426,0.014,0.1128,0.011,0.062
1748,Psychometric properties of the Burnout Inventory for Referees (BIR) for Brazilian Basketball Referees,2021,PubMed/Crossref,,8,burnout;emotional;mood,0.0556,0.1107,0.2359,0.0418,0.0209,0.1149,0.0347,0.3853
1749,PSYCHOPHYSIOLOGICAL CHARACTERISTICS OF BASKETBALL PLAYERS 12-14 YEARS OLD FROM THE REPUBLIC OF BELARUS AND THE PEOPLE'S REPUBLIC OF CHINA,2021,PubMed/Crossref,,1,attention,0.362,0.0652,0.0426,0.1016,0.0499,0.3167,0.0484,0.0136
1750,Recognition of Basketball Player’s Shooting Action Based on the Convolutional Neural Network,2021,PubMed/Crossref,,1,cognition;decision-making,0.3462,0.065,0.0705,0.064,0.0075,0.178,0.2413,0.0275
1751,Recreational Basketball Small-Sided Games Elicit High-Intensity Exercise With Low Perceptual Demand.,2021,PubMed/Crossref,,1,perceptual,0.3674,0.2852,0.102,0.0436,0.1279,0.0206,0.0067,0.0467
1752,Redox Homeostasis and Metabolic Profile in Young Female Basketball Players during in-Season Training.,2021,PubMed/Crossref,,3,stress,0.1624,0.2287,0.2385,0.1185,0.1045,0.0622,0.0124,0.0727
1753,Relación de la carga de entrenamiento con las emociones y el rendimiento en baloncesto formativo (Relation of training load with emotions and performance in formative basketball),2021,PubMed/Crossref,,2,emotional;emotions;perception;well-being,0.0929,0.4491,0.0542,0.0689,0.0437,0.0803,0.007,0.204
1754,RELATIONSHIP BETWEEN COACHING STYLES AND ACHIEVEMENT MOTIVATION IN BASKETBALL PLAYERS,2021,PubMed/Crossref,,8,leadership;motivation,0.2272,0.0451,0.0901,0.0926,0.0227,0.2063,0.0213,0.2948
1755,Repeated Sprint Ability in Elite Basketball Players: The Effects of 10 × 30 m Vs. 20 × 15 m Exercise Protocols on Physiological Variables and Sprint Performance.,2021,PubMed/Crossref,,2,confidence,0.19,0.4812,0.1108,0.0208,0.0389,0.1332,0.0092,0.0158
1756,Research on Basketball Goal Recognition Based on Image Processing and Improved Algorithm,2021,PubMed/Crossref,,1,cognition,0.4252,0.022,0.0745,0.1167,0.0284,0.0667,0.2535,0.013
1757,Research on the Basketball Goal Recognition Method Based on Improved MobileNet,2021,PubMed/Crossref,,7,cognition,0.2186,0.0824,0.0536,0.118,0.0079,0.1094,0.3764,0.0337
1758,"Resilience in Sports: Sport Type, Gender, Age and Sport Level Differences.",2021,PubMed/Crossref,,6,resilience,0.1341,0.0787,0.1512,0.0582,0.06,0.2952,0.0166,0.2061
1759,"Rethinking the Implementation of Part, Whole and Imagery Learning Methods: Comparison Analysis in Basketball Games",2021,PubMed/Crossref,,1,imagery,0.392,0.0474,0.0648,0.0173,0.0086,0.0909,0.0448,0.3343
1760,Return to Basketball Play Following COVID-19 Lockdown.,2021,PubMed/Crossref,,6,decision-making,0.2649,0.1661,0.1173,0.132,0.0127,0.2759,0.0117,0.0195
1761,Return to play with hypertrophic cardiomyopathy: are we moving too fast? A critical review.,2021,PubMed/Crossref,,1,decision;decision-making;decisions,0.3088,0.059,0.0396,0.2447,0.0702,0.1557,0.0658,0.0562
1762,Sleep and Physical Performance: A Case Study of Collegiate Women's Division 1 Basketball Players.,2021,PubMed/Crossref,,2,emotional;perception;stress,0.0537,0.4055,0.093,0.0774,0.045,0.2954,0.011,0.019
1763,Sport-Specific Increased Risk of Anterior Cruciate Ligament Injury Following a Concussion in Collegiate Female Lacrosse.,2021,PubMed/Crossref,,4,cognitive,0.0768,0.1111,0.1105,0.3716,0.1475,0.0925,0.072,0.018
1764,Strain echocardiography to describe left ventricular function pre- and postexercise in elite basketball athletes: A feasibility study.,2021,PubMed/Crossref,,1,stress,0.4832,0.0911,0.0733,0.0606,0.033,0.0599,0.1841,0.015
1765,Sweating the connection of uniform colours and success in sport: No evidence for the red win effect in elite women's NCAA basketball.,2021,PubMed/Crossref,,1,confidence;psychology,0.2433,0.1409,0.0751,0.2381,0.0882,0.0768,0.0121,0.1254
1766,TECHNICAL AND PHYSICAL PREPARATION OF WHEELCHAIR BASKETBALL PLAYERS,2021,PubMed/Crossref,,7,emotional;psychological;satisfaction,0.1387,0.1538,0.1583,0.1647,0.0252,0.1383,0.1847,0.0363
1767,The Acute Effects From the Use of Weighted Implements on Skill Enhancement in Sport: A Systematic Review.,2021,PubMed/Crossref,,1,perceptual,0.6076,0.0807,0.0511,0.0817,0.1232,0.0307,0.009,0.016
1768,The Amateur Basketball Team of the Multinational Company Ernst Young in Belgrade as a Folklore Group,2021,PubMed/Crossref,,6,attitudes;cohesion;identity;motivation;psychologist,0.1804,0.0793,0.0716,0.1833,0.0246,0.3174,0.0519,0.0917
1769,"The effect of high intensity functional training on the oxidative status, muscle damage and performance of basketball players.",2021,PubMed/Crossref,,3,stress,0.2016,0.1732,0.3183,0.1669,0.0687,0.0487,0.0083,0.0143
1770,The Effect of Sport Practice on Enhanced Cognitive Processing of Bodily Indices: A Study on Volleyball Players and Their Ability to Predict Hand Gestures.,2021,PubMed/Crossref,,1,attentional;cognitive,0.4817,0.0854,0.1059,0.1076,0.0632,0.0734,0.0086,0.0741
1771,The Effectiveness of Neuromuscular Warmups for Lower Extremity Injury Prevention in Basketball: A Systematic Review.,2021,PubMed/Crossref,,4,attention,0.2185,0.1174,0.026,0.3787,0.1227,0.0863,0.0079,0.0425
1772,The Effects of High School Basketball Player's Sports Participation Motivation on Achievement Goal Orientation and Achievement Behaviors.,2021,PubMed/Crossref,,8,attitude;motivation,0.0983,0.0959,0.0445,0.0208,0.1666,0.2,0.0397,0.3343
1773,"The Impacts of Coordinated-Bilateral Ball Skills Intervention on Attention and Concentration, and Cardiorespiratory Fitness among Fourth-Grade Students.",2021,PubMed/Crossref,,1,attention;cognitive;mental,0.3486,0.0456,0.2372,0.0141,0.1018,0.038,0.0542,0.1605
1774,The importance of pacing in basketball players with intellectual impairment: Input for evidence-based classification.,2021,PubMed/Crossref,,1,decisions,0.4268,0.1798,0.0896,0.0797,0.0172,0.1059,0.014,0.0872
1775,The mediating role of prosocial and antisocial behaviors between team trust and sport commitment in college basketball players,2021,PubMed/Crossref,,6,attention;emotional,0.0733,0.0374,0.157,0.0712,0.0545,0.3638,0.0075,0.2352
1776,"The Organizational Structure, Roles, and Responsibilities of an Elite-Level Basketball Coaching Staff",2021,PubMed/Crossref,,6,attention;expertise;psychologist,0.1628,0.108,0.0634,0.13,0.01,0.4328,0.0087,0.0842
1777,The Problematic Experience of Players' Mutations Between Clubs: Discovering the Social Adaptability Skills Required.,2021,PubMed/Crossref,,6,mental;psychological;psychologists,0.1307,0.0361,0.0544,0.0159,0.0084,0.7142,0.0076,0.0328
1778,The Q-Pass Index: A Multifactorial IMUs-Based Tool to Assess Passing Skills in Basketball.,2021,PubMed/Crossref,,1,expertise,0.3886,0.2938,0.0491,0.0444,0.1073,0.0377,0.035,0.0442
1779,THE RELATIONSHIP BETWEEN DECISION-MAKING AND GAME INTELLIGENCE WITH BASKETBALL STATISTICS,2021,PubMed/Crossref,,1,attention;cognitive;decision;decision-making;decisions;mental;psychological,0.424,0.0872,0.1615,0.0641,0.1141,0.1099,0.0133,0.0259
1780,The role of variability in the control of the basketball dribble under different perceptual setups.,2021,PubMed/Crossref,,1,attention;decisions;perceptual,0.5255,0.0306,0.1698,0.116,0.0117,0.0812,0.0481,0.0171
1781,The use of customized mouthguards during the training produced protective effects on salivary factors of young athletes.,2021,PubMed/Crossref,,1,stress,0.2496,0.197,0.2047,0.0256,0.103,0.0911,0.0114,0.1176
1782,"Visual predictions, neural oscillations and naïve physics.",2021,PubMed/Crossref,,1,attention,0.5112,0.0179,0.0768,0.1658,0.0437,0.125,0.0432,0.0164
1783,Workload and well-being across games played on consecutive days during in-season phase in basketball players.,2021,PubMed/Crossref,,2,mood;perception;stress;well-being,0.1038,0.3181,0.2461,0.0186,0.1978,0.0916,0.0084,0.0156
1784,A case study of a trainee sport psychologist adopting a person-centred approach with a professional basketball player,2020,PubMed/Crossref,,1,psychologist;psychology,0.366,0.0215,0.0726,0.155,0.0109,0.3433,0.0092,0.0216
1785,Acute ankle sprain in athletes: Clinical aspects and algorithmic approach.,2020,PubMed/Crossref,,4,decision-making,0.1986,0.0838,0.0318,0.2969,0.0395,0.0932,0.2454,0.0108
1786,Analysis of the Application of Basketball Games in College Basketball Teaching,2020,PubMed/Crossref,,8,attention,0.1884,0.065,0.0377,0.0307,0.0158,0.075,0.0134,0.5741
1787,Appreciating Factors Beyond the Physical in Talent Identification and Development: Insights From the FC Barcelona Sporting Model.,2020,PubMed/Crossref,,6,cognitive;perceptual;psychological,0.0803,0.0429,0.1147,0.094,0.0121,0.4797,0.1575,0.0189
1788,"Attention, working‐memory control, working‐memory capacity, and sport performance: The moderating role of athletic expertise",2020,PubMed/Crossref,,1,attention;cognitive;cognitively;expertise,0.4316,0.0202,0.1047,0.0175,0.3247,0.0592,0.009,0.0331
1789,Bayesian hierarchical modelling of basketball tracking data - a case study of spatial entropy and spatial effectiveness.,2020,PubMed/Crossref,,1,confidence,0.3487,0.0688,0.1389,0.0685,0.0217,0.1986,0.065,0.0899
1790,Benefits of Physiotherapy on Urinary Incontinence in High-Performance Female Athletes. Meta-Analysis.,2020,PubMed/Crossref,,1,stress,0.247,0.103,0.0891,0.2315,0.1533,0.0589,0.1072,0.01
1791,Bilateral Popliteal Artery Entrapment Syndrome in a Young Female NCAA Division-I Collegiate Basketball Player: A Case Report.,2020,PubMed/Crossref,,2,stress,0.1228,0.2823,0.0734,0.262,0.0227,0.1771,0.0201,0.0398
1792,"COMPARISON OF THE QUALITIES OF ATTENTION BETWEEN STUDENTS FROM THE UNWE, PRACTICING BASKETBALL IN EDUCATIONAL GROUPS AND REPRESENTATIVE TEAM",2020,PubMed/Crossref,,1,attention;motivated,0.2337,0.144,0.023,0.0474,0.0804,0.169,0.0781,0.2242
1793,Competitive Anxiety in Young Basketball Players from the Real Madrid Foundation,2020,PubMed/Crossref,,1,anxiety,0.3731,0.0409,0.0817,0.0619,0.1483,0.1098,0.0167,0.1678
1794,"Coordination and Consonance Between Interacting, Improvising Musicians.",2020,PubMed/Crossref,,1,cognitive,0.3284,0.0691,0.1089,0.1244,0.105,0.0929,0.0949,0.0765
1795,Courage in Competition: Adaptation of the Sports Courage Scale for American English and Validation of the Factor Structure with Student-Athletes at Clemson University.,2020,PubMed/Crossref,,8,attention;perception,0.2488,0.1304,0.0319,0.0663,0.0138,0.0656,0.0572,0.3859
1796,Decisive Factors for a Greater Performance in the Change of Direction and Its Angulation in Male Basketball Players.,2020,PubMed/Crossref,,1,confidence,0.3675,0.138,0.234,0.0228,0.0969,0.0618,0.0612,0.0179
1797,Decreased Sleep Is an Independent Predictor of In-Season Injury in Male Collegiate Basketball Players.,2020,PubMed/Crossref,,3,mood;stress;well-being,0.1286,0.1678,0.2822,0.2548,0.0083,0.1264,0.0061,0.0259
1798,"Deliberate Practice, Functional Performance and Psychological Characteristics in Young Basketball Players: A Bayesian Multilevel Analysis.",2020,PubMed/Crossref,,5,motivation;psychological,0.1002,0.1253,0.1826,0.0615,0.1866,0.1774,0.0273,0.139
1799,Determinants of drop-out in youth basketball: an interdisciplinary approach.,2020,PubMed/Crossref,,5,expertise;motivation,0.0921,0.1373,0.0652,0.1097,0.1794,0.1671,0.0779,0.1714
1800,Development and Validation of a Well-Being Measure on Young Basketball Players: The NFAPW Scale.,2020,PubMed/Crossref,,6,perception;psychological;well-being,0.2512,0.0414,0.1731,0.0492,0.019,0.3051,0.0185,0.1426
1801,Discovering the anxiety level of a basketball team using the SCAT questionnaire,2020,PubMed/Crossref,,5,anxiety;cohesion;psychological,0.2274,0.0332,0.164,0.0263,0.2677,0.1113,0.1511,0.0188
1802,Echocardiographic Characterization of Female Professional Basketball Players in the US.,2020,PubMed/Crossref,,1,stress,0.2203,0.1864,0.0506,0.2038,0.1642,0.1247,0.0116,0.0384
1803,"Effect of Basket Height Adaptation on Technical–Tactical Skills, Self-Efficacy, Cooperation, and Students’ Perception in a Basketball Unit",2020,PubMed/Crossref,,1,decision-making;perception;self-efficacy,0.5064,0.0161,0.0209,0.0511,0.0093,0.1262,0.0443,0.2256
1804,Effect of Red Arch-Support Insoles on Subjective Comfort and Movement Biomechanics in Various Landing Heights.,2020,PubMed/Crossref,,7,perception,0.2534,0.1656,0.0212,0.0605,0.0638,0.0366,0.3854,0.0135
1805,Effects of an 8-week basketball-specific proprioceptive training with a single-plane instability balance platform.,2020,PubMed/Crossref,,1,attention,0.4423,0.0876,0.0797,0.0864,0.0334,0.0706,0.1629,0.0371
1806,Effects of Basketball Shoe Midsole Hardness on Lower Extremity Biomechanics and Perception during Drop Jumping from Different Heights,2020,PubMed/Crossref,,7,perception,0.2238,0.0352,0.0734,0.0171,0.2299,0.0253,0.3437,0.0517
1807,Effects of Long-Term Supplementation of Bovine Colostrum on the Immune System in Young Female Basketball Players. Randomized Trial.,2020,PubMed/Crossref,,1,stress,0.4613,0.0773,0.0315,0.0507,0.158,0.1661,0.0372,0.018
1808,EFFECTS OF MARTIAL ARTS TRAINING ON SELECTED PSYCHOPHYSIOLOGICAL VARIABLES OF MALE BASKETBALL PLAYERS,2020,PubMed/Crossref,,4,anxiety;mental;perception;stress,0.1821,0.114,0.1397,0.2363,0.1295,0.0784,0.0486,0.0713
1809,Effects of Music on Mood During Basketball Play in Junior High School Physical Education,2020,PubMed/Crossref,,5,depression;mood,0.1406,0.0442,0.2011,0.0238,0.2579,0.0977,0.009,0.2257
1810,Epidemiology of all-complaint injuries in youth basketball.,2020,PubMed/Crossref,,4,attention,0.1108,0.09,0.0196,0.4838,0.0087,0.2004,0.0505,0.0363
1811,Examining the Perceptual-Cognitive Mechanism of Deceptive Actions in Sports,2020,PubMed/Crossref,,1,cognitive;perceptual,0.3234,0.0957,0.118,0.2323,0.0902,0.1055,0.0129,0.022
1812,EXPLOSIVE POWER IN BASKETBALL PLAYERS,2020,PubMed/Crossref,,3,attention,0.2543,0.144,0.3527,0.0255,0.0464,0.1471,0.011,0.0189
1813,"Factors Associated With Psychological Readiness to Return to Sports With Cutting, Pivoting, and Jump-Landings After Primary ACL Reconstruction.",2020,PubMed/Crossref,,7,psychological,0.2465,0.1221,0.0736,0.1706,0.0087,0.0246,0.3415,0.0125
1814,"Factors Influencing Base of Gait During Running: Consideration of Sex, Speed, Kinematics, and Anthropometrics.",2020,PubMed/Crossref,,1,stress,0.4013,0.1124,0.0618,0.0758,0.0783,0.0992,0.1604,0.0107
1815,"First MTP joint instability - Expanding the concept of ""Turf-toe"" injuries.",2020,PubMed/Crossref,,4,decision;stress,0.158,0.1409,0.0607,0.3389,0.0338,0.0594,0.1646,0.0436
1816,Following the dynamics of specific basketball preparation in intellectually disabled young people,2020,PubMed/Crossref,,4,attention;mental,0.2828,0.0262,0.0289,0.4286,0.0655,0.1007,0.0111,0.0562
1817,Gender Differences in Sports News Coverage on Twitter.,2020,PubMed/Crossref,,2,perception,0.0833,0.409,0.073,0.2893,0.0131,0.0995,0.011,0.0218
1818,HNP-1 and HBD-1 as Biomarkers for the Immune Systems of Elite Basketball Athletes.,2020,PubMed/Crossref,,1,attention;stress;stressor,0.3815,0.1049,0.0261,0.0782,0.2266,0.1537,0.0105,0.0186
1819,Impact of Combined Theory-Based Intervention on Psychological Effects and Physical Activity among Chinese Adolescents.,2020,PubMed/Crossref,,1,psychological;self-efficacy,0.3073,0.1212,0.1349,0.0497,0.0096,0.0489,0.0288,0.2995
1820,"Inflammation, Peripheral Signals and Redox Homeostasis in Athletes Who Practice Different Sports.",2020,PubMed/Crossref,,1,attention,0.4149,0.1378,0.0824,0.0918,0.0738,0.1672,0.012,0.02
1821,Influence of basketball shoe midsole inserts featuring different mechanical rebound properties on biomechanical loading and subjective perception during a side-cutting maneuver,2020,PubMed/Crossref,,7,perception,0.1442,0.1093,0.0197,0.0159,0.0082,0.0918,0.3774,0.2335
1822,INNOVATIVE APPROACHES TO REDUCING CONFLICT AND AGGRESSION IN WOMEN'S BASKETBALL TEAM PLAY,2020,PubMed/Crossref,,1,emotional;psychological,0.3364,0.028,0.0529,0.1963,0.0095,0.2055,0.0078,0.1637
1823,Intermittent Pneumatic Compression and Cold Water Immersion Effects on Physiological and Perceptual Recovery during Multi-Sports International Championship.,2020,PubMed/Crossref,,2,perception;perceptual,0.192,0.3513,0.0592,0.1163,0.0738,0.175,0.0121,0.0204
1824,Leading together towards a stronger 'us': An experimental test of the effectiveness of the 5R Shared Leadership Program (5RS) in basketball teams.,2020,PubMed/Crossref,,6,identity;leadership;motivation;well-being,0.0627,0.0146,0.0658,0.2535,0.0078,0.4943,0.0386,0.0629
1825,Lower-body compression garments worn following exercise improves perceived recovery but not subsequent performance in basketball athletes.,2020,PubMed/Crossref,,1,perceptual,0.3243,0.3202,0.0727,0.1784,0.0219,0.044,0.0142,0.0244
1826,Mentoring for the VI East Java Teaching Team Sports Basketball Banyuwangi Regency,2020,PubMed/Crossref,,4,attention;psychological;psychologically,0.2364,0.1056,0.0796,0.2379,0.0124,0.2372,0.0377,0.0532
1827,Mini-Basketball Training Program Improves Physical Fitness and Social Communication in Preschool Children with Autism Spectrum Disorders.,2020,PubMed/Crossref,,3,cognition,0.3312,0.0302,0.3889,0.0233,0.038,0.133,0.01,0.0454
1828,OPTIMIZING SPORTS PERFORMANCE THROUGH MENTAL TOUGHNESS: PILOT STUDY,2020,PubMed/Crossref,,7,mental;psychological;psychologists,0.2324,0.036,0.0408,0.0233,0.0695,0.1788,0.2348,0.1844
1829,PENGARUH LATIHAN SELF TALK DAN IMAGERY RELAXATION TERHADAP KONSENTRASI DAN AKURASI TEMBAKAN 3 ANGKA CABANG OLAHRAGA BOLABASKET,2020,PubMed/Crossref,,3,imagery;self;self-talk,0.2996,0.0184,0.3341,0.0389,0.1107,0.0268,0.0079,0.1637
1830,"Perceived Performance, Intrinsic Motivation and Adherence in Athletes.",2020,PubMed/Crossref,,8,motivation;psychological;satisfaction,0.0655,0.0665,0.2163,0.1436,0.0158,0.0423,0.049,0.401
1831,"Perception of Comfort, Fit, and Jumping Performance of Elite NCAA Division 1 Student-athletes: The Effect of Basketball Shoe Design – Part II",2020,PubMed/Crossref,,1,perception,0.3235,0.0596,0.0687,0.0168,0.0757,0.0663,0.2117,0.1777
1832,"Performance, motivation, and enjoyment in young female basketball players: An interdisciplinary approach.",2020,PubMed/Crossref,,6,engagement;motivated;motivation,0.1866,0.1423,0.1513,0.0533,0.0515,0.2244,0.0423,0.1482
1833,"Physical Activity and Sport in Trans Persons Before and After Gender Disclosure: Prevalence, Frequency, and Type of Activities.",2020,PubMed/Crossref,,1,anxiety,0.2985,0.0883,0.0473,0.1562,0.0337,0.216,0.009,0.1509
1834,Plantar Pressure Evaluation during the Season in Five Basketball Movements,2020,PubMed/Crossref,,1,motivation,0.3256,0.1746,0.0993,0.0224,0.1134,0.1095,0.1115,0.0437
1835,"Predicting Visual-Motor Performance in a Reactive Agility Task from Selected Demographic, Training, Anthropometric, and Functional Variables in Adolescents.",2020,PubMed/Crossref,,6,perception,0.1678,0.1564,0.135,0.198,0.0626,0.202,0.0183,0.06
1836,Prevalence of cigarette smoking: a cross-sectional survey between individual and team sport athletes.,2020,PubMed/Crossref,,6,psychological,0.2547,0.0555,0.1572,0.1946,0.0131,0.2672,0.011,0.0466
1837,PSYCHOLOGICAL TRAINING OF BASKETBALL PLAYERS MODERN STAGE,2020,PubMed/Crossref,,6,psychological,0.1896,0.0459,0.1862,0.0429,0.0217,0.4118,0.0192,0.0828
1838,Relationship between the quality of life and oral health in athletes at a Peruvian university.,2020,PubMed/Crossref,,6,psychological,0.1608,0.1249,0.0651,0.1898,0.0136,0.2712,0.0107,0.1639
1839,Research on basketball sports neural network model based on nonlinear classification,2020,PubMed/Crossref,,1,attention;cognition,0.4546,0.0482,0.0351,0.0233,0.0362,0.1778,0.2082,0.0166
1840,Research on Eye Movement Characteristics of Different Level Basketball Defenders in Sports Decision-making Scenarios,2020,PubMed/Crossref,,1,cognitive;decision-making;decisions;psychology,0.6346,0.0401,0.0385,0.0779,0.0182,0.1478,0.0154,0.0277
1841,Resilient Resources in Youth Athletes and Their Relationship with Anxiety in Different Team Sports.,2020,PubMed/Crossref,,6,anxiety;cognitive;confidence;psychological;resilience;resilient,0.122,0.021,0.1821,0.1065,0.1708,0.3429,0.009,0.0458
1842,Revisiting the Relative Age Effect From a Multidisciplinary Perspective in Youth Basketball: A Bayesian Analysis.,2020,PubMed/Crossref,,6,decision;decisions;motivation;psychological,0.2639,0.0858,0.0673,0.0386,0.0411,0.2836,0.0947,0.1249
1843,Self-Efficacy and Shot Success of Basketball Players,2020,PubMed/Crossref,,3,confidence;self-efficacy,0.1786,0.1343,0.2472,0.0945,0.0268,0.1833,0.007,0.1283
1844,"Surprising Consequences of Researching John Wooden’s Teaching Practices: The Backstory of the 1976 Study of the Legendary University of California, Los Angeles Basketball Coach",2020,PubMed/Crossref,,6,attention;psychologists;psychology,0.1508,0.0937,0.1426,0.1567,0.0719,0.2101,0.0682,0.106
1845,"Technical-tactical profile, perceived exertion, mental demands and enjoyment of different tactical tasks and training regimes in basketball small-sided games.",2020,PubMed/Crossref,,2,mental;perceptual,0.1695,0.3388,0.2231,0.0238,0.0131,0.0934,0.0764,0.0619
1846,Test-Retest Reliability of the Closed Kinetic Chain Upper Extremity Stability Test (CKCUEST) in a Modified Test Position in Division I Collegiate Basketball Players.,2020,PubMed/Crossref,,6,decision-making,0.2064,0.0491,0.0613,0.1751,0.1475,0.2969,0.0443,0.0193
1847,The assessment of Kinesiology Taping application in the reduction of menstrual pains among female basketball players,2020,PubMed/Crossref,,1,attention,0.436,0.0532,0.0459,0.2963,0.0094,0.0703,0.0313,0.0577
1848,The Basketball Pass: A Systematic Review.,2020,PubMed/Crossref,,1,choking,0.3458,0.0543,0.2002,0.0251,0.1262,0.1705,0.011,0.0669
1849,The Determinants of Motivation Regarding Top Competitive Basketball of Juniors,2020,PubMed/Crossref,,6,motivation;perception,0.155,0.1018,0.0373,0.167,0.0121,0.2906,0.0372,0.199
1850,The Effect of Coach Gender on Competitive Weightlifting Performance for Men and Women Weightlifters.,2020,PubMed/Crossref,,4,attention;mental,0.0844,0.0937,0.0316,0.4251,0.0143,0.3154,0.012,0.0235
1851,The effect of controlling the distance and height of the board in the development of some cognitive abilities (sense-kinetic) and Learnning of the accuracy of the correction skill of stability (free throw) basketball,2020,PubMed/Crossref,,1,cognitive;perception,0.416,0.0201,0.1166,0.0406,0.0623,0.1839,0.031,0.1295
1852,The effect of psychological counseling program in improving the cognitive side of (hardness to flexibility) and learning some basic skills of basketball PreparationThe effect of psychological counseling program in improving the cognitive side of (hardness,2020,PubMed/Crossref,,1,cognitive;psychological,0.5112,0.0958,0.0321,0.029,0.0152,0.1446,0.0129,0.1592
1853,"The Evaluation of Foreign Female Basketball Players’ Thoughts on Turkey, Turkish Culture and Their Professional Sports Life in Turkey",2020,PubMed/Crossref,,6,anxiety;attention;cognitively;stress,0.2704,0.0461,0.138,0.1972,0.0322,0.2925,0.0087,0.015
1854,THE IMPACT OF LEADERSHIP STYLE AND ORGANIZATIONAL CULTURE TOWARDS PLAYER PERFORMANCE THROUGH PLAYER'S WORK SATISFACTION AT BINTANG PRATAMA BASKETBALL CLUB,2020,PubMed/Crossref,,4,leadership;satisfaction,0.0522,0.0207,0.1803,0.3643,0.0107,0.2579,0.0747,0.0391
1855,"The perceptual, heart rate and technical-tactical characteristics of 3 × 3 basketball",2020,PubMed/Crossref,,2,perceptual,0.3703,0.3941,0.0635,0.045,0.0112,0.0898,0.0095,0.0168
1856,The Performance Evolution of Match Play Styles in the Spanish Professional Basketball League,2020,PubMed/Crossref,,1,stress,0.3303,0.1495,0.2007,0.0195,0.0115,0.2421,0.0311,0.0153
1857,The performance factors of non-profit basketball clubs,2020,PubMed/Crossref,,6,leadership,0.1515,0.0312,0.0699,0.1495,0.0169,0.4721,0.0769,0.0319
1858,The Role of Content Specificity in Situational Interest and Physical Activity.,2020,PubMed/Crossref,,3,motivation,0.2149,0.2264,0.2298,0.029,0.0153,0.0726,0.0128,0.1992
1859,Theoretical Research and Technical and Tactical Practice of Basketball Teaching in Colleges,2020,PubMed/Crossref,,8,attention,0.2529,0.0298,0.0493,0.0409,0.0131,0.0887,0.0177,0.5076
1860,Uncovering the Role of Different Instructional Designs When Learning Tactical Scenes of Play through Dynamic Visualizations: A Systematic Review.,2020,PubMed/Crossref,,1,cognitive;expertise,0.4073,0.1888,0.0697,0.0774,0.0764,0.1104,0.0048,0.0653
1861,"Visual function, performance, and processing of basketball players vs. sedentary individuals.",2020,PubMed/Crossref,,1,perceptual,0.3947,0.1105,0.1313,0.1899,0.0131,0.1303,0.011,0.0192
1862,Visual-motor expertise in athletes: Insights from semiparametric modelling of 2317 athletes tested on the Nike SPARQ Sensory Station.,2020,PubMed/Crossref,,1,expertise;perceptual,0.3692,0.0373,0.2075,0.1382,0.1422,0.0558,0.016,0.0338
1863,"Сomparison of some personal characteristics of students from the UNWE, practicing basketball in educational groups and representative team",2020,PubMed/Crossref,,6,anxiety,0.1771,0.1662,0.0289,0.1034,0.0905,0.2147,0.0396,0.1795
1864,A COMPARISON OF COACHING LEADERSHIP BEHAVIOR PREFERENCES BETWEEN MALE AND FEMALE PAKISTANI INTERVARSITY LEVEL BASKETBALL PLAYERS,2019,PubMed/Crossref,,6,leadership,0.1418,0.0376,0.0811,0.0642,0.019,0.598,0.016,0.0424
1865,A response to te Nijenhuis et al. (2019).,2019,PubMed/Crossref,,1,cognition;cognitive,0.3648,0.0344,0.2342,0.1226,0.1314,0.0695,0.0148,0.0283
1866,Ankle Sprain Versus Muscle Strain Injury in Professional Men's Basketball: A 9-Year Prospective Follow-up Study.,2019,PubMed/Crossref,,4,attention,0.167,0.0826,0.0353,0.3346,0.1301,0.1256,0.112,0.0129
1867,"Associations Between Self-Determined Motivation, Team Potency, and Self-Talk in Team Sports",2019,PubMed/Crossref,,1,anxiety;confidence;motivation;perception;psychological;satisfaction;self-talk,0.2378,0.0309,0.2209,0.0673,0.1205,0.1862,0.0571,0.0792
1868,Can losing teams cope with destructive voice behaviour? The role of game results and athletes' perceived motivational climate.,2019,PubMed/Crossref,,6,motivational,0.086,0.0866,0.0292,0.1294,0.0139,0.4428,0.0422,0.1699
1869,Changes in tactical performance and self-efficacy on young female basketball players,2019,PubMed/Crossref,,2,self-efficacy,0.2165,0.2549,0.1249,0.042,0.0217,0.0758,0.0182,0.246
1870,Comparison of Mental Toughness and Social Interaction Among Female Players of the Physical Education and Sports Science Colleges Basketball Teams in the Middle Euphrates Universities.,2019,PubMed/Crossref,,8,mental,0.2315,0.0796,0.0489,0.0347,0.0182,0.1263,0.0578,0.403
1871,Correlation between motivation and different psychological constructs in a female basketball school team,2019,PubMed/Crossref,,8,motivation;psychological;resilience;resiliencia;satisfaction,0.0941,0.2355,0.0447,0.1404,0.007,0.113,0.0065,0.3588
1872,Counter-Intentional Errors of Basketball Free Throw Shooting Under Elevated Pressure: An Educational Approach of Task Instruction,2019,PubMed/Crossref,,1,anxiety;mental,0.5107,0.0214,0.0894,0.1711,0.1058,0.0295,0.009,0.063
1873,Current Approaches to the Use of Artificial Intelligence for Injury Risk Assessment and Performance Prediction in Team Sports: a Systematic Review.,2019,PubMed/Crossref,,1,decision,0.2965,0.1149,0.0597,0.1361,0.1185,0.1331,0.092,0.049
1874,Development of Team Cohesion and Sustained Collaboration Skills with the Sport Education Model,2019,PubMed/Crossref,,8,cohesion,0.2011,0.0619,0.0971,0.0182,0.0097,0.1361,0.1676,0.3083
1875,Divided attention during cutting influences lower extremity mechanics in female athletes.,2019,PubMed/Crossref,,1,attention,0.2336,0.0457,0.0334,0.203,0.1894,0.0639,0.1936,0.0375
1876,Do sporting experiences predict team cohesion in youth athletes?,2019,PubMed/Crossref,,6,cognitive;cohesion;perception,0.1349,0.0461,0.0478,0.0213,0.0112,0.5141,0.2065,0.0183
1877,Does self-determined motivation interact with environmental contexts to influence moderate-to-vigorous physical activity during a girls' youth sport camp?,2019,PubMed/Crossref,,3,motivation,0.1077,0.0448,0.3243,0.0242,0.0407,0.2492,0.0107,0.1983
1878,Dynamics of physical and technical preparedness of female basketball players at the training stage,2019,PubMed/Crossref,,3,attention,0.1782,0.0725,0.2268,0.0326,0.0163,0.2247,0.2254,0.0235
1879,Efecto de la modalidad de juego en baloncesto (5vs.5 y 3vs.3) sobre conductas motrices y psicológicas en alumnado de 9-11 años (Effect of game form (5vs.5 and 3vs.3) on motor and psychological behaviours in under-11 basketball),2019,PubMed/Crossref,,8,emotions;psychological,0.2364,0.0706,0.075,0.0552,0.0625,0.0243,0.12,0.356
1880,"Effect of an educational program with visual effects on the development of sensory perception, motor compatibility and accuracy of basketball correction for deaf students",2019,PubMed/Crossref,,1,mental;perception,0.4704,0.0196,0.0703,0.0989,0.0088,0.1665,0.0316,0.1337
1881,Effect of imagery on freethrow shooting in basketball extraculicular,2019,PubMed/Crossref,,3,imagery,0.2126,0.0362,0.4846,0.0347,0.0182,0.0549,0.0154,0.1434
1882,"Effect of shoe wearing time and midsole hardness on ground reaction forces, ankle stability and perceived comfort in basketball landing.",2019,PubMed/Crossref,,7,perception,0.1261,0.0571,0.0198,0.0172,0.0594,0.0429,0.4942,0.1835
1883,"Effects of antisocial behaviour on opponent's anger, attention, and performance.",2019,PubMed/Crossref,,1,attention;cognition;emotion,0.6116,0.0299,0.0652,0.192,0.0125,0.0334,0.0372,0.0182
1884,"Emergency Department Visits for Sports- and Recreation-Related Traumatic Brain Injuries Among Children - United States, 2010-2016.",2019,PubMed/Crossref,,1,cognitive;emotional,0.3736,0.1093,0.0447,0.2851,0.0379,0.103,0.0306,0.0157
1885,"Epidemiology of Glenohumeral Instability Related to Sporting Activities Using the FEDS (Frequency, Etiology, Direction, and Severity) Classification System: A Multicenter Analysis.",2019,PubMed/Crossref,,4,attention,0.1157,0.1083,0.0154,0.4907,0.0545,0.0583,0.0656,0.0915
1886,Epidemiology of physical activity-related injuries in Chinese university students.,2019,PubMed/Crossref,,4,attention,0.1455,0.0737,0.0217,0.3398,0.0313,0.1882,0.0394,0.1604
1887,Especial skill vs. quiet eye duration in basketball free throw: Evidence for the inhibition of competing task solutions.,2019,PubMed/Crossref,,1,expertise,0.6013,0.0485,0.0248,0.1494,0.1134,0.0356,0.0099,0.0172
1888,Exercise as an Alternative Approach for Treating Smartphone Addiction: A Systematic Review and Meta-Analysis of Random Controlled Trials.,2019,PubMed/Crossref,,1,engagement;mood,0.464,0.0509,0.0666,0.0764,0.071,0.1567,0.0566,0.0578
1889,Focusing attention and its relationship to the accuracy of close shooting in basketball,2019,PubMed/Crossref,,1,attention;psychological,0.4912,0.163,0.0509,0.107,0.0239,0.1094,0.0201,0.0344
1890,Gender (In)equality: A Longitudinal Analysis of Women's Participation in Coaching and Referee Positions in the Brazilian Women’s Basketball League (2010-2017),2019,PubMed/Crossref,,6,leadership,0.0423,0.0835,0.0736,0.2478,0.0051,0.4958,0.0043,0.0476
1891,Goal-directed self-talk used to self-regulate in male basketball competitions.,2019,PubMed/Crossref,,1,cognition;cognitive;emotion;motivational;psychological;psychologists;self-talk,0.5525,0.0728,0.0644,0.0307,0.0158,0.1549,0.0481,0.0609
1892,Impact of Positive and Negative Motivation and Music on Jump Shot Efficiency among NAIA Division I College Basketball Players.,2019,PubMed/Crossref,,3,motivation,0.1024,0.1348,0.3971,0.1209,0.1691,0.0365,0.0104,0.0288
1893,Influence of age and maturation on perceived collective efficacy in youth basketball players,2019,PubMed/Crossref,,6,psychological,0.0861,0.2194,0.0136,0.0825,0.1735,0.3143,0.0048,0.1056
1894,Intraocular Pressure as an Indicator of the Level of Induced Anxiety in Basketball,2019,PubMed/Crossref,,5,anxiety;mental,0.2486,0.1759,0.0562,0.0218,0.3332,0.0539,0.062,0.0486
1895,"Investigation of Strength, Flexibility and Balance Parameters with Performance Dimension in Basketball Players",2019,PubMed/Crossref,,1,attention,0.456,0.1826,0.1847,0.0274,0.0486,0.0372,0.012,0.0515
1896,Is Self Talk of Athletes One of the Determinants of Their Continuous Sportive Confidence Level?,2019,PubMed/Crossref,,3,confidence;psychological;self,0.1959,0.0579,0.2621,0.0564,0.0135,0.176,0.0404,0.1979
1897,Leadership in the locker room: How the intensity of leaders' unpleasant affective displays shapes team performance.,2019,PubMed/Crossref,,1,attention;emotions;leadership,0.3622,0.0951,0.0708,0.2687,0.0371,0.0861,0.0099,0.0701
1898,Mechanical and Microstructural Properties of Pediatric Anterior Cruciate Ligaments and Autograft Tendons Used for Reconstruction.,2019,PubMed/Crossref,,4,stress,0.1318,0.0589,0.0609,0.3098,0.0499,0.0518,0.2989,0.0379
1899,Necesidades psicológicas básicas y motivación en jóvenes jugadores de baloncesto brasileños,2019,PubMed/Crossref,,8,motivation;psychological;satisfaction,0.1022,0.1993,0.0656,0.0985,0.0075,0.0792,0.0064,0.4413
1900,"No Pain, No Gain? Prevalence, Location, Context, and Coping Strategies with Regard to Pain Among Young German Elite Basketball Players.",2019,PubMed/Crossref,,4,attention;coping,0.2212,0.1094,0.0384,0.2902,0.0695,0.1731,0.0321,0.066
1901,"Perceived Training Load, Muscle Soreness, Stress, Fatigue, and Sleep Quality in Professional Basketball: A Full Season Study",2019,PubMed/Crossref,,2,stress,0.0552,0.4933,0.2835,0.0547,0.0136,0.0688,0.0114,0.0194
1902,Perception and Action in Sports. On the Functionality of Foveal and Peripheral Vision.,2019,PubMed/Crossref,,1,attention;perception,0.4859,0.0645,0.2396,0.0828,0.0531,0.05,0.0088,0.0152
1903,Predictive variables of emotional intensity and motivational orientation in the sports initiation of basketball,2019,PubMed/Crossref,,1,emotion;emotional;emotions;motivation;motivational,0.3777,0.0795,0.1653,0.0493,0.0126,0.1783,0.0057,0.1316
1904,"Prevalence of Musculoskeletal Injuries, Pain, and Illnesses in Elite Female Basketball Players.",2019,PubMed/Crossref,,4,attention,0.1724,0.1738,0.0617,0.3784,0.0102,0.1787,0.0088,0.0161
1905,Relationship Between Agility Performance and Cognitive Parameters of Female Basketball Players,2019,PubMed/Crossref,,1,cognitive;decision;decision-making;perception;perceptual,0.2662,0.2264,0.2346,0.0467,0.0591,0.1425,0.009,0.0156
1906,Shoe Cushioning Effects on Foot Loading and Comfort Perception during Typical Basketball Maneuvers,2019,PubMed/Crossref,,7,perception,0.0575,0.0684,0.0171,0.0154,0.164,0.2058,0.3097,0.1622
1907,Short-term optimal load training vs a modified complex training in semi-professional basketball players.,2019,PubMed/Crossref,,3,confidence,0.1925,0.285,0.3447,0.0194,0.1085,0.0266,0.0086,0.0147
1908,Sport science applied to basketball refereeing: a narrative review.,2019,PubMed/Crossref,,1,cognitive;decision-making;decisions;mental;perceptual,0.3138,0.2114,0.25,0.0162,0.0979,0.0667,0.0072,0.0368
1909,Stress Relaxation and Targeted Nutrition to Treat Patellar Tendinopathy.,2019,PubMed/Crossref,,4,stress,0.0918,0.1058,0.1979,0.2481,0.0131,0.1672,0.1568,0.0194
1910,SUCCESSFUL PERFORMANCE OF BASKETBALL TEAMS DEPENDING ON PERCEPTION OF COACH LEADERSHIP QUALITIES,2019,PubMed/Crossref,,6,leadership;perception,0.0984,0.2031,0.087,0.171,0.0085,0.3711,0.0073,0.0536
1911,The effect of a psychological counseling program on improving the cognitive aspect from (rigidity to flexibility) and learning some basic basketball skills.,2019,PubMed/Crossref,,8,cognitive;psychological,0.3219,0.0497,0.0272,0.023,0.0121,0.1226,0.0102,0.4333
1912,The effect of exposure to sport media on some defensive skills for young basketball players,2019,PubMed/Crossref,,1,motivation,0.3253,0.139,0.0908,0.0177,0.0095,0.2957,0.0295,0.0924
1913,The Effect of Imagery Training on The Improvement of Basketball Game Free Throw Skills in Basketball Extracurricular Students of SMA Negeri 8 Surakarta,2019,PubMed/Crossref,,3,imagery,0.2147,0.119,0.3168,0.0447,0.0092,0.1037,0.0077,0.1842
1914,The predictive value of composite skill performance in terms of selective attention according to the cognitive burden and some basic skills of the basketball,2019,PubMed/Crossref,,1,attention;cognitive;mental,0.4763,0.0304,0.1097,0.0542,0.0127,0.2581,0.0108,0.0478
1915,The psychological skills of basketball athletes: Are there any differences based on the playing position?,2019,PubMed/Crossref,,6,psychological,0.1705,0.0237,0.0254,0.1011,0.0121,0.6034,0.0102,0.0537
1916,The Relationship Between Cognitive Style (Risk-Taking - Caution) and the Performance of the Fixed and Moving Shooting Skills in Basketball for First-Year Female Students,2019,PubMed/Crossref,,8,cognitive,0.0973,0.0188,0.0235,0.1423,0.0096,0.1491,0.0701,0.4895
1917,The Relationship Between Perceptions of Winning and Achievement Goals of Female Basketball Players,2019,PubMed/Crossref,,6,perception,0.201,0.1398,0.075,0.0322,0.0169,0.2506,0.2201,0.0643
1918,The Relationship of Shooting Skill with Functional Movement Performance and Attention Level of Basketball Players,2019,PubMed/Crossref,,1,attention,0.5314,0.1946,0.0423,0.0646,0.0152,0.0686,0.0128,0.0704
1919,The Role of Training in Basketball Concentration for Elementary Schools,2019,PubMed/Crossref,,1,psychological,0.332,0.0693,0.0941,0.0699,0.2265,0.065,0.0139,0.1293
1920,The use of recreational exercises was affected in cognitive achievement and learning some offensive skills in basketball for students,2019,PubMed/Crossref,,8,attention;cognitive,0.2793,0.1207,0.0404,0.0232,0.0123,0.2178,0.0111,0.2953
1921,Use of Machine Learning to Automate the Identification of Basketball Strategies Using Whole Team Player Tracking Data,2019,PubMed/Crossref,,1,decision,0.6159,0.0721,0.0746,0.0876,0.0737,0.0516,0.0083,0.0162
1922,Using video simulations and virtual reality to improve decision-making skills in basketball.,2019,PubMed/Crossref,,1,decision-making,0.2947,0.0917,0.2576,0.0197,0.0724,0.1456,0.0339,0.0845
1923,Variation in perceived collective efficacy among adolescent basketball players across 4-month competitive season.,2019,PubMed/Crossref,,6,perception,0.1536,0.07,0.0155,0.0578,0.0303,0.4466,0.0411,0.1852
1924,3×3 Basketball: Performance Characteristics and Changes During Elite Tournament Competition,2018,PubMed/Crossref,,2,confidence,0.1868,0.6423,0.0236,0.0848,0.0118,0.0288,0.0081,0.0139
1925,A Comparative study between basic and substitute players in physical – technical and functional performance of south oil club basketball players,2018,PubMed/Crossref,,6,stress,0.2698,0.0657,0.0961,0.03,0.0158,0.4162,0.0824,0.0241
1926,A Wearable Device to Detect in Real-Time Bimanual Gestures of Basketball Players During Training Sessions,2018,PubMed/Crossref,,1,cognition,0.539,0.0498,0.0552,0.0792,0.0371,0.1343,0.087,0.0184
1927,An Examination of Concentration and Mental Toughness in Professional Basketball Players,2018,PubMed/Crossref,,6,confidence;mental,0.0615,0.0299,0.144,0.0272,0.1486,0.3339,0.2334,0.0215
1928,An experiment on the impact of coaches' and athlete leaders' competence support on athletes' motivation and performance.,2018,PubMed/Crossref,,8,cognitive;confidence;motivation;motivational;satisfaction,0.1238,0.0154,0.0682,0.2341,0.0086,0.2367,0.0068,0.3065
1929,"Anthropometric Parameters, Age, and Agility as Performance Predictors in Elite Female Basketball Players.",2018,PubMed/Crossref,,3,psychological,0.1373,0.2222,0.3225,0.0794,0.0717,0.0985,0.0536,0.0148
1930,Athletic Identity and Self-Esteem of Wheelchair Basketball Players,2018,PubMed/Crossref,,4,confidence;identity;psychological,0.2144,0.0373,0.1544,0.4238,0.0136,0.1233,0.0114,0.0218
1931,Basketball Game-Related Statistics that Discriminate Between European Players Competing in the NBA and In the Euroleague.,2018,PubMed/Crossref,,2,perception,0.1457,0.388,0.1167,0.0697,0.0766,0.1519,0.0353,0.0162
1932,Center of Pressure and Perceived Stability in Basketball Shoes With Soft and Hard Midsoles.,2018,PubMed/Crossref,,7,perception,0.1281,0.1519,0.0948,0.0312,0.0754,0.0937,0.3064,0.1185
1933,Choking or Delivering Under Pressure? The Case of Elimination Games in NBA Playoffs.,2018,PubMed/Crossref,,6,choking,0.1377,0.2249,0.081,0.1645,0.019,0.2289,0.1154,0.0286
1934,Comparison of Physical and Mental Practice on Acquisition of Basketball Free Shot,2018,PubMed/Crossref,,3,imagery;mental,0.19,0.0447,0.5877,0.0432,0.0227,0.0597,0.0191,0.0327
1935,Comparison of sleep status among three Japanese national wheelchair basketball teams.,2018,PubMed/Crossref,,3,mood,0.2194,0.2069,0.2225,0.1858,0.0148,0.1153,0.0124,0.023
1936,Concussion in University Level Sport: Knowledge and Awareness of Athletes and Coaches.,2018,PubMed/Crossref,,6,attitude,0.16,0.0266,0.0326,0.113,0.2468,0.2657,0.0456,0.1098
1937,Core and Back Rehabilitation for High-speed Rotation Sports: Highlight on Lacrosse.,2018,PubMed/Crossref,,1,stress,0.2256,0.1421,0.1696,0.0415,0.0635,0.2202,0.1206,0.017
1938,Correlation between Factors of Psychological Preparation and Physical Condition and Team Performance in Latvian Youth Basketball,2018,PubMed/Crossref,,6,attention;cohesion;emotional;emotions;mental;motivation;psychological,0.1246,0.2111,0.0428,0.091,0.0411,0.2646,0.1501,0.0746
1939,Decision Making Influences Tibial Impact Accelerations During Lateral Cutting.,2018,PubMed/Crossref,,1,decision,0.2837,0.1056,0.1022,0.0479,0.2479,0.1085,0.0861,0.0181
1940,Discrimination or Motivation? Black Coaches and College Basketball Polls,2018,PubMed/Crossref,,6,motivated;motivation,0.1409,0.1428,0.1401,0.0924,0.0227,0.4031,0.0191,0.0388
1941,Disparities in the Diagnosis of Hypertrophic Obstructive Cardiomyopathy: A Narrative Review of Current Literature.,2018,PubMed/Crossref,,4,emotional,0.1187,0.1474,0.1049,0.3144,0.0607,0.1984,0.0402,0.0152
1942,Does the weight of basketball shoes affect speed and jumping performance?,2018,PubMed/Crossref,,8,psychological,0.2796,0.1775,0.0255,0.0203,0.0568,0.0508,0.009,0.3805
1943,Effectiveness of the mindfulness-acceptance-commitment-based approach on athletic performance and sports competition anxiety: a randomized clinical trial.,2018,PubMed/Crossref,,8,anxiety;mindfulness,0.1202,0.107,0.0995,0.0433,0.2633,0.0629,0.0321,0.2717
1944,Effects of Physical Fitness and Mental Hardness on the Performance of Elite Male Basketball Players,2018,PubMed/Crossref,,6,confidence;mental;psychological,0.1635,0.0447,0.2306,0.1034,0.0488,0.2959,0.0124,0.1006
1945,Electrocardiographic Findings in National Basketball Association Athletes.,2018,PubMed/Crossref,,6,stress,0.166,0.1959,0.1388,0.0909,0.1045,0.205,0.0697,0.0292
1946,Epidemiology and Impact on Performance of Lower Extremity Stress Injuries in Professional Basketball Players.,2018,PubMed/Crossref,,4,stress,0.0356,0.3227,0.0538,0.3931,0.0101,0.0803,0.0924,0.0119
1947,Every Day's a New Day: A Captain's Reflection on a Losing Season.,2018,PubMed/Crossref,,6,leadership;stress;stressors,0.1418,0.0596,0.1175,0.1886,0.0145,0.3003,0.0716,0.1061
1948,Greater body mass index and hip abduction muscle strength predict noncontact anterior cruciate ligament injury in female Japanese high school basketball players.,2018,PubMed/Crossref,,4,attention,0.1479,0.0958,0.1782,0.2958,0.1108,0.0359,0.0584,0.0773
1949,"Growth, functional capacities and motivation for achievement and competitiveness in youth basketball: an interdisciplinary approach.",2018,PubMed/Crossref,,5,motivation;motivations;psychological,0.0625,0.0948,0.0825,0.0547,0.2503,0.2312,0.0462,0.1778
1950,"Heart Rate Monitoring in Basketball: Applications, Player Responses, and Practical Recommendations.",2018,PubMed/Crossref,,1,stress,0.2699,0.2568,0.1763,0.0166,0.0462,0.1319,0.0075,0.0949
1951,High intensity intermittent games-based activity and adolescents' cognition: moderating effect of physical fitness.,2018,PubMed/Crossref,,1,cognition;cognitive,0.3759,0.1147,0.1009,0.0727,0.1546,0.0225,0.0073,0.1513
1952,IMPROVING PERFORMANCE CAPABLE KNOWLEDGE IN YOUTH BASKETBALL BY APPLYING WITH TARGETED SHOOTING PROGRAM,2018,PubMed/Crossref,,6,emotional;mental,0.077,0.0908,0.2432,0.0663,0.0071,0.3649,0.0778,0.073
1953,Incidence and body location of reported acute sport injuries in seven sports using a national insurance database.,2018,PubMed/Crossref,,4,attention,0.2788,0.0778,0.1077,0.4255,0.01,0.0789,0.0077,0.0134
1954,Increased Leg Bone Mineral Density and Content During the Initial Years of College Sport.,2018,PubMed/Crossref,,2,stress,0.0779,0.3346,0.1237,0.0644,0.1905,0.0713,0.0993,0.0383
1955,"Individual Motivations, Motivational Climate, Enjoyment, and Physical Competence Perceptions in Finnish Team Sport Athletes: A Prospective and Retrospective Study.",2018,PubMed/Crossref,,6,motivation;motivational;motivations;perception,0.1972,0.1011,0.1242,0.0359,0.0356,0.2645,0.0075,0.234
1956,"Injuries sustained in National Collegiate Athletic Association men's and women's basketball, 2009/2010-2014/2015.",2018,PubMed/Crossref,,4,attention,0.0422,0.0172,0.1453,0.5746,0.0087,0.1696,0.0074,0.0351
1957,Linking performance decline to choking: players' perceptions in basketball.,2018,PubMed/Crossref,,4,choking;perception,0.2542,0.1098,0.029,0.3683,0.0568,0.109,0.0342,0.0387
1958,Men's Preferences for Physical Activity Interventions: An Exploratory Study Using a Factorial Survey Design Created With R Software.,2018,PubMed/Crossref,,1,cognitive,0.4506,0.0556,0.077,0.0715,0.039,0.1886,0.0331,0.0845
1959,"Mental Toughness in Collegiate Strength and Conditioning: Widely Used, Widely Misunderstood",2018,PubMed/Crossref,,6,mental,0.1996,0.1017,0.1129,0.1061,0.0183,0.2316,0.0907,0.1391
1960,Mindfulness training attenuates the increase in salivary cortisol concentration associated with competition in highly trained wheelchair-basketball players.,2018,PubMed/Crossref,,2,mindfulness,0.1926,0.2872,0.2331,0.0432,0.1249,0.0658,0.0195,0.0336
1961,Motivational Climate Sport Youth Scale: Measurement Invariance Across Gender and Five Different Sports.,2018,PubMed/Crossref,,8,motivational;perception,0.097,0.2525,0.0876,0.0579,0.0214,0.1382,0.0181,0.3272
1962,Noninvasive Assessment of Internal and External Player Load: Implications for Optimizing Athletic Performance.,2018,PubMed/Crossref,,2,stress,0.2268,0.3214,0.1068,0.0182,0.0098,0.1254,0.1057,0.0859
1963,Perception of Global Self-Esteem and Body Fat in Adolescents Engaged in Basketball,2018,PubMed/Crossref,,8,attitude;identity;mental;perception,0.2132,0.1788,0.0869,0.0736,0.0065,0.2002,0.0194,0.2214
1964,Perception-action coupling in complex game play: Exploring the quiet eye in contested basketball jump shots.,2018,PubMed/Crossref,,1,expertise;perception,0.5744,0.066,0.0445,0.1304,0.0781,0.0823,0.0088,0.0155
1965,Physiological Responses to and Athlete and Coach Perceptions of Exertion During Small-Sided Basketball Games.,2018,PubMed/Crossref,,2,cognitive,0.1068,0.412,0.1661,0.0326,0.0173,0.1887,0.0148,0.0618
1966,Plantar Stress-Related Injuries in Male Basketball Players: Variations on Plantar Loads during Different Maximum-Effort Maneuvers.,2018,PubMed/Crossref,,7,stress,0.1505,0.2135,0.0301,0.094,0.0761,0.068,0.3471,0.0206
1967,Policy capturing in small‐group decision making: Using linear programming to assign factor weights for the NCAA Selection Committee's ranking decisions in the 2016 through 2018 men's basketball tournaments,2018,PubMed/Crossref,,6,decision;decisions,0.2316,0.2196,0.0436,0.0421,0.0214,0.3498,0.0174,0.0745
1968,Prevalence and risk of sport types to stress urinary incontinence in sportswomen: A cross-sectional study.,2018,PubMed/Crossref,,4,stress,0.22,0.118,0.1863,0.2559,0.1148,0.0792,0.0088,0.017
1969,Relation between Motor and Cognitive Skills in Italian Basketball Players Aged between 7 and 10 Years Old.,2018,PubMed/Crossref,,1,attention;cognitive,0.4441,0.0221,0.1608,0.0841,0.1197,0.1434,0.0094,0.0164
1970,Relationship of Target-Based Orientation and Competitive Anxiety With Female Basketball Players’ Performance,2018,PubMed/Crossref,,2,anxiety,0.1118,0.3092,0.0475,0.0334,0.2795,0.1779,0.0148,0.0259
1971,Reliability and Sensitivity of Neuromuscular and Perceptual Fatigue Measures in Collegiate Men's Basketball.,2018,PubMed/Crossref,,1,perceptual,0.2204,0.214,0.1934,0.0208,0.1001,0.1292,0.0822,0.04
1972,"Role Strain, Part 1: Experiences of Athletic Trainers Employed in the Professional Sports Setting.",2018,PubMed/Crossref,,7,stress,0.1711,0.1769,0.1892,0.1394,0.0107,0.0563,0.2409,0.0156
1973,"Role Strain, Part 2: Perceptions Among Athletic Trainers Employed in the Professional Practice Setting.",2018,PubMed/Crossref,,7,stress,0.1637,0.1351,0.1476,0.1071,0.0085,0.201,0.2177,0.0193
1974,Salivary BDNF and Cortisol Responses During High-Intensity Exercise and Official Basketball Matches in Sedentary Individuals and Elite Players.,2018,PubMed/Crossref,,1,attention;psychological;stress;stressful;stressors,0.4237,0.1052,0.0925,0.0713,0.2207,0.0588,0.0102,0.0176
1975,Shaq is not Alone: Free-Throws in the Final Moments of a Basketball Game.,2018,PubMed/Crossref,,6,choking,0.1819,0.0243,0.3055,0.0576,0.01,0.3313,0.0303,0.059
1976,Simple AR Basketball For Android Devices,2018,PubMed/Crossref,,4,stress,0.2704,0.0752,0.0779,0.3378,0.0182,0.1329,0.0583,0.0293
1977,Sleep Interventions Designed to Improve Athletic Performance and Recovery: A Systematic Review of Current Approaches.,2018,PubMed/Crossref,,2,psychological,0.147,0.2963,0.1624,0.1145,0.1713,0.058,0.009,0.0414
1978,Sports-Related Concussion Occurrence at Various Time Points During High School Athletic Events: Part 2.,2018,PubMed/Crossref,,4,attention,0.1924,0.0171,0.1916,0.3354,0.0246,0.1164,0.0407,0.0818
1979,The Effects of Core Training on Basketball Athletes’ Antioxidant Capacity,2018,PubMed/Crossref,,1,stress,0.3541,0.2222,0.1829,0.0621,0.0623,0.0933,0.0084,0.0146
1980,The Effects of Playing Multiple High School Sports on National Basketball Association Players' Propensity for Injury and Athletic Performance.,2018,PubMed/Crossref,,6,burnout,0.1132,0.0929,0.1396,0.2002,0.0094,0.2138,0.0286,0.2022
1981,The effects of self-talk on free throw performance and the level of anxiety among male novice basketball players,2018,PubMed/Crossref,,1,anxiety;motivational;self-talk,0.4418,0.0608,0.1699,0.0271,0.1665,0.0702,0.0117,0.052
1982,The examination of motivational climate and goal orientation in basketball players-who did and did not experience a sports injury,2018,PubMed/Crossref,,8,motivational;psychology,0.1404,0.031,0.1585,0.2319,0.1036,0.0617,0.0097,0.2631
1983,The NBA and Youth Basketball: Recommendations for Promoting a Healthy and Positive Experience.,2018,PubMed/Crossref,,6,burnout,0.2189,0.0714,0.0529,0.1135,0.0452,0.299,0.012,0.1872
1984,The power of competence support: The impact of coaches and athlete leaders on intrinsic motivation and performance.,2018,PubMed/Crossref,,6,cognitive;motivating;motivation;motivational;satisfaction,0.0588,0.0167,0.1384,0.248,0.0093,0.2642,0.007,0.2575
1985,The psychomotor vigilance test: a comparison of different test durations in elite athletes.,2018,PubMed/Crossref,,1,attention,0.3781,0.1361,0.1218,0.1428,0.1153,0.0563,0.0183,0.0312
1986,The Role of Psychological Qualities in the Process of the Formation of Sports Skill of Young Basketball Players,2018,PubMed/Crossref,,6,personality;psychological,0.2546,0.0738,0.0765,0.026,0.0135,0.4046,0.1278,0.0233
1987,Thermal Sensations during a Partial-Body Cryostimulation Exposure in Elite Basketball Players.,2018,PubMed/Crossref,,2,attention,0.1068,0.5722,0.0633,0.0243,0.0124,0.1928,0.0104,0.0178
1988,Transferring an Analytical Technique from Ecology to the Sport Sciences.,2018,PubMed/Crossref,,1,cognitive;perceptual,0.3367,0.066,0.2731,0.0442,0.0098,0.1129,0.03,0.1272
1989,University Sports Rivalries Provide Insights on Coalitional Psychology : Territorial Context Influences Reactions to Vocal Signals of Allegiance.,2018,PubMed/Crossref,,1,engagement;psychology,0.1915,0.1132,0.0758,0.1101,0.1774,0.1045,0.0527,0.1749
1990,"A Case of Hepatosplentic T Cell Lymphoma - A Rare, Aggressive Tumor of the Young.",2017,PubMed/Crossref,,1,cognition,0.3484,0.0901,0.1155,0.1987,0.0107,0.0507,0.1474,0.0384
1991,A Review of Player Monitoring Approaches in Basketball: Current Trends and Future Directions.,2017,PubMed/Crossref,,2,perceptual,0.1222,0.2931,0.0994,0.113,0.0945,0.1205,0.0081,0.1493
1992,A scale-based approach to interdisciplinary research and expertise in sports.,2017,PubMed/Crossref,,1,expertise,0.3122,0.0963,0.1414,0.1758,0.0124,0.1379,0.011,0.1131
1993,A Volunteer Basketball Clinic for Children with Disabilities: Professional Development Impact on Student-Athletes and Physical Therapy Students.,2017,PubMed/Crossref,,1,fear;identity;perceptual,0.4738,0.0478,0.0274,0.1237,0.0769,0.0586,0.01,0.1817
1994,"Assessment of multiple intelligence domains, socio economic levels and skills of basketball players Basketbolcuların çoklu zeka alanları, sosyo-ekonomik düzeyleri ve becerilerinin değerlendirilmesi",2017,PubMed/Crossref,,1,cognitive;perception,0.3463,0.2427,0.0156,0.0165,0.0079,0.315,0.0062,0.0499
1995,Cardiovascular and perceptual stress of female basketball referees during women's International matches.,2017,PubMed/Crossref,,2,perceptual;stress,0.1766,0.4567,0.1644,0.0242,0.0127,0.1363,0.0107,0.0184
1996,Comparative Influence of Sport Type on Outcome After Anterior Cruciate Ligament Reconstruction at Minimum 2-Year Follow-up.,2017,PubMed/Crossref,,1,attention;mental,0.2362,0.0276,0.0624,0.104,0.0927,0.1779,0.2212,0.078
1997,Comparison of Aerobic Performance Testing Protocols in Elite Male Wheelchair Basketball Players.,2017,PubMed/Crossref,,1,stress,0.2489,0.2136,0.0399,0.212,0.1806,0.0292,0.0092,0.0666
1998,Conflict Management and Cultural Reparation: Consulting “Below Zero” With a College Basketball Team,2017,PubMed/Crossref,,6,leadership;psychology,0.2214,0.0207,0.0279,0.1676,0.0322,0.3503,0.1201,0.0597
1999,Correlation between sleep and psychological mood states in female wheelchair basketball players on a Japanese national team.,2017,PubMed/Crossref,,3,mood;psychological,0.0604,0.1199,0.4011,0.1604,0.1241,0.0731,0.0107,0.0503
2000,"Does Context, Practice or Competition affect Female Athletes' Achievement Goal Dominance, Goal Pursuit, Burnout and Motivation?",2017,PubMed/Crossref,,7,burnout;emotional;motivation;motivational,0.0516,0.0742,0.2732,0.0242,0.0402,0.0683,0.3193,0.149
2001,Emotional balance and its relationship to fast – slow thinking and learning the skill of peaceful basketball scoring,2017,PubMed/Crossref,,1,emotional;mental,0.5888,0.0376,0.148,0.0384,0.0968,0.0485,0.0154,0.0265
2002,Epidemiologic Measures for Quantifying the Incidence of Concussion in National Collegiate Athletic Association Sports.,2017,PubMed/Crossref,,4,decision,0.0998,0.077,0.0539,0.3297,0.285,0.125,0.02,0.0096
2003,Establishing Baseline Normative Values for the Child Sport Concussion Assessment Tool.,2017,PubMed/Crossref,,1,cognition;cognitive;decision,0.4419,0.0274,0.0359,0.1544,0.2485,0.0775,0.0053,0.0092
2004,Examination of decision-making styles of Turkish Basketball Federation referees Türkiye Basketbol Federasyonu klasman hakemlerinin karar verme stillerinin incelenmesi,2017,PubMed/Crossref,,1,decision;decision-making,0.314,0.0869,0.2994,0.0491,0.0315,0.0536,0.0084,0.1571
2005,"Examination of the Burnout Levels of Basketball Players in Terms of Gender, Age and Experience",2017,PubMed/Crossref,,8,burnout;emotional,0.1175,0.1672,0.0392,0.0329,0.1314,0.2297,0.0133,0.2689
2006,Examining the Relationship between Referee Self-efficacy and General Self-efficacy Levels of Basketball Referees in Terms of Certain Variables,2017,PubMed/Crossref,,3,decision;self-efficacy,0.1255,0.0578,0.2727,0.0186,0.0704,0.2585,0.0077,0.1887
2007,"Fluid Balance in Team Sport Athletes and the Effect of Hypohydration on Cognitive, Technical, and Physical Performance.",2017,PubMed/Crossref,,1,cognitive;stress,0.3195,0.3149,0.0992,0.0957,0.0478,0.0699,0.0354,0.0175
2008,Folkloric Elements in the Internet Image of the Professional Basketball Player,2017,PubMed/Crossref,,1,motivational;perception,0.3357,0.0593,0.1155,0.0677,0.0098,0.2126,0.0255,0.1739
2009,Give My Poor Heart Ease.,2017,PubMed/Crossref,,8,psychology,0.0973,0.1477,0.1504,0.1351,0.0127,0.1759,0.0387,0.2422
2010,Growth plate injury at the base of the coracoid: MRI features.,2017,PubMed/Crossref,,4,attention,0.1065,0.0411,0.0599,0.4728,0.0291,0.0723,0.1627,0.0557
2011,How stressors are dynamically appraised within a team during a game: An exploratory study in basketball.,2017,PubMed/Crossref,,1,stress;stressors,0.3829,0.1107,0.0707,0.0938,0.013,0.1964,0.0108,0.1218
2012,Illusory Facets of Sport: The Case of the Duke University Basketball Team,2017,PubMed/Crossref,,1,perception,0.2258,0.1156,0.0601,0.1778,0.0482,0.2201,0.013,0.1394
2013,Impact of Bony Stress Injuries on Professional Basketball Performance,2017,PubMed/Crossref,,4,stress,0.0341,0.3024,0.0587,0.383,0.0272,0.0612,0.1217,0.0116
2014,Impact of spectator motivation on long-term sustainability for women’s basketball league,2017,PubMed/Crossref,,3,attitudes;cognition;motivation,0.157,0.1245,0.2417,0.1677,0.0402,0.13,0.0123,0.1266
2015,Inattentional blindness for a gun during a simulated police vehicle stop.,2017,PubMed/Crossref,,4,attention,0.1086,0.0311,0.1513,0.5079,0.0482,0.0748,0.013,0.0649
2016,Influence of acute stress on decision outcomes and heuristics.,2017,PubMed/Crossref,,1,decision;decision-making;decisions;mental;stress,0.3728,0.3646,0.0284,0.0256,0.1408,0.0369,0.0114,0.0194
2017,"Leadership behaviors of coaches, perceived by athletes in basketball and self efficacy in youth sport.",2017,PubMed/Crossref,,6,leadership;motivational;self,0.1641,0.0495,0.0798,0.1256,0.0115,0.4931,0.0097,0.0669
2018,Middle and Elementary School Students’ Changes in Self-Determined Motivation in a Basketball Unit Taught using the Tactical Games Model,2017,PubMed/Crossref,,8,attention;engagement;motivation;satisfaction,0.1893,0.0301,0.0695,0.0826,0.0069,0.1951,0.0058,0.4208
2019,"Mindfulness Intervention With a U.S. Women’s NCAA Division I Basketball Team: Impact on Stress, Athletic Coping Skills and Perceptions of Intervention",2017,PubMed/Crossref,,1,coping;mindfulness;stress,0.2121,0.1485,0.1968,0.1103,0.017,0.1529,0.0146,0.1477
2020,Mood and Performance Anxiety in High School Basketball Players: A Pilot Study.,2017,PubMed/Crossref,,1,anxiety;mood;psychological,0.2432,0.0519,0.1616,0.0282,0.1394,0.1805,0.0084,0.1868
2021,Motor learning strategies in basketball players and its implications for ACL injury prevention: a randomized controlled trial.,2017,PubMed/Crossref,,1,attention;motor,0.4034,0.0205,0.2263,0.0514,0.0528,0.0264,0.1557,0.0635
2022,Nutritional supplement practices of professional Ugandan athletes: a cross-sectional study.,2017,PubMed/Crossref,,8,motivation,0.2106,0.0533,0.113,0.049,0.0381,0.1218,0.0102,0.404
2023,Repair of the Thumb Ulnar Collateral Ligament With Suture Tape Augmentation.,2017,PubMed/Crossref,,7,stress,0.1834,0.083,0.0528,0.1097,0.021,0.1067,0.4251,0.0185
2024,Retinal Detachment Associated With Basketball-Related Eye Trauma.,2017,PubMed/Crossref,,4,perception,0.2456,0.072,0.0499,0.27,0.1079,0.0443,0.1723,0.038
2025,Rigorous evaluation of a pregnancy prevention program for American Indian youth and adolescents: study protocol for a randomized controlled trial.,2017,PubMed/Crossref,,6,self-efficacy,0.2866,0.0534,0.0713,0.0971,0.0277,0.3162,0.0056,0.1422
2026,Situation criticality and basketball officials' stress levels.,2017,PubMed/Crossref,,3,stress;stressor;stressors,0.2154,0.2282,0.2418,0.0656,0.0489,0.0957,0.008,0.0964
2027,Soccer and Relative Age Effect: A Walk among Elite Players and Young Players.,2017,PubMed/Crossref,,1,cognitive,0.2104,0.1712,0.0749,0.1397,0.1209,0.1843,0.0168,0.0818
2028,The Application of the Human Body Link Stress Analysis Method in the Basketball Movement,2017,PubMed/Crossref,,1,attention;stress,0.248,0.2019,0.1008,0.1007,0.1273,0.0635,0.0201,0.1378
2029,The Basketball warms-ups - theoretical assumptions and practical solutions,2017,PubMed/Crossref,,1,anxiety;attitude;cognitive;confidence;decision;emotional;fear;motivation;perception;psychological;psychologiczne;psychologicznego,0.5001,0.1361,0.0953,0.0479,0.0447,0.1052,0.022,0.0486
2030,The Benefits of Advanced Data Analytics in Basketball: Approach of Managers and Coaches of Lithuanian Basketball League Teams,2017,PubMed/Crossref,,6,attention;decision-making,0.2107,0.0479,0.1199,0.1324,0.0094,0.2687,0.171,0.04
2031,The distant fan segment,2017,PubMed/Crossref,,3,psychological,0.0782,0.1447,0.3146,0.0365,0.0242,0.3135,0.0558,0.0325
2032,"THE EFFECT LEG MUSCLE EXPLOSIVE POWER, FLEXIBILITY, HAND EYE COORDINATION AND CONFIDENCE OF SKILL LAY UP SHOOT BASKETBALL",2017,PubMed/Crossref,,1,confidence,0.3134,0.0157,0.2572,0.0766,0.0936,0.0298,0.0067,0.2071
2033,The Emergence and Management of Role Ambiguity in a Collegiate Basketball Team,2017,PubMed/Crossref,,6,leadership,0.1463,0.0685,0.0391,0.1902,0.0164,0.3809,0.0133,0.1452
2034,"The Epidemiology of Stress Fractures in Collegiate Student-Athletes, 2004-2005 Through 2013-2014 Academic Years.",2017,PubMed/Crossref,,4,stress,0.1254,0.0625,0.0642,0.3175,0.0673,0.1197,0.2293,0.0141
2035,The Examination of the Mentoring Relationship between the Head Coach and Assistant Coaches of Women's Basketball Teams,2017,PubMed/Crossref,,6,leadership,0.201,0.0287,0.0383,0.2781,0.0143,0.3404,0.0782,0.0209
2036,The facilitators and barriers of physical activity among Aboriginal and Torres Strait Islander regional sport participants.,2017,PubMed/Crossref,,1,motivation,0.3574,0.045,0.0268,0.21,0.0111,0.2957,0.0092,0.0448
2037,The impact of two different educational environments on learning some basketball skills among female students of the Faculty of Physical Education and Sports Sciences for Girls,2017,PubMed/Crossref,,6,attention;psychological,0.1921,0.0736,0.0184,0.0575,0.0315,0.338,0.0267,0.2622
2038,Upcoming Paralympic summer games in Rio: what did the German medical team learn from the London Games?,2017,PubMed/Crossref,,4,attention,0.1105,0.0563,0.0791,0.4153,0.029,0.2875,0.0079,0.0143
2039,A COMPARATIVE ANALYSIS OF FLOW STATE IN BASKETBALL PERFORMANCE: A PSYCHOLOGICAL PROBE,2016,PubMed/Crossref,,3,psychological,0.1677,0.0559,0.3657,0.1355,0.0466,0.1687,0.0376,0.0223
2040,A rapid method to non-invasively estimate training-induced hemodynamic changes in top-level athletes.,2016,PubMed/Crossref,,1,expertise,0.3218,0.2089,0.2207,0.0281,0.0469,0.14,0.0124,0.0213
2041,A reflection on using a cognitive behavioural approach to performance enhancement with a junior golfer and basketball player: A trainee’s case study,2016,PubMed/Crossref,,4,cognitive;psychologist;psychology,0.2796,0.046,0.0237,0.2965,0.0112,0.2765,0.0095,0.057
2042,A Research into Evaluation of Basketball Athletes’ Risk Perception Level,2016,PubMed/Crossref,,4,perception;satisfaction,0.0461,0.0416,0.1512,0.3602,0.01,0.2723,0.058,0.0607
2043,Adolescent Femoral Chondral Fragment Fixation With Poly-L-Lactic Acid Chondral Darts.,2016,PubMed/Crossref,,4,cognition;stress,0.1229,0.227,0.0517,0.285,0.048,0.0543,0.1917,0.0195
2044,An Analysis of the Components of Sport Imagery in Basketball Players,2016,PubMed/Crossref,,3,imagery,0.1107,0.0542,0.403,0.1106,0.0252,0.2383,0.0212,0.0369
2045,Athletic Cardiac Remodeling in US Professional Basketball Players.,2016,PubMed/Crossref,,2,cognition;stress,0.2154,0.2803,0.0174,0.0959,0.1706,0.1836,0.0072,0.0296
2046,Chaining Functional Basketball Sequences (with Embedded Conditional Discriminations) in an Adolescent with Autism.,2016,PubMed/Crossref,,1,attention,0.4046,0.0911,0.0546,0.1082,0.0144,0.2501,0.012,0.065
2047,Collegiate coaches' knowledge of the female athlete triad in relation to sport type.,2016,PubMed/Crossref,,6,confidence,0.1301,0.1089,0.0943,0.0233,0.0103,0.4521,0.0102,0.1707
2048,Concussion Increases Odds of Sustaining a Lower Extremity Musculoskeletal Injury After Return to Play Among Collegiate Athletes.,2016,PubMed/Crossref,,4,cognition;cognitive,0.1197,0.2437,0.0937,0.2942,0.177,0.0577,0.0047,0.0093
2049,Defensive pressure affects basketball technical actions but not the time-motion variables.,2016,PubMed/Crossref,,2,decisions,0.3386,0.3897,0.0615,0.0454,0.0354,0.1016,0.0094,0.0183
2050,Does Relative Age Affect Career Length in North American Professional Sports?,2016,PubMed/Crossref,,6,expertise,0.1301,0.0263,0.1108,0.1664,0.0112,0.4081,0.1303,0.0168
2051,"Does small-sided-games' court area influence metabolic, perceptual, and physical performance parameters of young elite basketball players?",2016,PubMed/Crossref,,2,perception;perceptual,0.2162,0.325,0.1291,0.0313,0.1392,0.121,0.0141,0.024
2052,Doping Attitudes and Covariates of Potential Doping Behaviour in High-Level Team-Sport Athletes; Gender Specific Analysis.,2016,PubMed/Crossref,,4,attitudes;cognitive,0.1274,0.0608,0.2459,0.3873,0.0147,0.0447,0.0124,0.1068
2053,Effect of body mass and midsole hardness on kinetic and perceptual variables during basketball landing manoeuvres.,2016,PubMed/Crossref,,7,perceptual,0.2046,0.1943,0.0571,0.0203,0.0462,0.0277,0.2858,0.1639
2054,Extrinsic visual feedback and additional cognitive/physical demands affect single-limb balance control in individuals with ankle instability.,2016,PubMed/Crossref,,3,cognitive,0.1478,0.301,0.3491,0.0811,0.0376,0.0165,0.0581,0.0088
2055,"FROM ACUTE ACHILLES TENDON RUPTURE TO RETURN TO PLAY - A CASE REPORT EVALUATING RECOVERY OF TENDON STRUCTURE, MECHANICAL PROPERTIES, CLINICAL AND FUNCTIONAL OUTCOMES.",2016,PubMed/Crossref,,1,decision-making,0.3216,0.2053,0.0385,0.0698,0.0355,0.0683,0.2052,0.0559
2056,Gaze-contingent training enhances perceptual skill acquisition.,2016,PubMed/Crossref,,3,cognitive;decision;decision-making;perceptual,0.3264,0.0433,0.4276,0.018,0.0108,0.0675,0.0894,0.017
2057,Gestión y evaluación del rendimiento en baloncesto: una revisión sistemática del software (Management and performance analysis in basketball: a systematic review of software),2016,PubMed/Crossref,,8,decision,0.1981,0.146,0.0278,0.1522,0.0205,0.2028,0.023,0.2296
2058,Influence of Physiological Loading on the Lumbar Spine of National Level Athletes in Different Sports.,2016,PubMed/Crossref,,2,stress,0.1248,0.3022,0.0751,0.226,0.0537,0.163,0.0356,0.0196
2059,Lower Limb Neuromuscular Asymmetry in Volleyball and Basketball Players.,2016,PubMed/Crossref,,1,perception,0.4497,0.0487,0.0866,0.0263,0.2359,0.0614,0.0119,0.0794
2060,Psychological traits regarding competitiveness are related to the incidence of anterior cruciate ligament injury in high school female athletes.,2016,PubMed/Crossref,,4,confidence;decision;psychological,0.1968,0.0768,0.0487,0.2612,0.0659,0.1521,0.0104,0.188
2061,Quality of life perception of basketball master athletes: association with physical activity level and sports injuries.,2016,PubMed/Crossref,,1,emotional;mental;perception,0.3263,0.0244,0.0708,0.2432,0.0418,0.1196,0.0106,0.1631
2062,Sport-Specific Yearly Risk and Incidence of Anterior Cruciate Ligament Tears in High School Athletes: A Systematic Review and Meta-analysis.,2016,PubMed/Crossref,,4,decision,0.1376,0.0449,0.0188,0.4116,0.1135,0.1735,0.0431,0.057
2063,The Coaching Behavior Scale for Sport (CBS-S): A psychometric evaluation of the Swedish version.,2016,PubMed/Crossref,,6,confidence,0.1835,0.083,0.0385,0.1555,0.0576,0.2857,0.0548,0.1413
2064,The Training of Highly Skilled Basketball Players and its Evaluation: The Context of a Microstructure,2016,PubMed/Crossref,,1,attention,0.3598,0.1827,0.2568,0.0143,0.009,0.1204,0.0062,0.0508
2065,Troponin and exercise.,2016,PubMed/Crossref,,1,stress,0.2884,0.1572,0.1022,0.1468,0.1119,0.089,0.0494,0.0551
2066,Use of mental techniques for competition and recovery in professional athletes.,2016,PubMed/Crossref,,3,mental,0.2659,0.0906,0.4002,0.1457,0.0115,0.0352,0.0344,0.0165
2067,Variations in oxidative stress markers in elite basketball players at the beginning and end of a season.,2016,PubMed/Crossref,,2,stress,0.1844,0.3685,0.1087,0.1467,0.0819,0.0894,0.0074,0.0131
2068,Vitamin D Deficiency Among Professional Basketball Players.,2016,PubMed/Crossref,,2,stress,0.1062,0.243,0.0294,0.1775,0.1981,0.0873,0.1461,0.0124
2069,Volleyball and Basketball Enhanced Bone Mass in Prepubescent Boys.,2016,PubMed/Crossref,,2,stress;stressed,0.1244,0.2833,0.2331,0.1413,0.0103,0.0967,0.0961,0.0147
2070,A Comparative Study of Competitive Anxiety between Basketball and Volleyball Players,2015,PubMed/Crossref,,5,anxiety;cognitive;emotional;psychological,0.2819,0.106,0.0656,0.0454,0.3667,0.0825,0.0191,0.0327
2071,A Guided Reflection Intervention for High Performance Basketball Coaches,2015,PubMed/Crossref,,6,motivation;satisfaction,0.1034,0.0185,0.047,0.0391,0.0092,0.5615,0.0078,0.2135
2072,A longitudinal pilot study of depressive symptoms in concussed and injured/nonconcussed National Collegiate Athletic Association Division I student-athletes.,2015,PubMed/Crossref,,5,depression;depressive,0.153,0.0182,0.0631,0.0814,0.4842,0.1167,0.0534,0.0301
2073,A team fares well with a fair coach: Predictors of social loafing in interactive female sport teams.,2015,PubMed/Crossref,,8,cohesion;motivational,0.0662,0.0679,0.0351,0.0311,0.0175,0.2833,0.1196,0.3793
2074,Acute Effects of Carbohydrate Supplementation on Intermittent Sports Performance.,2015,PubMed/Crossref,,1,cognition,0.5154,0.115,0.1554,0.0332,0.1104,0.054,0.0059,0.0106
2075,ARE SUNK COSTS IRRELEVANT? EVIDENCE FROM PLAYING TIME IN THE NATIONAL BASKETBALL ASSOCIATION,2015,PubMed/Crossref,,6,decision,0.2759,0.0434,0.0436,0.1355,0.0207,0.2979,0.1069,0.0762
2076,Comparison of Home Advantage in College and Professional Team Sports in the United States.,2015,PubMed/Crossref,,3,psychological,0.0722,0.1288,0.4693,0.052,0.0705,0.1689,0.0121,0.0262
2077,"Comparison of inflammatory responses and muscle damage indices following a soccer, basketball, volleyball and handball game at an elite competitive level.",2015,PubMed/Crossref,,5,stress,0.1186,0.1385,0.0866,0.1852,0.3852,0.0456,0.0148,0.0255
2078,"Concussion under-reporting and pressure from coaches, teammates, fans, and parents.",2015,PubMed/Crossref,,5,cognitions;decisions,0.1888,0.0267,0.1338,0.1562,0.246,0.1967,0.006,0.0456
2079,Connecting Athletes' Self-Perceptions and Metaperceptions of Competence: a Structural Equation Modeling Approach.,2015,PubMed/Crossref,,8,motivation;perception,0.1012,0.0325,0.1763,0.0663,0.0163,0.2503,0.0139,0.3433
2080,Does Testosterone Modulate Mood States and Physical Performance in Young Basketball Players?,2015,PubMed/Crossref,,3,mood,0.0614,0.3176,0.3531,0.0274,0.1688,0.0389,0.0121,0.0206
2081,EFFECT OF INFORMATION PROCESSING AND DEPTH PERCEPTION UPON THROWING ACCURACY OF BASKETBALL PLAYERS,2015,PubMed/Crossref,,1,perception;perceptual,0.362,0.1521,0.0865,0.033,0.0163,0.3014,0.0147,0.034
2082,Examining choking in basketball: effects of game outcome and situational variables during last 5 minutes and overtimes.,2015,PubMed/Crossref,,6,choking,0.1256,0.2658,0.1241,0.0881,0.0182,0.2889,0.0548,0.0345
2083,Factors That Influence Park Use and Physical Activity in Predominantly Hispanic and Low-Income Neighborhoods.,2015,PubMed/Crossref,,1,motivation;motivators,0.4471,0.1813,0.0389,0.1273,0.0123,0.1599,0.0102,0.0229
2084,"From the Myth of Level Playing Fields to the Reality of a Finite Planet: Comment on ""A Global Social Support System: What the International Community Could Learn From the United States' National Basketball Association's Scheme for Redistribution of New Talent"".",2015,PubMed/Crossref,,1,attention,0.3715,0.1768,0.1353,0.071,0.0106,0.1495,0.0316,0.0538
2085,Implicit measures of beliefs about sport ability in swimming and basketball,2015,PubMed/Crossref,,3,motivation,0.1144,0.0984,0.2288,0.1616,0.0266,0.1715,0.0224,0.1761
2086,Improving the special compatibility and its impact on the development of the performance of some of the basketball-composite offensive skills for female students of the Faculty of Mathematical Education for Girls,2015,PubMed/Crossref,,1,attention,0.4586,0.0165,0.0252,0.0161,0.0087,0.1781,0.007,0.2899
2087,Increasing girls' physical activity during a short-term organized youth sport basketball program: A randomized controlled trial.,2015,PubMed/Crossref,,8,motivation,0.1583,0.0472,0.2258,0.0419,0.026,0.2376,0.0084,0.2548
2088,Mechanical Determinants of Faster Change of Direction and Agility Performance in Female Basketball Athletes.,2015,PubMed/Crossref,,3,expertise,0.104,0.1132,0.319,0.052,0.1754,0.0781,0.1403,0.018
2089,Mental Toughness and Emotional Maturity in Basketball Performance: Identifying Performance Indicators,2015,PubMed/Crossref,,6,emotional;mental,0.1566,0.0773,0.1821,0.0706,0.0346,0.247,0.179,0.0528
2090,"Mouthguard BITES (behavior, impulsivity, theory evaluation study): what drives mouthguard use among high school basketball and baseball/softball athletes.",2015,PubMed/Crossref,,1,attitudes;decision,0.2208,0.0627,0.0478,0.1942,0.01,0.1502,0.1163,0.1981
2091,Non-Linear Approach in Kinesiology Should Be Preferred to the Linear--A Case of Basketball.,2015,PubMed/Crossref,,6,psychology,0.2368,0.0321,0.1549,0.0691,0.0158,0.4523,0.0133,0.0257
2092,Perceived Sources of Team Confidence in Soccer and Basketball.,2015,PubMed/Crossref,,3,confidence,0.1121,0.0245,0.4498,0.1051,0.009,0.1827,0.0265,0.0904
2093,Performance in sports--With specific emphasis on the effect of intensified training.,2015,PubMed/Crossref,,1,psychological,0.38,0.1251,0.2677,0.0679,0.052,0.0635,0.0083,0.0354
2094,Pre- performance routines followed by free throw shooting accuracy in secondary basketball players,2015,PubMed/Crossref,,3,imagery;mental,0.2171,0.0548,0.5384,0.0274,0.0131,0.0344,0.0111,0.1037
2095,Self-efficacy and its relationship to the causal attribution of the players of the national wheelchair basketball team,2015,PubMed/Crossref,,1,psychological;self-efficacy,0.33,0.1185,0.0298,0.1094,0.0171,0.272,0.0716,0.0517
2096,Structure of Physical Fitness Among Young Female Basketball Players (Trends of Changes in 2006-2013).,2015,PubMed/Crossref,,4,expertise,0.2478,0.0578,0.14,0.2487,0.0107,0.2476,0.032,0.0154
2097,The effect of mobbing behaviors on burnout of women’s basketball players Mobbing davranışlarının kadın basketbolcuların tükenmişliği üzerine etkisi,2015,PubMed/Crossref,,4,burnout;emotional,0.1537,0.1123,0.1017,0.2369,0.0868,0.1565,0.0137,0.1382
2098,The Effects of Sports Vision Training on Binocular Vision Function in Female University Athletes.,2015,PubMed/Crossref,,1,psychological,0.4936,0.0892,0.2677,0.0199,0.0131,0.069,0.0096,0.0379
2099,The Efficiency of Using Computerized Program on the Level of Technical and Cognitive Performance in Basketball amongst Female in the Faculty of Physical Education at An-najah National University,2015,PubMed/Crossref,,8,cognitive,0.2045,0.065,0.106,0.03,0.0162,0.1773,0.0133,0.3878
2100,The importance of open- and closed-skill agility for team selection of adult male basketball players.,2015,PubMed/Crossref,,1,cognitive;decision-making;perceptual,0.2358,0.1837,0.1956,0.0218,0.0185,0.1563,0.01,0.1783
2101,THE INFLUENCE OF HIP STRENGTH ON KNEE KINEMATICS DURING A SINGLE-LEGGED MEDIAL DROP LANDING AMONG COMPETITIVE COLLEGIATE BASKETBALL PLAYERS.,2015,PubMed/Crossref,,7,attention,0.1646,0.0267,0.269,0.1408,0.0157,0.0503,0.324,0.0089
2102,The King-Devick test for sideline concussion screening in collegiate football.,2015,PubMed/Crossref,,5,attention,0.1481,0.1862,0.168,0.1249,0.2171,0.0705,0.0095,0.0756
2103,The level of selected coordinative motor abilities of basketball players aged 16-18.,2015,PubMed/Crossref,,6,attention,0.2535,0.0765,0.0986,0.0221,0.2018,0.2718,0.0592,0.0165
2104,Using testosterone and cortisol as biomarker for training individualization in elite basketball: a 4-year follow-up study.,2015,PubMed/Crossref,,2,stress;stressed,0.1684,0.277,0.0616,0.0263,0.1828,0.197,0.0114,0.0754
2105,Visual Perception And Its Effect On Reaction Time And Time-Movement Anticipation In Elite Female Basketball Players,2015,PubMed/Crossref,,1,attention;perception,0.3436,0.0348,0.2821,0.0146,0.0876,0.2022,0.0067,0.0284
2106,Visual Perspective and Feedback Guidance for VR Free-Throw Training.,2015,PubMed/Crossref,,1,perception,0.5166,0.0532,0.1751,0.0463,0.0115,0.1132,0.0381,0.0462
2107,White matter plasticity in the cerebellum of elite basketball athletes.,2015,PubMed/Crossref,,1,motor,0.4892,0.032,0.0654,0.031,0.0163,0.1525,0.0137,0.1999
2108,.W.L Impact of using a strategy . In the cognitive achievement and performance of some defense skills in the basketball for second grade students,2014,PubMed/Crossref,,6,attention;cognitive;decision-making,0.2403,0.0495,0.0347,0.0275,0.0063,0.4039,0.042,0.1958
2109,"A comparison of linear speed, closed-skill agility, and open-skill agility qualities between backcourt and frontcourt adult semiprofessional male basketball players.",2014,PubMed/Crossref,,6,cognitive,0.213,0.1742,0.2434,0.0497,0.0082,0.2591,0.0067,0.0458
2110,A model linking sources of stress to approach and avoidance coping styles of Turkish basketball referees.,2014,PubMed/Crossref,,8,cognitive;coping;stress;stressor;stressors,0.1949,0.1254,0.1053,0.0862,0.0353,0.0699,0.0094,0.3737
2111,Active fantasy sports: rationale and feasibility of leveraging online fantasy sports to promote physical activity.,2014,PubMed/Crossref,,1,engagement;motivating,0.5425,0.0634,0.0399,0.1264,0.0098,0.1172,0.0432,0.0576
2112,An assessment of hallux limitus in university basketball players compared with noncompetitive individuals.,2014,PubMed/Crossref,,7,attention,0.2435,0.0454,0.0457,0.2599,0.0217,0.062,0.2907,0.0312
2113,An introduction to sports concussions.,2014,PubMed/Crossref,,5,cognitive,0.2143,0.0794,0.0649,0.2132,0.3235,0.0737,0.0209,0.01
2114,Anxiety and Affect in Successful and Less Successful Elite Female Basketball Players: in-Situ Sampling Before Six Consecutive Games,2014,PubMed/Crossref,,5,anxiety;psychological,0.0952,0.2654,0.0462,0.1542,0.3187,0.0407,0.0102,0.0695
2115,Calling the Screens,2014,PubMed/Crossref,,6,confidence;decision;motivated,0.2035,0.028,0.0631,0.0498,0.0143,0.5193,0.012,0.1099
2116,Child development and pediatric sport and recreational injuries by age.,2014,PubMed/Crossref,,4,cognition;decisions;engagement;perception,0.2414,0.0748,0.0171,0.4358,0.0058,0.1582,0.0287,0.0382
2117,Dependence Between the Level of Motivation and the Assessment of Rehabilitation Efficiency and Sports-Activity After the Injury at Basketball and Handball Players,2014,PubMed/Crossref,,1,motivation,0.2562,0.1562,0.0752,0.2106,0.0836,0.044,0.088,0.0863
2118,Estudio de las variables que participan en los estilos de liderazgo de entrenadores deportivos de baloncesto desde el modelo multidimensional. / Study of the variables involved in the leadership styles of basketball coaches from the multidimensional model,2014,PubMed/Crossref,,6,leadership,0.0925,0.0538,0.0804,0.1712,0.0127,0.2976,0.0107,0.281
2119,Hydration profile and sweat loss perception of male and female division II basketball players during practice.,2014,PubMed/Crossref,,2,perception,0.1141,0.3119,0.2672,0.1519,0.016,0.0819,0.0088,0.0482
2120,I. 'Street of twins': multiple births in Cuba II. The Cuban twin registry: an update / twin research reports: cord entanglement; heritability of clubfoot; school separation / twins and twin researchers in the news: reunited at seventy-eight; basketball duo dissolved; delivered holding hands; the better brew; award winners.,2014,PubMed/Crossref,,6,psychological,0.1796,0.1249,0.0418,0.2433,0.0205,0.2524,0.0168,0.1208
2121,In support of a hot hand in professional basketball and baseball.,2014,PubMed/Crossref,,4,self-efficacy,0.1021,0.1264,0.2075,0.2757,0.0163,0.2298,0.0138,0.0284
2122,In-shoe plantar tri-axial stress profiles during maximum-effort cutting maneuvers.,2014,PubMed/Crossref,,7,stress,0.0601,0.2004,0.0152,0.2208,0.1004,0.0497,0.3273,0.0261
2123,Including stretches to a massage routine improves recovery from official matches in basketball players.,2014,PubMed/Crossref,,2,perception;perceptual,0.0988,0.4428,0.0536,0.129,0.0834,0.0695,0.0096,0.1133
2124,Increasing girls' physical activity during an organised youth sport basketball program: a randomised controlled trial protocol.,2014,PubMed/Crossref,,3,motivation,0.1501,0.0439,0.2237,0.0919,0.0944,0.208,0.0051,0.1829
2125,Injury to ulnar collateral ligament of thumb.,2014,PubMed/Crossref,,4,stress,0.0962,0.205,0.0783,0.2968,0.084,0.0531,0.1474,0.0393
2126,Monitoring of immunological parameters in adolescent basketball athletes during and after a sports season.,2014,PubMed/Crossref,,5,stress,0.1504,0.2252,0.0765,0.1209,0.3089,0.0919,0.0097,0.0165
2127,"Monitoring training load, recovery-stress state, immune-endocrine responses, and physical performance in elite female basketball players during a periodized training program.",2014,PubMed/Crossref,,2,stress,0.0476,0.4,0.3724,0.0206,0.0555,0.0801,0.0088,0.015
2128,Motor capabilities and their relationship to the accuracy of basketball shooting,2014,PubMed/Crossref,,1,psychological,0.4891,0.069,0.158,0.0297,0.0152,0.172,0.0453,0.0216
2129,Multi-Commodity Network Flow for Tracking Multiple People.,2014,PubMed/Crossref,,4,identity,0.1655,0.0628,0.1333,0.2515,0.0152,0.0396,0.2435,0.0885
2130,Normative data for hop tests in high school and collegiate basketball and soccer players.,2014,PubMed/Crossref,,1,decision-making,0.434,0.1002,0.1193,0.1493,0.0118,0.0314,0.0479,0.1062
2131,Oxidative stress status in elite athletes engaged in different sport disciplines.,2014,PubMed/Crossref,,2,engagement;stress,0.1476,0.2824,0.1022,0.0912,0.1644,0.1403,0.0088,0.0631
2132,Perceived distributed effort in team ball sports.,2014,PubMed/Crossref,,2,attention;decision-making;emotions;mental;perception;psychological,0.2677,0.3068,0.0974,0.0659,0.0112,0.1971,0.0349,0.019
2133,Spatial generalization in operant learning: lessons from professional basketball.,2014,PubMed/Crossref,,4,cognitive,0.234,0.0874,0.0757,0.3336,0.01,0.1436,0.0322,0.0836
2134,Sport-related concussions.,2014,PubMed/Crossref,,4,anxiety;cognitive;depression,0.214,0.0748,0.0236,0.2715,0.2289,0.0774,0.0933,0.0166
2135,Sports and health: equivalence or contrariety.,2014,PubMed/Crossref,,4,cognitive,0.2212,0.1184,0.0835,0.3571,0.0112,0.1558,0.0094,0.0433
2136,Sports-related fractures in South East Scotland: an analysis of 990 fractures.,2014,PubMed/Crossref,,7,stress,0.3007,0.0221,0.0466,0.1354,0.0345,0.0594,0.3855,0.0157
2137,The Effect of HRM Quality on Trust and Team Cohesion,2014,PubMed/Crossref,,6,cohesion;perception,0.0998,0.0924,0.0337,0.1649,0.0163,0.4514,0.1168,0.0247
2138,The influence of physical and cognitive factors on reactive agility performance in men basketball players.,2014,PubMed/Crossref,,3,cognitive;decision-making,0.2299,0.1091,0.486,0.0229,0.0655,0.0331,0.0102,0.0434
2139,The microcycle of inflammation and performance changes after a basketball match.,2014,PubMed/Crossref,,1,stress;stressful,0.3362,0.129,0.0686,0.0918,0.2693,0.0384,0.0443,0.0224
2140,The postconcussion syndrome in sports and recreation: clinical features and demography in 138 athletes.,2014,PubMed/Crossref,,5,attention,0.1554,0.1075,0.1037,0.2315,0.289,0.0588,0.0368,0.0174
2141,Training mode's influences on the relationships between training-load models during basketball conditioning.,2014,PubMed/Crossref,,3,perceptual,0.1436,0.2037,0.2466,0.0566,0.0136,0.0972,0.0144,0.2244
2142,"Using biomedical engineering and ""hidden capital"" to provide educational outreach to disadvantaged populations.",2014,PubMed/Crossref,,1,motivation,0.2794,0.0538,0.0954,0.127,0.0127,0.175,0.0781,0.1787
2143,American Medical Society for Sports Medicine position statement: concussion in sport.,2013,PubMed/Crossref,,5,attention;cognition;cognitive;decisions;mental;mood;psychological,0.1946,0.0723,0.0599,0.2006,0.263,0.141,0.0162,0.0524
2144,Analysis of self-determined motivation in basketball players through goal orientations.,2013,PubMed/Crossref,,6,motivation;motivational;perception,0.128,0.0849,0.0889,0.0975,0.1148,0.2305,0.0407,0.2148
2145,"Aortic root disease in athletes: aortic root dilation, anomalous coronary artery, bicuspid aortic valve, and Marfan's syndrome.",2013,PubMed/Crossref,,1,attention;decisions,0.3772,0.1429,0.064,0.2437,0.0144,0.0959,0.022,0.0399
2146,Basketball coaches' utilization of ankle injury prevention strategies.,2013,PubMed/Crossref,,6,expertise,0.2527,0.0171,0.1254,0.0665,0.0074,0.2726,0.0355,0.2227
2147,Basketball in the Key of Law: The Significance of Disputing in Pick-Up Basketball,2013,PubMed/Crossref,,6,motivational,0.1917,0.114,0.0679,0.2043,0.0555,0.2493,0.0907,0.0266
2148,Comparison of the Short-Term Oxidative Stress Response in National League Basketball and Soccer Adolescent Athletes,2013,PubMed/Crossref,,1,stress,0.2855,0.2714,0.1211,0.0769,0.131,0.0425,0.0124,0.0591
2149,Discussing Variance Analysis with the Performance of a Basketball Team,2013,PubMed/Crossref,,3,attention,0.144,0.0949,0.4316,0.1419,0.0156,0.0566,0.0519,0.0634
2150,Effects of polygonum cuspidatum containing resveratrol on inflammation in male professional basketball players.,2013,PubMed/Crossref,,5,stress,0.1824,0.1179,0.0473,0.1233,0.3878,0.0943,0.0181,0.0288
2151,Effects of sports massage and intermittent cold-water immersion on recovery from matches by basketball players.,2013,PubMed/Crossref,,2,perception;perceptual,0.1714,0.4466,0.04,0.1442,0.0524,0.1077,0.0143,0.0233
2152,Examining the diagnostic accuracy of dynamic postural stability measures in differentiating among ankle instability status.,2013,PubMed/Crossref,,7,attention,0.2257,0.1146,0.0228,0.2308,0.0491,0.076,0.269,0.0119
2153,Exceptional functional recovery and return to high-impact sports after Van Nes rotationplasty.,2013,PubMed/Crossref,,7,emotionally;motivated,0.2939,0.0931,0.0234,0.0762,0.0568,0.0517,0.334,0.0709
2154,Field-based physiological testing of wheelchair athletes.,2013,PubMed/Crossref,,4,attention,0.138,0.1029,0.1349,0.2482,0.0356,0.2372,0.0341,0.0691
2155,Hardiness and situation efficacy at elite basketball players.,2013,PubMed/Crossref,,6,psychological;stress;stressful,0.2218,0.1619,0.1494,0.097,0.0298,0.2564,0.0077,0.0759
2156,Medical coverage of youth basketball events.,2013,PubMed/Crossref,,4,confidence,0.1421,0.2276,0.0889,0.3369,0.0158,0.1505,0.0133,0.025
2157,Offensive tactical thinking level of wheelchair basketball players in Arab countries.,2013,PubMed/Crossref,,1,decision-making,0.4428,0.0286,0.036,0.3533,0.0143,0.0575,0.0301,0.0375
2158,Post-concussive syndrome in a female basketball player: a case study.,2013,PubMed/Crossref,,5,cognitive,0.0632,0.1648,0.0328,0.2201,0.2314,0.145,0.0913,0.0515
2159,Prediction of shot success for basketball free throws: Visual search strategy,2013,PubMed/Crossref,,1,attention,0.6959,0.0587,0.1278,0.0167,0.0274,0.0531,0.0072,0.0133
2160,"Safety of sports for athletes with implantable cardioverter-defibrillators: results of a prospective, multinational registry.",2013,PubMed/Crossref,,1,decision,0.2628,0.1182,0.0828,0.1983,0.0135,0.1642,0.0405,0.1197
2161,Salivary IL-21 and IgA responses to a competitive match in elite basketball players.,2013,PubMed/Crossref,,1,stressful,0.2458,0.1872,0.0622,0.0687,0.2363,0.1246,0.0508,0.0244
2162,Sixteen-year-old athlete with chest pain and shortness of breath due to pulmonary emboli.,2013,PubMed/Crossref,,4,decision,0.2121,0.154,0.0853,0.2434,0.0852,0.0847,0.103,0.0322
2163,Sources of Psychological Stress among Basketball Players in Palestine,2013,PubMed/Crossref,,6,psychological;stress,0.1762,0.2238,0.2131,0.0394,0.0207,0.2796,0.0174,0.0298
2164,Sport and team differences on baseline measures of sport-related concussion.,2013,PubMed/Crossref,,1,cognition;cognitive;decision,0.3007,0.0523,0.047,0.099,0.2853,0.1327,0.0287,0.0543
2165,Stresses in the plantar region for long- and short-range throws in women basketball players.,2013,PubMed/Crossref,,5,stress;stresses,0.1582,0.102,0.1608,0.1253,0.1998,0.0658,0.1749,0.0131
2166,Superior reaction to changing directions for skilled basketball defenders but not linked with specialised anticipation,2013,PubMed/Crossref,,1,perceptual,0.5794,0.0658,0.1033,0.0649,0.0894,0.0271,0.0325,0.0376
2167,Symmetry and asymmetry of reaction time and body tissue composition of upper limbs in young female basketball players.,2013,PubMed/Crossref,,1,perception,0.3645,0.1535,0.1286,0.1064,0.1426,0.0836,0.0081,0.0128
2168,The Importance of Parents' Behavior in their Children's Enjoyment and Amotivation in Sports.,2013,PubMed/Crossref,,1,motivation;motivational,0.4025,0.1025,0.1043,0.031,0.1383,0.0487,0.0137,0.159
2169,The importance of soft tissue examination in post-traumatic decision-making: a case report.,2013,PubMed/Crossref,,4,decision-making,0.1393,0.1039,0.0841,0.2594,0.1221,0.113,0.1196,0.0588
2170,What Drives and Motivates the Division III Female Basketball “Benchwarmer” to Compete Every Day?,2013,PubMed/Crossref,,8,leadership;motivates;motivation;satisfaction,0.2112,0.1499,0.0638,0.0389,0.009,0.242,0.005,0.2802
2171,"Wheelchair Basketball: Coaching, Classification, and Chaos",2013,PubMed/Crossref,,1,expertise,0.2922,0.0342,0.1362,0.2385,0.0169,0.2064,0.0142,0.0614
2172,“White men can't jump.” But can they throw? Social perception in European basketball,2013,PubMed/Crossref,,6,perception,0.2361,0.0678,0.0981,0.2084,0.0158,0.3037,0.0134,0.0567
2173,"Associations of muscular fitness with psychological positive health, health complaints, and health risk behaviors in Spanish children and adolescents.",2012,PubMed/Crossref,,6,psychological;satisfaction,0.1629,0.0926,0.1224,0.1551,0.0201,0.3791,0.0053,0.0625
2174,"Energy deficiency, menstrual disturbances and low bone mass: What do Australian exercising females know about the female athlete triad?",2012,PubMed/Crossref,,1,attitudes,0.2687,0.0417,0.0788,0.1877,0.0315,0.1995,0.1163,0.0757
2175,"Energy deficiency, menstrual disturbances, and low bone mass: what do exercising Australian women know about the female athlete triad?",2012,PubMed/Crossref,,1,attitudes,0.2511,0.0432,0.0688,0.1791,0.0322,0.2285,0.1188,0.0784
2176,Epidemiology of recreational archery injuries: implications for archery ranges and injury prevention.,2012,PubMed/Crossref,,4,perception,0.0702,0.0937,0.0501,0.388,0.0595,0.1956,0.0351,0.1078
2177,Monitoring internal load parameters during simulated and official basketball matches.,2012,PubMed/Crossref,,2,stress,0.1642,0.3436,0.2387,0.0188,0.1365,0.0537,0.0083,0.0362
2178,Multimedia Technology Application in Teaching Basketball Skills,2012,PubMed/Crossref,,1,cognitive,0.5149,0.0601,0.1152,0.0581,0.0239,0.1674,0.0211,0.0393
2179,Noise pollution and its relationship to the results of matches among players of some Premier League clubs in basketball,2012,PubMed/Crossref,,1,attention;mental;psychological,0.3812,0.0411,0.0988,0.0583,0.2172,0.1715,0.0116,0.0203
2180,Online video-based resistance training improves the physical capacity of junior basketball athletes.,2012,PubMed/Crossref,,3,confidence,0.2686,0.1019,0.3349,0.0373,0.0651,0.1315,0.0474,0.0133
2181,Optimising technical skills and physical loading in small-sided basketball games.,2012,PubMed/Crossref,,2,confidence,0.2854,0.5471,0.0277,0.0218,0.0237,0.0424,0.0351,0.0167
2182,Plasticity of human handedness: decreased one-hand bias and inter-manual performance asymmetry in expert basketball players.,2012,PubMed/Crossref,,1,expertise,0.3431,0.0581,0.0722,0.2713,0.0125,0.1257,0.0104,0.1067
2183,Predicting performance and injury resilience from movement quality and fitness scores in a basketball team over 2 years.,2012,PubMed/Crossref,,3,resilience,0.2377,0.0598,0.2691,0.1568,0.0189,0.1716,0.0551,0.0311
2184,Role of biofeedback in optimizing psychomotor performance in sports.,2012,PubMed/Crossref,,1,expertise;motivational;psychological;stressed,0.2585,0.1733,0.2158,0.0224,0.1159,0.1035,0.037,0.0736
2185,Sport Concussion Assessment Tool-2: baseline values for high school athletes.,2012,PubMed/Crossref,,5,cognitive;decisions,0.2535,0.0364,0.0371,0.1801,0.2633,0.0242,0.0065,0.1989
2186,Tabletop scenarios for realism in bioterrorism and threat preparedness.,2012,PubMed/Crossref,,6,confidence;mental,0.0753,0.0836,0.2197,0.1721,0.0127,0.2641,0.0108,0.1618
2187,"The ""hot hand"" revisited: A nonstationarity argument.",2012,PubMed/Crossref,,4,attention;cognitive,0.2333,0.1509,0.0745,0.3041,0.0141,0.1862,0.0117,0.0251
2188,The Impact of the Confrontation and Station Methods on Teaching Some Specific Physical Traits and Basic Offensive Skills in Basketball,2012,PubMed/Crossref,,6,motivation,0.2305,0.025,0.0954,0.0242,0.0127,0.4148,0.0108,0.1866
2189,The influence of in‐game emotions on basketball performance,2012,PubMed/Crossref,,1,anxiety;emotion;emotions,0.3822,0.0611,0.2117,0.1305,0.0448,0.1377,0.0117,0.0202
2190,"The interface of nutritional practices of selected basketball players of Nnamdi Azikiwe University, Awka, on performance.",2012,PubMed/Crossref,,4,attention,0.1005,0.1515,0.1541,0.155,0.0868,0.1385,0.1195,0.094
2191,The Relationship Between Competitive Orientation and Achievement in the Iraqi Basketball League,2012,PubMed/Crossref,,3,anxiety;psychological,0.126,0.0384,0.2853,0.037,0.2593,0.2058,0.016,0.0323
2192,Using physical exercises to develop strength tolerance and its impact on the concentration of the enzyme ( LDH) in basketball players,2012,PubMed/Crossref,,1,stress,0.349,0.024,0.2481,0.0934,0.0659,0.1939,0.0087,0.0169
2193,"Aerobic exercise enhances executive function and academic achievement in sedentary, overweight children aged 7-11 years.",2011,PubMed/Crossref,,1,attention;cognition;cognitive,0.6113,0.108,0.0143,0.0322,0.0283,0.1389,0.0043,0.0627
2194,"Assessment of anthropological, physical and functional indices in sportsmen (basketball players) against the background of high physical loading.",2011,PubMed/Crossref,,2,mood,0.2118,0.3817,0.1139,0.0399,0.1184,0.071,0.0282,0.0351
2195,Development of a new scale for perceived self-efficacy in manual wheeled mobility: a pilot study.,2011,PubMed/Crossref,,8,self-efficacy,0.145,0.0554,0.069,0.3337,0.0108,0.041,0.0092,0.3358
2196,Home advantage in professional tennis.,2011,PubMed/Crossref,,1,attention,0.2041,0.1486,0.1479,0.1651,0.1095,0.0996,0.0292,0.096
2197,Markers of bone turnover across a competitive season in female athletes: a preliminary investigation.,2011,PubMed/Crossref,,6,stress,0.1728,0.1965,0.1194,0.0726,0.0146,0.291,0.1125,0.0206
2198,Personality and Mood in Women’s Paralympic Basketball Champions,2011,PubMed/Crossref,,3,anxiety;depressed;mood;personality,0.0918,0.0456,0.3369,0.1406,0.121,0.1573,0.0683,0.0385
2199,Psychological profiling of young female handball and basketball players – a pilot study,2011,PubMed/Crossref,,4,personality;psychological,0.0652,0.0277,0.1308,0.5,0.014,0.0427,0.1078,0.1118
2200,Rate and risk of anterior cruciate ligament injury among sportswomen in Slovenia.,2011,PubMed/Crossref,,4,attention,0.0484,0.0768,0.0641,0.5889,0.0112,0.1253,0.0699,0.0154
2201,Spectator motives and points of attachment: an investigation on professional basketball.,2011,PubMed/Crossref,,2,motivation,0.1675,0.375,0.1761,0.0232,0.0338,0.0344,0.0573,0.1328
2202,What is really a nonobstructive hypertrophic cardiomyopathy? The importance of orthostatic factor in exercise echocardiography.,2011,PubMed/Crossref,,1,stress,0.2675,0.1051,0.0254,0.0904,0.1424,0.1321,0.2188,0.0182
2203,Why do they engage in such hard programs? The search for excellence in youth basketball.,2011,PubMed/Crossref,,1,decision;expertise;motivation,0.2551,0.0441,0.2188,0.0154,0.0402,0.228,0.0457,0.1528
2204,A Field Test of the Influence of Pre-Game Imagery on Basketball Free Throw Shooting,2010,PubMed/Crossref,,1,attention;imagery,0.3398,0.0698,0.195,0.0372,0.019,0.1739,0.0161,0.1492
2205,A single-case experimental analysis of the effects of ambient prism lenses for an adolescent with developmental disabilities.,2010,PubMed/Crossref,,1,cognitive;mental,0.4648,0.0387,0.1408,0.0795,0.019,0.0917,0.016,0.1496
2206,Academic Progress Reports: Leadership Implications for College Basketball Coaches,2010,PubMed/Crossref,,1,leadership,0.4072,0.0463,0.0254,0.1262,0.0113,0.3205,0.0079,0.0552
2207,Blood glucose levels and performance in a sports cAMP for adolescents with type 1 diabetes mellitus: a field study.,2010,PubMed/Crossref,,1,cognition;cognitive,0.3737,0.0672,0.0408,0.1079,0.0869,0.1638,0.0137,0.1461
2208,"Differences in strength and conditioning coach self-perception of leadership style behaviors at the National Basketball Association, Division I-A, and Division II levels.",2010,PubMed/Crossref,,6,emotional;leadership;perception;psychological;well-being,0.0639,0.0445,0.287,0.1271,0.0068,0.4415,0.0055,0.0237
2209,Effect of attending to a ball during a side-cut maneuver on lower extremity biomechanics in male and female athletes.,2010,PubMed/Crossref,,1,attention,0.3989,0.0184,0.04,0.0965,0.0949,0.0556,0.2751,0.0207
2210,Evaluation of injury and fatality risk in rock and ice climbing.,2010,PubMed/Crossref,,4,perception,0.1516,0.0937,0.0186,0.4753,0.0111,0.1743,0.0075,0.0677
2211,Game related statistics which discriminate between winning and losing under-16 male basketball games.,2010,PubMed/Crossref,,6,decision,0.1003,0.1275,0.2724,0.047,0.0109,0.3042,0.1211,0.0165
2212,Interactive effects of team cohesion on perceived efficacy in semi-professional sport.,2010,PubMed/Crossref,,6,cohesion;perception;self-efficacy,0.1346,0.025,0.113,0.0244,0.0127,0.3919,0.2189,0.0796
2213,Motivational cluster profiles of adolescent athletes: an examination of differences in physical-self perception.,2010,PubMed/Crossref,,3,motivated;motivation;motivational;perception,0.2755,0.0385,0.2896,0.046,0.0112,0.0368,0.0578,0.2447
2214,Occurrence rates and predictors of lower urinary tract symptoms and incontinence in female athletes.,2010,PubMed/Crossref,,4,stress,0.1639,0.1049,0.2191,0.2971,0.1243,0.0609,0.0107,0.0191
2215,Oral vitamin C and E combination modulates blood lipid peroxidation and antioxidant vitamin levels in maximal exercising basketball players.,2010,PubMed/Crossref,,1,stress,0.2926,0.1634,0.0914,0.029,0.2459,0.0726,0.0128,0.0923
2216,Profile of weekly training load in elite male professional basketball players.,2010,PubMed/Crossref,,3,psychological;stress,0.1742,0.223,0.3276,0.0515,0.0169,0.1254,0.0544,0.0269
2217,Psycho-social correlates of basketball performance at national level,2010,PubMed/Crossref,,8,anxiety;confidence;motivation;motivations;psychological,0.1283,0.2189,0.0946,0.0394,0.1102,0.0553,0.019,0.3343
2218,Psychometric properties of the Belgian coach version of the coach-athlete relationship questionnaire (CART-Q).,2010,PubMed/Crossref,,6,leadership,0.1135,0.0402,0.0385,0.0347,0.0182,0.3887,0.0165,0.3496
2219,Retear of anterior cruciate ligament grafts in female basketball players: a case series.,2010,PubMed/Crossref,,4,attention,0.082,0.0696,0.1378,0.3305,0.0568,0.1623,0.1457,0.0154
2220,Talocalcaneal coalition in a 15 year old female basketball player.,2010,PubMed/Crossref,,1,stress,0.3177,0.168,0.0508,0.1274,0.0402,0.0422,0.1803,0.0734
2221,Testosterone and cortisol changes in professional basketball players through a season competition.,2010,PubMed/Crossref,,2,stress,0.1752,0.3677,0.0696,0.0322,0.1997,0.0805,0.0142,0.0609
2222,"An Investigation of the Relationship Between Mindfulness, Preshot Routine, and Basketball Free Throw Percentage",2009,PubMed/Crossref,,3,anxiety;arousal;mindfulness,0.2787,0.0867,0.3192,0.0387,0.027,0.094,0.0561,0.0995
2223,Attentional mechanisms in sports via brain-electrical event-related potentials.,2009,PubMed/Crossref,,1,attention;attentional;cognition;decision-making,0.5324,0.0332,0.157,0.1189,0.017,0.1012,0.0142,0.026
2224,Commotio cordis and the epidemiology of sudden death in competitive lacrosse.,2009,PubMed/Crossref,,1,attention,0.1974,0.1819,0.0706,0.1864,0.0118,0.1584,0.1129,0.0807
2225,Differences in ball sports athletes speed discrimination skills before and after exercise induced fatigue.,2009,PubMed/Crossref,,1,cognitive;decision-making;decisions,0.5572,0.0894,0.0138,0.0968,0.0402,0.1596,0.0335,0.0095
2226,Grape extract improves antioxidant status and physical performance in elite male athletes.,2009,PubMed/Crossref,,2,stress,0.2264,0.3532,0.0843,0.0474,0.123,0.1528,0.0047,0.0082
2227,Is there a gender difference in concussion incidence and outcomes?,2009,PubMed/Crossref,,4,psychological,0.1151,0.0351,0.0515,0.3574,0.2942,0.0756,0.0157,0.0553
2228,Lower-extremity strength profiles and gender-based classification of basketball players ages 9-22 years.,2009,PubMed/Crossref,,3,cognition,0.1607,0.0479,0.3073,0.2522,0.0614,0.0497,0.1014,0.0194
2229,Multiple-choice reaction and visual perception in female and male elite athletes.,2009,PubMed/Crossref,,7,perception,0.164,0.0381,0.1168,0.0361,0.1422,0.1321,0.3369,0.0338
2230,Paths to expertise in portuguese national team athletes.,2009,PubMed/Crossref,,1,expertise,0.435,0.059,0.0472,0.0226,0.01,0.3139,0.0299,0.0824
2231,Self-determined motivation and students' physical activity during structured physical education lessons and free choice periods.,2009,PubMed/Crossref,,8,motivation,0.1349,0.0895,0.0723,0.0236,0.0114,0.1778,0.0101,0.4805
2232,Signage vs. No Signage: An Analysis of Sponsorship Recognition in Women's College Basketball,2009,PubMed/Crossref,,1,cognition,0.3481,0.2016,0.1504,0.1375,0.011,0.0591,0.0299,0.0623
2233,The Effects of a Video-Aided Imagery Intervention upon Collective Efficacy in an International Paralympic Wheelchair Basketball Team,2009,PubMed/Crossref,,6,imagery;motivational;self-efficacy,0.1152,0.0572,0.1192,0.1463,0.0438,0.3536,0.0134,0.1512
2234,The impact of urinary stress incontinence in young and middle-age women practising recreational sports activity: an epidemiological study.,2009,PubMed/Crossref,,1,stress,0.3293,0.1473,0.0686,0.2711,0.0347,0.0985,0.0328,0.0178
2235,The influence of parenting practices and parental presence on children's and adolescents' pre-competitive anxiety.,2009,PubMed/Crossref,,5,anxiety,0.1991,0.0736,0.2167,0.1374,0.2832,0.0488,0.0148,0.0264
2236,Website Coverage of NCAA Basketball: Are Women Getting Equal Playing Time?,2009,PubMed/Crossref,,4,attention,0.1497,0.2605,0.0739,0.2831,0.0163,0.0777,0.0137,0.1251
2237,“Fixing the Mess”: A Grounded Theory of a Men’s Basketball Coaching Staff’s Suffering as a Result of Academic Corruption,2009,PubMed/Crossref,,6,stress,0.1631,0.1146,0.0352,0.225,0.0127,0.322,0.0382,0.0891
2238,Adapted recreational and sports programs for children with disabilities: A decade of experience.,2008,PubMed/Crossref,,6,cognition;leadership;psychological;well-being,0.1892,0.0762,0.0373,0.1841,0.0076,0.4131,0.0388,0.0537
2239,Closed posteromedial dislocation of the ankle without fracture: a case report.,2008,PubMed/Crossref,,1,stress,0.2335,0.0853,0.0436,0.1736,0.0654,0.1433,0.222,0.0332
2240,Design and interpretation of anthropometric and fitness testing of basketball players.,2008,PubMed/Crossref,,6,psychological,0.1804,0.0811,0.2208,0.0162,0.1263,0.2618,0.0076,0.1058
2241,Game-related statistics that discriminated winning and losing teams from the Spanish men's professional basketball teams.,2008,PubMed/Crossref,,3,cognitive,0.1663,0.1593,0.287,0.0242,0.0124,0.1691,0.1627,0.019
2242,Neuropsychological test performance of Hawai'i high school athletes: Hawai'i ImPACT normative data.,2008,PubMed/Crossref,,5,cognitive;psychological,0.1747,0.1598,0.0553,0.0774,0.2235,0.133,0.0102,0.1662
2243,Seasonal progression and variability of repeat-effort line-drill performance in elite junior basketball players.,2008,PubMed/Crossref,,6,confidence,0.209,0.155,0.1549,0.0347,0.0811,0.2373,0.0128,0.1151
2244,Serum cardiac troponin response in adolescents playing basketball.,2008,PubMed/Crossref,,2,stress,0.1728,0.1731,0.1402,0.1369,0.1574,0.0777,0.0137,0.1283
2245,Sport-specific decision-making in a Go/NoGo reaction task: difference among nonathletes and baseball and basketball players.,2008,PubMed/Crossref,,6,decision-making;expertise,0.1682,0.1382,0.0971,0.0325,0.1869,0.2268,0.0142,0.136
2246,The effect of regular long term training on antioxidant enzymatic activities.,2008,PubMed/Crossref,,1,stress,0.4285,0.1395,0.1553,0.031,0.0165,0.1892,0.0137,0.0261
2247,The impact of a 17-day training period for an international championship on mucosal immune parameters in top-level basketball players and staff members.,2008,PubMed/Crossref,,2,stress,0.2062,0.2374,0.1297,0.1071,0.1377,0.1231,0.0382,0.0206
2248,Athlete characteristics and outcome scores for computerized neuropsychological assessment: a preliminary analysis.,2007,PubMed/Crossref,,1,psychological,0.2952,0.0906,0.0214,0.1794,0.2057,0.0584,0.0762,0.0731
2249,"Biochemical assessments of retinol, alpha-tocopherol, pyridoxal--5-phosphate oxidative stress index and total antioxidant status in adolescent professional basketball players and sedentary controls.",2007,PubMed/Crossref,,2,stress,0.2743,0.4396,0.1226,0.0547,0.0137,0.035,0.0404,0.0196
2250,Comparing perceived and objectively measured access to recreational facilities as predictors of physical activity in adolescent girls.,2007,PubMed/Crossref,,1,perception,0.3009,0.1734,0.2754,0.0212,0.009,0.135,0.0252,0.06
2251,Dehydration impairs vigilance-related attention in male basketball players.,2007,PubMed/Crossref,,1,attention;attentional,0.4663,0.05,0.075,0.1144,0.1314,0.1223,0.0148,0.0259
2252,Effects of a motivational climate inntervention for coaches on young athletes' sport performance anxiety.,2007,PubMed/Crossref,,8,anxiety;cognitive;motivational,0.0944,0.0358,0.0568,0.0347,0.2432,0.2433,0.017,0.2749
2253,Examples of sports-based youth development programs.,2007,PubMed/Crossref,,6,decision-making;leadership;resilient,0.1357,0.0411,0.0876,0.0497,0.0075,0.5473,0.0615,0.0696
2254,Increased number of forced repetitions does not enhance strength development with resistance training.,2007,PubMed/Crossref,,3,confidence,0.2284,0.1325,0.3654,0.0133,0.0585,0.0746,0.0052,0.1222
2255,Is movement variability important for sports biomechanists?,2007,PubMed/Crossref,,1,cognitive,0.6807,0.0185,0.0599,0.0772,0.044,0.0731,0.0339,0.0126
2256,Prevention of traumatic dental lesions: cognitive research on the role of mouthguards during sport activities in paediatric age.,2007,PubMed/Crossref,,1,cognitive,0.4705,0.0606,0.0875,0.108,0.1207,0.0993,0.0251,0.0282
2257,Structured physical activity and psychosocial correlates in middle-school girls.,2007,PubMed/Crossref,,8,self-efficacy,0.1673,0.0892,0.0204,0.077,0.0172,0.1594,0.0276,0.4418
2258,The Commercialising of British Men’s Basketball: Psychological Contracts Between Coaches and Players in the Post-Bosman Game.,2007,PubMed/Crossref,,6,confidence;psychological,0.189,0.0329,0.1573,0.0695,0.0869,0.4228,0.0137,0.028
2259,"The effect of basketball training on the players' erythrocyte membrane acetylcholinesterase, (Na+,K+)-ATPase and Mg2+-ATPase activities.",2007,PubMed/Crossref,,1,stress,0.3246,0.2157,0.0847,0.064,0.152,0.0426,0.0473,0.069
2260,Ankle dislocation without accompanying malleolar fracture. A case report.,2006,PubMed/Crossref,,7,stress,0.1828,0.1135,0.0284,0.1136,0.0426,0.0413,0.4577,0.0201
2261,"Basketball, Zapatistas, and Other Racial Subjects",2006,PubMed/Crossref,,4,emotional;identity,0.2116,0.1633,0.186,0.243,0.0227,0.0591,0.0194,0.0949
2262,Brief communication: Cardiovascular screening practices of major North American professional sports teams.,2006,PubMed/Crossref,,1,stress,0.3565,0.2507,0.0997,0.0819,0.0098,0.069,0.0793,0.0531
2263,Determine standard levels of some physical abilities according to youth basketball play centers,2006,PubMed/Crossref,,6,motivate;psychological,0.2005,0.0719,0.1474,0.0639,0.0152,0.26,0.0139,0.2272
2264,Evaluation of morphological plasticity in the cerebella of basketball players with MRI.,2006,PubMed/Crossref,,1,motor,0.4038,0.0572,0.0656,0.1442,0.0753,0.0405,0.0117,0.2018
2265,Fifth metatarsal stress fractures in elite basketball players: evaluation of forces acting on the fifth metatarsal.,2006,PubMed/Crossref,,7,stress,0.1511,0.0628,0.0321,0.0645,0.0934,0.1194,0.3424,0.1343
2266,"Leading With The Heart: Coach K’S Successful Strategies for Basketball, Business and Life",2006,PubMed/Crossref,,6,leadership,0.12,0.1212,0.0597,0.197,0.0283,0.4093,0.0238,0.0407
2267,Nonlinear pedagogy: a constraints-led framework for understanding emergence of game play and movement skills.,2006,PubMed/Crossref,,1,decision,0.4342,0.1217,0.044,0.1246,0.0141,0.1294,0.1047,0.0273
2268,Role of MRI in prevention of metatarsal stress fractures in collegiate basketball players.,2006,PubMed/Crossref,,7,stress,0.1468,0.1862,0.037,0.1093,0.0191,0.12,0.3563,0.0253
2269,Stress fractures of the femur after ACL reconstruction with transfemoral fixation.,2006,PubMed/Crossref,,7,stress,0.1838,0.0257,0.0475,0.2242,0.0979,0.0983,0.303,0.0194
2270,The beneficial effect of L-cysteine supplementation on DNA oxidation induced by forced training.,2006,PubMed/Crossref,,1,stress,0.2226,0.146,0.0975,0.2187,0.196,0.0806,0.0142,0.0244
2271,"When ""where"" is more important than ""when"": birthplace and birthdate effects on the achievement of sporting expertise.",2006,PubMed/Crossref,,3,expertise,0.1815,0.1736,0.2731,0.1137,0.0152,0.1621,0.0131,0.0677
2272,"Who should worry for the ""worried well""? Analysis of mild casualties center drills in non-conventional scenarios.",2006,PubMed/Crossref,,1,mental;stress,0.2267,0.1702,0.0676,0.1866,0.0279,0.1661,0.0839,0.071
2273,"A cross-cultural analysis of positive illusions and sport performance levels in American, Croatian, and Norwegian basketball players.",2005,PubMed/Crossref,,1,cognitive,0.2773,0.0412,0.2186,0.0414,0.0198,0.2709,0.0595,0.0713
2274,Anterior cruciate ligament injury in national collegiate athletic association basketball and soccer: a 13-year review.,2005,PubMed/Crossref,,4,attention,0.0895,0.0532,0.0417,0.6493,0.0081,0.1266,0.0056,0.026
2275,Carbohydrate feedings during team sport exercise preserve physical and CNS function.,2005,PubMed/Crossref,,1,cognitive;mood,0.474,0.2315,0.102,0.0215,0.0468,0.0723,0.0406,0.0113
2276,Leg stiffness and expertise in men jumping.,2005,PubMed/Crossref,,1,expertise,0.4447,0.1205,0.0409,0.0376,0.1812,0.0723,0.0673,0.0355
2277,Patterns of cardiovascular and ventilatory response to maximal cardiopulmonary test in elite basketball players.,2005,PubMed/Crossref,,2,stress,0.2904,0.3417,0.2135,0.018,0.0536,0.0428,0.0076,0.0324
2278,Quantifying the federal minimal risk standard: implications for pediatric research without a prospect of direct benefit.,2005,PubMed/Crossref,,4,psychological,0.3469,0.0724,0.0178,0.4332,0.0395,0.05,0.0274,0.0127
2279,Relation to some aspects of attention to the threat of jumping the basketball,2005,PubMed/Crossref,,1,attention;mental;psychological,0.5686,0.0736,0.1131,0.0332,0.0169,0.1185,0.0508,0.0252
2280,Sudden cardiac death due to physical exercise in male competitive athletes. A report of six cases.,2005,PubMed/Crossref,,2,stress,0.2681,0.3354,0.0668,0.0983,0.1179,0.0436,0.0473,0.0227
2281,"Acute effects of short duration maximal endurance exercise on lipid, phospholipid and lipoprotein levels.",2004,PubMed/Crossref,,1,stress,0.5433,0.2854,0.0838,0.0208,0.0111,0.0304,0.0092,0.0162
2282,Analysis of Sociomotivations Affecting Spectator Attendance at Women's Professional Basketball Games in South Korea,2004,PubMed/Crossref,,2,motivation;motivations,0.1191,0.4206,0.0357,0.1715,0.0169,0.044,0.0969,0.0953
2283,Cardiovascular stress on an elite basketball referee during national competition.,2004,PubMed/Crossref,,2,stress,0.297,0.3074,0.1538,0.0806,0.0247,0.0819,0.0203,0.0344
2284,Individual differences of action orientation for risktaking in sports.,2004,PubMed/Crossref,,1,attention;cognitive;decision,0.4297,0.0728,0.039,0.1136,0.174,0.1226,0.0329,0.0154
2285,Intense basketball-simulated exercise induces muscle damage in men with elevated anterior compartment pressure.,2004,PubMed/Crossref,,1,perception,0.2268,0.1949,0.0652,0.1297,0.2203,0.0486,0.0682,0.0462
2286,Perceived importance of weight training to selected NCAA Division III men and women student-athletes.,2004,PubMed/Crossref,,1,perception,0.2563,0.0406,0.1487,0.2064,0.0782,0.2044,0.0289,0.0365
2287,Self-consciousness and trait anxiety as predictors of choking in sport.,2004,PubMed/Crossref,,3,anxiety;choking,0.1216,0.1184,0.299,0.0383,0.1729,0.2066,0.0154,0.0279
2288,Sudden cardiac death: ethical considerations in the return to play.,2004,PubMed/Crossref,,1,decision;decision-making;decisions,0.408,0.081,0.0746,0.133,0.012,0.2164,0.0097,0.0653
2289,A study of the effects on the ovarian cycle of athletic training in different sports.,2003,PubMed/Crossref,,1,psychological,0.3894,0.0317,0.1473,0.1244,0.1797,0.0907,0.017,0.0198
2290,"Epidemiology of medically treated sport and active recreation injuries in the Latrobe Valley, Victoria, Australia.",2003,PubMed/Crossref,,4,attention,0.2184,0.1631,0.0291,0.3006,0.0072,0.2378,0.034,0.0099
2291,Evaluation of neuropsychological domain scores and postural stability following cerebral concussion in sports.,2003,PubMed/Crossref,,1,attention;decisions;psychological,0.3237,0.0555,0.0591,0.1007,0.2602,0.0297,0.1205,0.0506
2292,Human kinematics and event control: on-line movement registration as a means for experimental manipulation.,2003,PubMed/Crossref,,1,cognition;perception;perceptual,0.4118,0.1375,0.1059,0.1456,0.0306,0.1239,0.0082,0.0364
2293,Impact of training patterns on incidence of illness and injury during a women's collegiate basketball season.,2003,PubMed/Crossref,,3,stress,0.1847,0.0958,0.3492,0.2308,0.0123,0.0643,0.0465,0.0164
2294,"Sports and recreation related injury episodes in the US population, 1997-99.",2003,PubMed/Crossref,,4,attention,0.2532,0.1363,0.0097,0.3684,0.0042,0.1975,0.0231,0.0075
2295,Carbohydrates and physical/mental performance during intermittent exercise to fatigue.,2002,PubMed/Crossref,,1,mental;mood,0.3329,0.2506,0.1585,0.0649,0.0791,0.0765,0.0072,0.0304
2296,Catastrophic pediatric sports injuries.,2002,PubMed/Crossref,,4,attention,0.238,0.0309,0.0858,0.3434,0.1179,0.0457,0.0732,0.065
2297,Differences between winning and defeated top quality basketball teams in final tournaments of European club championship.,2002,PubMed/Crossref,,6,confidence;decision-making,0.1644,0.1382,0.1413,0.0623,0.034,0.3617,0.0666,0.0316
2298,Effect of mouthguards on dental injuries and concussions in college basketball.,2002,PubMed/Crossref,,4,perception,0.0539,0.0321,0.1872,0.3662,0.128,0.1863,0.0066,0.0397
2299,Effect of verbal instructions and image size on visual search strategies in basketball free throw shooting.,2002,PubMed/Crossref,,1,attentional,0.7078,0.0581,0.0216,0.0183,0.0617,0.0264,0.0647,0.0414
2300,"Physiological responses to high-speed, open-wheel racecar driving.",2002,PubMed/Crossref,,2,emotional;stress;stresses,0.1934,0.4499,0.0534,0.0277,0.029,0.0525,0.0117,0.1825
2301,Side-to-side comparisons of bone mineral density in upper and lower limbs of collegiate athletes.,2002,PubMed/Crossref,,1,cognition;stress,0.2684,0.0856,0.16,0.1545,0.1961,0.0387,0.0697,0.0269
2302,Team cohesion and team success in sport.,2002,PubMed/Crossref,,6,cohesion;perception,0.1623,0.0469,0.0898,0.088,0.0217,0.3775,0.0746,0.1391
2303,Women’s and Men’s Basketball: A Comparison of Sport Consumption Motivations,2002,PubMed/Crossref,,3,motivations,0.159,0.1705,0.37,0.16,0.0124,0.0988,0.0104,0.0189
2304,"Acute exercise: response of HDL-C, LDL-C lipoproteins and HDL-C subfractions levels in selected sport disciplines.",2001,PubMed/Crossref,,1,stress,0.5202,0.2225,0.1382,0.0466,0.0139,0.0303,0.0116,0.0168
2305,"Correlation of anthropometric measurements, strength, anterior cruciate ligament size, and intercondylar notch characteristics to sex differences in anterior cruciate ligament tear rates.",2001,PubMed/Crossref,,2,stress,0.094,0.2403,0.1454,0.1413,0.1338,0.1418,0.0703,0.0331
2306,"Effects of alpha-tocopherol, beta-carotene and ascorbic acid on oxidative, hormonal and enzymatic exercise stress markers in habitual training activity of professional basketball players.",2001,PubMed/Crossref,,1,stress,0.3026,0.1874,0.1435,0.0681,0.1945,0.0508,0.009,0.0441
2307,Expert model of decision-making system for efficient orientation of basketball players to positions and roles in the game--empirical verification.,2001,PubMed/Crossref,,6,decision-making,0.1886,0.0876,0.0771,0.0181,0.0677,0.5166,0.0079,0.0364
2308,The Social Values of Fans for Men's versus Women's University Basketball,2001,PubMed/Crossref,,6,attitudes;motivations;psychological;satisfaction,0.208,0.0871,0.1601,0.1721,0.0098,0.2351,0.0296,0.0982
2309,Wheelchair propulsion biomechanics: implications for wheelchair sports.,2001,PubMed/Crossref,,4,attention,0.295,0.0167,0.0349,0.3225,0.0415,0.1203,0.1379,0.0312
2310,Aortic root dilatation among young competitive athletes: echocardiographic screening of 1929 athletes between 15 and 34 years of age.,2000,PubMed/Crossref,,4,cognition,0.2074,0.1748,0.1333,0.2155,0.0207,0.1967,0.0174,0.0342
2311,Characteristics and etiology of exercise-related transient abdominal pain.,2000,PubMed/Crossref,,6,stress,0.2059,0.1167,0.0374,0.2409,0.0131,0.3269,0.0393,0.0198
2312,Links to Literature: Basketball Math,2000,PubMed/Crossref,,6,confidence,0.2235,0.0523,0.1651,0.0507,0.0266,0.282,0.0231,0.1767
2313,Nutrition antioxidant status and oxidative stress in professional basketball players: effects of a three compound antioxidative supplement.,2000,PubMed/Crossref,,2,stress,0.2007,0.2794,0.1227,0.0303,0.1858,0.1433,0.014,0.0238
2314,Physiotherapists' and male professional athletes' views on psychological skills for rehabilitation.,2000,PubMed/Crossref,,3,imagery;motivation;psychological,0.0879,0.0672,0.2812,0.0979,0.0152,0.2332,0.1505,0.0668
2315,Predicting success in junior elite basketball players--the contribution of anthropometic and physiological attributes.,2000,PubMed/Crossref,,6,attention,0.1604,0.1356,0.1574,0.0228,0.0121,0.4579,0.0358,0.018
2316,Quality of life in women with urinary tract infections: is benign disease a misnomer?,2000,PubMed/Crossref,,4,emotional;perception;well-being,0.0858,0.1121,0.1041,0.2529,0.111,0.2497,0.0258,0.0588
2317,Relationship between serum growth hormone binding protein levels and height in young men.,2000,PubMed/Crossref,,5,attention,0.1959,0.1354,0.0892,0.1387,0.2831,0.096,0.0117,0.05
2318,System of the performance evaluation criteria weighted per positions in the basketball game.,2000,PubMed/Crossref,,6,expertise,0.3137,0.1091,0.1353,0.0131,0.0393,0.3587,0.0058,0.025
2319,Using bone's adaptation ability to lower the incidence of stress fractures.,2000,PubMed/Crossref,,7,stresses,0.1426,0.1166,0.0876,0.0472,0.0354,0.1492,0.3704,0.051
2320,An examination of mood changes and performance in a professional basketball team.,1999,PubMed/Crossref,,3,depression;mood,0.2326,0.0272,0.4037,0.0219,0.1216,0.1046,0.0469,0.0413
2321,Effects of Reasons Analysis on the Accuracy of Predicting Basketball Games 1,1999,PubMed/Crossref,,1,expertise,0.7466,0.065,0.036,0.0295,0.0144,0.0438,0.012,0.0526
2322,Obsessive-compulsive disorder and anorexia nervosa in a high school athlete: a case report.,1999,PubMed/Crossref,,3,anxiety,0.1856,0.1659,0.217,0.0754,0.1563,0.0533,0.1303,0.0161
2323,The effects of cognitive and somatic anxiety and self-confidence on components of performance during competition.,1999,PubMed/Crossref,,5,anxiety;cognitive;confidence,0.1084,0.1675,0.2586,0.0617,0.2677,0.0989,0.0124,0.0247
2324,"Arrhythmias and sudden cardiac death in elite athletes. American College of Cardiology, 16th Bethesda Conference.",1998,PubMed/Crossref,,1,decision-making;decisions;psychological,0.3758,0.0652,0.0397,0.1522,0.0285,0.2289,0.0081,0.1018
2325,Oral contraceptive use among female elite athletes and age-matched controls and its relation to low back pain.,1997,PubMed/Crossref,,4,stress,0.1806,0.0492,0.0997,0.4775,0.04,0.0795,0.01,0.0636
2326,Pelvic stress injuries: the relationship between osteitis pubis (symphysis pubis stress injury) and sacroiliac abnormalities in athletes.,1997,PubMed/Crossref,,7,cognition;stress;stresses,0.0728,0.0865,0.0695,0.3267,0.0068,0.0173,0.4108,0.0096
2327,Personal and situational factors that predict coping strategies for acute stress among basketball referees.,1997,PubMed/Crossref,,8,cognitive;coping;stress;stressful,0.097,0.0995,0.149,0.096,0.0354,0.0862,0.0096,0.4273
2328,Crisis-related observations in competition: a case study in basketball.,1996,PubMed/Crossref,,1,psychological,0.2245,0.1619,0.2172,0.1736,0.019,0.1603,0.0161,0.0274
2329,Managing Successive Minor Head Injuries.,1996,PubMed/Crossref,,4,cognitive;psychological,0.1668,0.2015,0.1171,0.3647,0.019,0.0825,0.016,0.0324
2330,Managing successive minor head injuries: which tests guide return to play?,1996,PubMed/Crossref,,4,cognitive;psychological,0.1668,0.1604,0.1171,0.4053,0.0194,0.0825,0.016,0.0324
2331,Stress and performance: an application of Gray's three-factor arousal theory to basketball free-throw shooting.,1996,PubMed/Crossref,,2,arousal;stress,0.1725,0.2459,0.1066,0.2163,0.0184,0.1286,0.0507,0.0609
2332,A Profile of Ground Reaction Forces in Professional Basketball,1994,PubMed/Crossref,,1,stress;stresses,0.208,0.1139,0.0317,0.1474,0.1724,0.1392,0.1673,0.0201
2333,Basketball performance as a function of scores on profile of mood states.,1994,PubMed/Crossref,,3,mood,0.2148,0.0705,0.3726,0.1383,0.0346,0.0901,0.0292,0.0499
2334,Influence of Gender of Coach on Perceptions of Basketball and Coaching Self-Efficacy and Aspirations of High School Female Basketball Players,1994,PubMed/Crossref,,6,self-efficacy,0.1265,0.0857,0.1359,0.0944,0.019,0.269,0.0161,0.2534
2335,Magic Johnson and public attitudes toward AIDS: a review of empirical findings.,1994,PubMed/Crossref,,6,attitudes;perception;psychological,0.2035,0.1968,0.1297,0.1249,0.0545,0.2404,0.0132,0.0371
2336,"THE DREAM TEAM, COMMUNICATIVE DIRT, AND THE MARKETING OF SYNERGY: USA BASKETBALL AND CROSS-MERCHANDISING IN TELEVISION COMMERCIALS",1994,PubMed/Crossref,,1,attention,0.1988,0.1613,0.1138,0.1685,0.0169,0.187,0.0148,0.1389
2337,The effects of equipment modification on children's self-efficacy and basketball shooting performance.,1994,PubMed/Crossref,,1,self-efficacy,0.5868,0.0292,0.1046,0.0571,0.02,0.0372,0.012,0.1531
2338,Basketball injuries of the foot and ankle.,1993,PubMed/Crossref,,4,stress,0.1114,0.2102,0.0418,0.2518,0.1054,0.0587,0.188,0.0328
2339,Comparative study of therapies for fibular ligament rupture of the lateral ankle joint in competitive basketball players.,1993,PubMed/Crossref,,7,stress,0.1585,0.1663,0.021,0.2399,0.0531,0.0975,0.2492,0.0144
2340,Competitive athletes: preinjury and postinjury mood state and self-esteem.,1993,PubMed/Crossref,,4,depression;mood;stress,0.0808,0.0694,0.2,0.3037,0.1787,0.04,0.0082,0.119
2341,HIV and Sports: What Is the Risk?,1993,PubMed/Crossref,,2,anxiety;fear,0.1667,0.1857,0.1078,0.1242,0.1011,0.1671,0.0617,0.0857
2342,Increased life expectancy of world class male athletes.,1993,PubMed/Crossref,,4,confidence,0.1611,0.1331,0.0959,0.262,0.0583,0.1138,0.0795,0.0962
2343,Laryngeal fracture in a high school football player.,1993,PubMed/Crossref,,4,attention,0.1599,0.0711,0.1054,0.3776,0.09,0.0843,0.0508,0.0609
2344,Overuse injuries of the knee in basketball.,1993,PubMed/Crossref,,4,attention,0.1416,0.0948,0.1245,0.3041,0.0227,0.0624,0.1666,0.0834
2345,Special considerations in the medical management of professional basketball players.,1993,PubMed/Crossref,,2,stress,0.0747,0.2191,0.1473,0.0661,0.1084,0.149,0.0562,0.1792
2346,The adolescent basketball player.,1993,PubMed/Crossref,,1,attention;cognition;emotions,0.5325,0.0382,0.0413,0.162,0.0673,0.0773,0.016,0.0654
2347,The effects of competitive anxiety on memory span and rebound shooting tasks in basketball players.,1993,PubMed/Crossref,,5,anxiety;arousal;cognitive,0.1567,0.0545,0.117,0.0814,0.296,0.0728,0.1525,0.0692
2348,Back school programs. The young patient.,1992,PubMed/Crossref,,1,motivation,0.3786,0.1389,0.0585,0.0698,0.0906,0.0467,0.1275,0.0894
2349,Cognitive strategies of university athletes.,1992,PubMed/Crossref,,3,cognitive;confidence;imagery;satisfaction,0.2474,0.0375,0.2737,0.1338,0.0158,0.191,0.0133,0.0876
2350,Physical Contact in Women's Basketball: A Phenomenological Construction and Contextualization,1992,PubMed/Crossref,,1,emotionality;emotions,0.3032,0.2187,0.0281,0.1059,0.0115,0.1231,0.0098,0.1997
2351,A catastrophe model of anxiety and performance.,1991,PubMed/Crossref,,5,anxiety;arousal;cognitive,0.1208,0.2561,0.0365,0.0336,0.3338,0.1406,0.049,0.0296
2352,Attentional Style and Basketball Performance,1991,PubMed/Crossref,,8,anxiety;attention;attentional,0.2463,0.0893,0.0471,0.0412,0.0238,0.1888,0.0182,0.3452
2353,Comparison of mood states of college able-bodied and wheelchair basketball players.,1991,PubMed/Crossref,,3,mental;mood,0.115,0.0523,0.3529,0.11,0.0271,0.1846,0.0224,0.1357
2354,Concussion in sports. Guidelines for the prevention of catastrophic outcome.,1991,PubMed/Crossref,,4,attention;mental,0.1543,0.131,0.087,0.3261,0.1195,0.0858,0.0374,0.0588
2355,Flotation Rest and Imagery in the Improvement of Collegiate Basketball Performance,1991,PubMed/Crossref,,1,imagery,0.2898,0.1429,0.0731,0.1408,0.0377,0.2368,0.0292,0.0499
2356,Injuries in high-risk persons and high-risk sports. A longitudinal study of 1818 school children.,1991,PubMed/Crossref,,4,attention,0.2189,0.0854,0.1128,0.2376,0.0102,0.1626,0.0306,0.1419
2357,The relationship of task and ego orientation to sportsmanship attitudes and the perceived legitimacy of injurious acts.,1991,PubMed/Crossref,,4,attitudes;motivation,0.0819,0.137,0.1023,0.2088,0.1784,0.1278,0.0094,0.1543
